# File produced by Open Asset Import Library (http://www.assimp.sf.net)
# (assimp v5.4.4108939008)

mtllib clinder.mtl

# 3456 vertex positions
v 0.0039929999 2.44500992e-19 0.000500000024
v 0.00349300005 -6.11038008e-19 0
v 0.00348967989 0.000152363005 0
v 0.00398920011 0.000174172004 0.000500000024
v 0.00348967989 0.000152363005 0
v 0.00347971008 0.000304435001 0
v 0.00397781003 0.000348013011 0.000500000024
v 0.00347971008 0.000304435001 0
v 0.00346311997 0.000455928006 0
v 0.00395883992 0.000521190988 0.000500000024
v 0.00346311997 0.000455928006 0
v 0.00343993003 0.000606552989 0
v 0.00393234007 0.000693376991 0.000500000024
v 0.00343993003 0.000606552989 0
v 0.00341019989 0.000756023976 0
v 0.00389835006 0.000864243018 0.000500000024
v 0.00341019989 0.000756023976 0
v 0.00337398006 0.000904055021 0
v 0.00385693996 0.00103346002 0.000500000024
v 0.00337398006 0.000904055021 0
v 0.00333132991 0.00105037005 0
v 0.00380819011 0.00120071997 0.000500000024
v 0.00333132991 0.00105037005 0
v 0.00328235002 0.00119467999 0
v 0.00375218992 0.00136569003 0.000500000024
v 0.00328235002 0.00119467999 0
v 0.00322711002 0.00133670995 0
v 0.00368904998 0.00152805005 0.000500000024
v 0.00322711002 0.00133670995 0
v 0.00316573004 0.00147620996 0
v 0.00361888995 0.00168751006 0.000500000024
v 0.00316573004 0.00147620996 0
v 0.00309832999 0.00161289005 0
v 0.00354183 0.00184376002 0.000500000024
v 0.00309832999 0.00161289005 0
v 0.00302503002 0.00174650003 0
v 0.00345804007 0.00199649995 0.000500000024
v 0.00302503002 0.00174650003 0
v 0.00294597005 0.00187678996 0
v 0.0033676601 0.00214544008 0.000500000024
v 0.00294597005 0.00187678996 0
v 0.00286130002 0.00200350001 0
v 0.00327087007 0.00229029008 0.000500000024
v 0.00286130002 0.00200350001 0
v 0.00277117989 0.00212639989 0
v 0.00316785998 0.00243078009 0.000500000024
v 0.00277117989 0.00212639989 0
v 0.00267579011 0.00224525994 0
v 0.00305882003 0.00256665004 0.000500000024
v 0.00267579011 0.00224525994 0
v 0.00257530995 0.00235984009 0
v 0.00294395001 0.00269763009 0.000500000024
v 0.00257530995 0.00235984009 0
v 0.00246992009 0.00246992009 0
v 0.00282347994 0.00282347994 0.000500000024
v 0.00246992009 0.00246992009 0
v 0.00235984009 0.00257530995 0
v 0.00269763009 0.00294395001 0.000500000024
v 0.00235984009 0.00257530995 0
v 0.00224525994 0.00267579011 0
v 0.00256665004 0.00305882003 0.000500000024
v 0.00224525994 0.00267579011 0
v 0.00212639989 0.00277117989 0
v 0.00243078009 0.00316785998 0.000500000024
v 0.00212639989 0.00277117989 0
v 0.00200350001 0.00286130002 0
v 0.00229029008 0.00327087007 0.000500000024
v 0.00200350001 0.00286130002 0
v 0.00187678996 0.00294597005 0
v 0.00214544008 0.0033676601 0.000500000024
v 0.00187678996 0.00294597005 0
v 0.00174650003 0.00302503002 0
v 0.00199649995 0.00345804007 0.000500000024
v 0.00174650003 0.00302503002 0
v 0.00161289005 0.00309832999 0
v 0.00184376002 0.00354183 0.000500000024
v 0.00161289005 0.00309832999 0
v 0.00147620996 0.00316573004 0
v 0.00168751006 0.00361888995 0.000500000024
v 0.00147620996 0.00316573004 0
v 0.00133670995 0.00322711002 0
v 0.00152805005 0.00368904998 0.000500000024
v 0.00133670995 0.00322711002 0
v 0.00119467999 0.00328235002 0
v 0.00136569003 0.00375218992 0.000500000024
v 0.00119467999 0.00328235002 0
v 0.00105037005 0.00333132991 0
v 0.00120071997 0.00380819011 0.000500000024
v 0.00105037005 0.00333132991 0
v 0.000904055021 0.00337398006 0
v 0.00103346002 0.00385693996 0.000500000024
v 0.000904055021 0.00337398006 0
v 0.000756023976 0.00341019989 0
v 0.000864243018 0.00389835006 0.000500000024
v 0.000756023976 0.00341019989 0
v 0.000606552989 0.00343993003 0
v 0.000693376991 0.00393234007 0.000500000024
v 0.000606552989 0.00343993003 0
v 0.000455928006 0.00346311997 0
v 0.000521190988 0.00395883992 0.000500000024
v 0.000455928006 0.00346311997 0
v 0.000304435001 0.00347971008 0
v 0.000348013011 0.00397781003 0.000500000024
v 0.000304435001 0.00347971008 0
v 0.000152363005 0.00348967989 0
v 0.000174172004 0.00398920011 0.000500000024
v 0.000152363005 0.00348967989 0
v 4.09189002e-18 0.00349300005 0
v 4.67761992e-18 0.0039929999 0.000500000024
v 4.09189002e-18 0.00349300005 0
v -0.000152363005 0.00348967989 0
v -0.000174172004 0.00398920011 0.000500000024
v -0.000152363005 0.00348967989 0
v -0.000304435001 0.00347971008 0
v -0.000348013011 0.00397781003 0.000500000024
v -0.000304435001 0.00347971008 0
v -0.000455928006 0.00346311997 0
v -0.000521190988 0.00395883992 0.000500000024
v -0.000455928006 0.00346311997 0
v -0.000606552989 0.00343993003 0
v -0.000693376991 0.00393234007 0.000500000024
v -0.000606552989 0.00343993003 0
v -0.000756023976 0.00341019989 0
v -0.000864243018 0.00389835006 0.000500000024
v -0.000756023976 0.00341019989 0
v -0.000904055021 0.00337398006 0
v -0.00103346002 0.00385693996 0.000500000024
v -0.000904055021 0.00337398006 0
v -0.00105037005 0.00333132991 0
v -0.00120071997 0.00380819011 0.000500000024
v -0.00105037005 0.00333132991 0
v -0.00119467999 0.00328235002 0
v -0.00136569003 0.00375218992 0.000500000024
v -0.00119467999 0.00328235002 0
v -0.00133670995 0.00322711002 0
v -0.00152805005 0.00368904998 0.000500000024
v -0.00133670995 0.00322711002 0
v -0.00147620996 0.00316573004 0
v -0.00168751006 0.00361888995 0.000500000024
v -0.00147620996 0.00316573004 0
v -0.00161289005 0.00309832999 0
v -0.00184376002 0.00354183 0.000500000024
v -0.00161289005 0.00309832999 0
v -0.00174650003 0.00302503002 0
v -0.00199649995 0.00345804007 0.000500000024
v -0.00174650003 0.00302503002 0
v -0.00187678996 0.00294597005 0
v -0.00214544008 0.0033676601 0.000500000024
v -0.00187678996 0.00294597005 0
v -0.00200350001 0.00286130002 0
v -0.00229029008 0.00327087007 0.000500000024
v -0.00200350001 0.00286130002 0
v -0.00212639989 0.00277117989 0
v -0.00243078009 0.00316785998 0.000500000024
v -0.00212639989 0.00277117989 0
v -0.00224525994 0.00267579011 0
v -0.00256665004 0.00305882003 0.000500000024
v -0.00224525994 0.00267579011 0
v -0.00235984009 0.00257530995 0
v -0.00269763009 0.00294395001 0.000500000024
v -0.00235984009 0.00257530995 0
v -0.00246992009 0.00246992009 0
v -0.00282347994 0.00282347994 0.000500000024
v -0.00246992009 0.00246992009 0
v -0.00257530995 0.00235984009 0
v -0.00294395001 0.00269763009 0.000500000024
v -0.00257530995 0.00235984009 0
v -0.00267579011 0.00224525994 0
v -0.00305882003 0.00256665004 0.000500000024
v -0.00267579011 0.00224525994 0
v -0.00277117989 0.00212639989 0
v -0.00316785998 0.00243078009 0.000500000024
v -0.00277117989 0.00212639989 0
v -0.00286130002 0.00200350001 0
v -0.00327087007 0.00229029008 0.000500000024
v -0.00286130002 0.00200350001 0
v -0.00294597005 0.00187678996 0
v -0.0033676601 0.00214544008 0.000500000024
v -0.00294597005 0.00187678996 0
v -0.00302503002 0.00174650003 0
v -0.00345804007 0.00199649995 0.000500000024
v -0.00302503002 0.00174650003 0
v -0.00309832999 0.00161289005 0
v -0.00354183 0.00184376002 0.000500000024
v -0.00309832999 0.00161289005 0
v -0.00316573004 0.00147620996 0
v -0.00361888995 0.00168751006 0.000500000024
v -0.00316573004 0.00147620996 0
v -0.00322711002 0.00133670995 0
v -0.00368904998 0.00152805005 0.000500000024
v -0.00322711002 0.00133670995 0
v -0.00328235002 0.00119467999 0
v -0.00375218992 0.00136569003 0.000500000024
v -0.00328235002 0.00119467999 0
v -0.00333132991 0.00105037005 0
v -0.00380819011 0.00120071997 0.000500000024
v -0.00333132991 0.00105037005 0
v -0.00337398006 0.000904055021 0
v -0.00385693996 0.00103346002 0.000500000024
v -0.00337398006 0.000904055021 0
v -0.00341019989 0.000756023976 0
v -0.00389835006 0.000864243018 0.000500000024
v -0.00341019989 0.000756023976 0
v -0.00343993003 0.000606552989 0
v -0.00393234007 0.000693376991 0.000500000024
v -0.00343993003 0.000606552989 0
v -0.00346311997 0.000455928006 0
v -0.00395883992 0.000521190988 0.000500000024
v -0.00346311997 0.000455928006 0
v -0.00347971008 0.000304435001 0
v -0.00397781003 0.000348013011 0.000500000024
v -0.00347971008 0.000304435001 0
v -0.00348967989 0.000152363005 0
v -0.00398920011 0.000174172004 0.000500000024
v -0.00348967989 0.000152363005 0
v -0.00349300005 9.97948989e-18 0
v -0.0039929999 1.13729997e-17 0.000500000024
v -0.00349300005 9.97948989e-18 0
v -0.00348967989 -0.000152363005 0
v -0.00398920011 -0.000174172004 0.000500000024
v -0.00348967989 -0.000152363005 0
v -0.00347971008 -0.000304435001 0
v -0.00397781003 -0.000348013011 0.000500000024
v -0.00347971008 -0.000304435001 0
v -0.00346311997 -0.000455928006 0
v -0.00395883992 -0.000521190988 0.000500000024
v -0.00346311997 -0.000455928006 0
v -0.00343993003 -0.000606552989 0
v -0.00393234007 -0.000693376991 0.000500000024
v -0.00343993003 -0.000606552989 0
v -0.00341019989 -0.000756023976 0
v -0.00389835006 -0.000864243018 0.000500000024
v -0.00341019989 -0.000756023976 0
v -0.00337398006 -0.000904055021 0
v -0.00385693996 -0.00103346002 0.000500000024
v -0.00337398006 -0.000904055021 0
v -0.00333132991 -0.00105037005 0
v -0.00380819011 -0.00120071997 0.000500000024
v -0.00333132991 -0.00105037005 0
v -0.00328235002 -0.00119467999 0
v -0.00375218992 -0.00136569003 0.000500000024
v -0.00328235002 -0.00119467999 0
v -0.00322711002 -0.00133670995 0
v -0.00368904998 -0.00152805005 0.000500000024
v -0.00322711002 -0.00133670995 0
v -0.00316573004 -0.00147620996 0
v -0.00361888995 -0.00168751006 0.000500000024
v -0.00316573004 -0.00147620996 0
v -0.00309832999 -0.00161289005 0
v -0.00354183 -0.00184376002 0.000500000024
v -0.00309832999 -0.00161289005 0
v -0.00302503002 -0.00174650003 0
v -0.00345804007 -0.00199649995 0.000500000024
v -0.00302503002 -0.00174650003 0
v -0.00294597005 -0.00187678996 0
v -0.0033676601 -0.00214544008 0.000500000024
v -0.00294597005 -0.00187678996 0
v -0.00286130002 -0.00200350001 0
v -0.00327087007 -0.00229029008 0.000500000024
v -0.00286130002 -0.00200350001 0
v -0.00277117989 -0.00212639989 0
v -0.00316785998 -0.00243078009 0.000500000024
v -0.00277117989 -0.00212639989 0
v -0.00267579011 -0.00224525994 0
v -0.00305882003 -0.00256665004 0.000500000024
v -0.00267579011 -0.00224525994 0
v -0.00257530995 -0.00235984009 0
v -0.00294395001 -0.00269763009 0.000500000024
v -0.00257530995 -0.00235984009 0
v -0.00246992009 -0.00246992009 0
v -0.00282347994 -0.00282347994 0.000500000024
v -0.00246992009 -0.00246992009 0
v -0.00235984009 -0.00257530995 0
v -0.00269763009 -0.00294395001 0.000500000024
v -0.00235984009 -0.00257530995 0
v -0.00224525994 -0.00267579011 0
v -0.00256665004 -0.00305882003 0.000500000024
v -0.00224525994 -0.00267579011 0
v -0.00212639989 -0.00277117989 0
v -0.00243078009 -0.00316785998 0.000500000024
v -0.00212639989 -0.00277117989 0
v -0.00200350001 -0.00286130002 0
v -0.00229029008 -0.00327087007 0.000500000024
v -0.00200350001 -0.00286130002 0
v -0.00187678996 -0.00294597005 0
v -0.00214544008 -0.0033676601 0.000500000024
v -0.00187678996 -0.00294597005 0
v -0.00174650003 -0.00302503002 0
v -0.00199649995 -0.00345804007 0.000500000024
v -0.00174650003 -0.00302503002 0
v -0.00161289005 -0.00309832999 0
v -0.00184376002 -0.00354183 0.000500000024
v -0.00161289005 -0.00309832999 0
v -0.00147620996 -0.00316573004 0
v -0.00168751006 -0.00361888995 0.000500000024
v -0.00147620996 -0.00316573004 0
v -0.00133670995 -0.00322711002 0
v -0.00152805005 -0.00368904998 0.000500000024
v -0.00133670995 -0.00322711002 0
v -0.00119467999 -0.00328235002 0
v -0.00136569003 -0.00375218992 0.000500000024
v -0.00119467999 -0.00328235002 0
v -0.00105037005 -0.00333132991 0
v -0.00120071997 -0.00380819011 0.000500000024
v -0.00105037005 -0.00333132991 0
v -0.000904055021 -0.00337398006 0
v -0.00103346002 -0.00385693996 0.000500000024
v -0.000904055021 -0.00337398006 0
v -0.000756023976 -0.00341019989 0
v -0.000864243018 -0.00389835006 0.000500000024
v -0.000756023976 -0.00341019989 0
v -0.000606552989 -0.00343993003 0
v -0.000693376991 -0.00393234007 0.000500000024
v -0.000606552989 -0.00343993003 0
v -0.000455928006 -0.00346311997 0
v -0.000521190988 -0.00395883992 0.000500000024
v -0.000455928006 -0.00346311997 0
v -0.000304435001 -0.00347971008 0
v -0.000348013011 -0.00397781003 0.000500000024
v -0.000304435001 -0.00347971008 0
v -0.000152363005 -0.00348967989 0
v -0.000174172004 -0.00398920011 0.000500000024
v -0.000152363005 -0.00348967989 0
v -1.61537008e-17 -0.00349300005 0
v -1.84659998e-17 -0.0039929999 0.000500000024
v -1.61537008e-17 -0.00349300005 0
v 0.000152363005 -0.00348967989 0
v 0.000174172004 -0.00398920011 0.000500000024
v 0.000152363005 -0.00348967989 0
v 0.000304435001 -0.00347971008 0
v 0.000348013011 -0.00397781003 0.000500000024
v 0.000304435001 -0.00347971008 0
v 0.000455928006 -0.00346311997 0
v 0.000521190988 -0.00395883992 0.000500000024
v 0.000455928006 -0.00346311997 0
v 0.000606552989 -0.00343993003 0
v 0.000693376991 -0.00393234007 0.000500000024
v 0.000606552989 -0.00343993003 0
v 0.000756023976 -0.00341019989 0
v 0.000864243018 -0.00389835006 0.000500000024
v 0.000756023976 -0.00341019989 0
v 0.000904055021 -0.00337398006 0
v 0.00103346002 -0.00385693996 0.000500000024
v 0.000904055021 -0.00337398006 0
v 0.00105037005 -0.00333132991 0
v 0.00120071997 -0.00380819011 0.000500000024
v 0.00105037005 -0.00333132991 0
v 0.00119467999 -0.00328235002 0
v 0.00136569003 -0.00375218992 0.000500000024
v 0.00119467999 -0.00328235002 0
v 0.00133670995 -0.00322711002 0
v 0.00152805005 -0.00368904998 0.000500000024
v 0.00133670995 -0.00322711002 0
v 0.00147620996 -0.00316573004 0
v 0.00168751006 -0.00361888995 0.000500000024
v 0.00147620996 -0.00316573004 0
v 0.00161289005 -0.00309832999 0
v 0.00184376002 -0.00354183 0.000500000024
v 0.00161289005 -0.00309832999 0
v 0.00174650003 -0.00302503002 0
v 0.00199649995 -0.00345804007 0.000500000024
v 0.00174650003 -0.00302503002 0
v 0.00187678996 -0.00294597005 0
v 0.00214544008 -0.0033676601 0.000500000024
v 0.00187678996 -0.00294597005 0
v 0.00200350001 -0.00286130002 0
v 0.00229029008 -0.00327087007 0.000500000024
v 0.00200350001 -0.00286130002 0
v 0.00212639989 -0.00277117989 0
v 0.00243078009 -0.00316785998 0.000500000024
v 0.00212639989 -0.00277117989 0
v 0.00224525994 -0.00267579011 0
v 0.00256665004 -0.00305882003 0.000500000024
v 0.00224525994 -0.00267579011 0
v 0.00235984009 -0.00257530995 0
v 0.00269763009 -0.00294395001 0.000500000024
v 0.00235984009 -0.00257530995 0
v 0.00246992009 -0.00246992009 0
v 0.00282347994 -0.00282347994 0.000500000024
v 0.00246992009 -0.00246992009 0
v 0.00257530995 -0.00235984009 0
v 0.00294395001 -0.00269763009 0.000500000024
v 0.00257530995 -0.00235984009 0
v 0.00267579011 -0.00224525994 0
v 0.00305882003 -0.00256665004 0.000500000024
v 0.00267579011 -0.00224525994 0
v 0.00277117989 -0.00212639989 0
v 0.00316785998 -0.00243078009 0.000500000024
v 0.00277117989 -0.00212639989 0
v 0.00286130002 -0.00200350001 0
v 0.00327087007 -0.00229029008 0.000500000024
v 0.00286130002 -0.00200350001 0
v 0.00294597005 -0.00187678996 0
v 0.0033676601 -0.00214544008 0.000500000024
v 0.00294597005 -0.00187678996 0
v 0.00302503002 -0.00174650003 0
v 0.00345804007 -0.00199649995 0.000500000024
v 0.00302503002 -0.00174650003 0
v 0.00309832999 -0.00161289005 0
v 0.00354183 -0.00184376002 0.000500000024
v 0.00309832999 -0.00161289005 0
v 0.00316573004 -0.00147620996 0
v 0.00361888995 -0.00168751006 0.000500000024
v 0.00316573004 -0.00147620996 0
v 0.00322711002 -0.00133670995 0
v 0.00368904998 -0.00152805005 0.000500000024
v 0.00322711002 -0.00133670995 0
v 0.00328235002 -0.00119467999 0
v 0.00375218992 -0.00136569003 0.000500000024
v 0.00328235002 -0.00119467999 0
v 0.00333132991 -0.00105037005 0
v 0.00380819011 -0.00120071997 0.000500000024
v 0.00333132991 -0.00105037005 0
v 0.00337398006 -0.000904055021 0
v 0.00385693996 -0.00103346002 0.000500000024
v 0.00337398006 -0.000904055021 0
v 0.00341019989 -0.000756023976 0
v 0.00389835006 -0.000864243018 0.000500000024
v 0.00341019989 -0.000756023976 0
v 0.00343993003 -0.000606552989 0
v 0.00393234007 -0.000693376991 0.000500000024
v 0.00343993003 -0.000606552989 0
v 0.00346311997 -0.000455928006 0
v 0.00395883992 -0.000521190988 0.000500000024
v 0.00346311997 -0.000455928006 0
v 0.00347971008 -0.000304435001 0
v 0.00397781003 -0.000348013011 0.000500000024
v 0.00347971008 -0.000304435001 0
v 0.00348967989 -0.000152363005 0
v 0.00398920011 -0.000174172004 0.000500000024
v 0.00348967989 -0.000152363005 0
v 0.00349300005 -6.11038008e-19 0
v 0.00349300005 -6.11038008e-19 0
v 0.0039929999 2.44500992e-19 0.000500000024
v 0.00398920011 -0.000174172004 0.000500000024
v 0.00348967989 -0.000152363005 0
v 0.00398920011 -0.000174172004 0.000500000024
v 0.00397781003 -0.000348013011 0.000500000024
v 0.00347971008 -0.000304435001 0
v 0.00397781003 -0.000348013011 0.000500000024
v 0.00395883992 -0.000521190988 0.000500000024
v 0.00346311997 -0.000455928006 0
v 0.00395883992 -0.000521190988 0.000500000024
v 0.00393234007 -0.000693376991 0.000500000024
v 0.00343993003 -0.000606552989 0
v 0.00393234007 -0.000693376991 0.000500000024
v 0.00389835006 -0.000864243018 0.000500000024
v 0.00341019989 -0.000756023976 0
v 0.00389835006 -0.000864243018 0.000500000024
v 0.00385693996 -0.00103346002 0.000500000024
v 0.00337398006 -0.000904055021 0
v 0.00385693996 -0.00103346002 0.000500000024
v 0.00380819011 -0.00120071997 0.000500000024
v 0.00333132991 -0.00105037005 0
v 0.00380819011 -0.00120071997 0.000500000024
v 0.00375218992 -0.00136569003 0.000500000024
v 0.00328235002 -0.00119467999 0
v 0.00375218992 -0.00136569003 0.000500000024
v 0.00368904998 -0.00152805005 0.000500000024
v 0.00322711002 -0.00133670995 0
v 0.00368904998 -0.00152805005 0.000500000024
v 0.00361888995 -0.00168751006 0.000500000024
v 0.00316573004 -0.00147620996 0
v 0.00361888995 -0.00168751006 0.000500000024
v 0.00354183 -0.00184376002 0.000500000024
v 0.00309832999 -0.00161289005 0
v 0.00354183 -0.00184376002 0.000500000024
v 0.00345804007 -0.00199649995 0.000500000024
v 0.00302503002 -0.00174650003 0
v 0.00345804007 -0.00199649995 0.000500000024
v 0.0033676601 -0.00214544008 0.000500000024
v 0.00294597005 -0.00187678996 0
v 0.0033676601 -0.00214544008 0.000500000024
v 0.00327087007 -0.00229029008 0.000500000024
v 0.00286130002 -0.00200350001 0
v 0.00327087007 -0.00229029008 0.000500000024
v 0.00316785998 -0.00243078009 0.000500000024
v 0.00277117989 -0.00212639989 0
v 0.00316785998 -0.00243078009 0.000500000024
v 0.00305882003 -0.00256665004 0.000500000024
v 0.00267579011 -0.00224525994 0
v 0.00305882003 -0.00256665004 0.000500000024
v 0.00294395001 -0.00269763009 0.000500000024
v 0.00257530995 -0.00235984009 0
v 0.00294395001 -0.00269763009 0.000500000024
v 0.00282347994 -0.00282347994 0.000500000024
v 0.00246992009 -0.00246992009 0
v 0.00282347994 -0.00282347994 0.000500000024
v 0.00269763009 -0.00294395001 0.000500000024
v 0.00235984009 -0.00257530995 0
v 0.00269763009 -0.00294395001 0.000500000024
v 0.00256665004 -0.00305882003 0.000500000024
v 0.00224525994 -0.00267579011 0
v 0.00256665004 -0.00305882003 0.000500000024
v 0.00243078009 -0.00316785998 0.000500000024
v 0.00212639989 -0.00277117989 0
v 0.00243078009 -0.00316785998 0.000500000024
v 0.00229029008 -0.00327087007 0.000500000024
v 0.00200350001 -0.00286130002 0
v 0.00229029008 -0.00327087007 0.000500000024
v 0.00214544008 -0.0033676601 0.000500000024
v 0.00187678996 -0.00294597005 0
v 0.00214544008 -0.0033676601 0.000500000024
v 0.00199649995 -0.00345804007 0.000500000024
v 0.00174650003 -0.00302503002 0
v 0.00199649995 -0.00345804007 0.000500000024
v 0.00184376002 -0.00354183 0.000500000024
v 0.00161289005 -0.00309832999 0
v 0.00184376002 -0.00354183 0.000500000024
v 0.00168751006 -0.00361888995 0.000500000024
v 0.00147620996 -0.00316573004 0
v 0.00168751006 -0.00361888995 0.000500000024
v 0.00152805005 -0.00368904998 0.000500000024
v 0.00133670995 -0.00322711002 0
v 0.00152805005 -0.00368904998 0.000500000024
v 0.00136569003 -0.00375218992 0.000500000024
v 0.00119467999 -0.00328235002 0
v 0.00136569003 -0.00375218992 0.000500000024
v 0.00120071997 -0.00380819011 0.000500000024
v 0.00105037005 -0.00333132991 0
v 0.00120071997 -0.00380819011 0.000500000024
v 0.00103346002 -0.00385693996 0.000500000024
v 0.000904055021 -0.00337398006 0
v 0.00103346002 -0.00385693996 0.000500000024
v 0.000864243018 -0.00389835006 0.000500000024
v 0.000756023976 -0.00341019989 0
v 0.000864243018 -0.00389835006 0.000500000024
v 0.000693376991 -0.00393234007 0.000500000024
v 0.000606552989 -0.00343993003 0
v 0.000693376991 -0.00393234007 0.000500000024
v 0.000521190988 -0.00395883992 0.000500000024
v 0.000455928006 -0.00346311997 0
v 0.000521190988 -0.00395883992 0.000500000024
v 0.000348013011 -0.00397781003 0.000500000024
v 0.000304435001 -0.00347971008 0
v 0.000348013011 -0.00397781003 0.000500000024
v 0.000174172004 -0.00398920011 0.000500000024
v 0.000152363005 -0.00348967989 0
v 0.000174172004 -0.00398920011 0.000500000024
v -1.84659998e-17 -0.0039929999 0.000500000024
v -1.61537008e-17 -0.00349300005 0
v -1.84659998e-17 -0.0039929999 0.000500000024
v -0.000174172004 -0.00398920011 0.000500000024
v -0.000152363005 -0.00348967989 0
v -0.000174172004 -0.00398920011 0.000500000024
v -0.000348013011 -0.00397781003 0.000500000024
v -0.000304435001 -0.00347971008 0
v -0.000348013011 -0.00397781003 0.000500000024
v -0.000521190988 -0.00395883992 0.000500000024
v -0.000455928006 -0.00346311997 0
v -0.000521190988 -0.00395883992 0.000500000024
v -0.000693376991 -0.00393234007 0.000500000024
v -0.000606552989 -0.00343993003 0
v -0.000693376991 -0.00393234007 0.000500000024
v -0.000864243018 -0.00389835006 0.000500000024
v -0.000756023976 -0.00341019989 0
v -0.000864243018 -0.00389835006 0.000500000024
v -0.00103346002 -0.00385693996 0.000500000024
v -0.000904055021 -0.00337398006 0
v -0.00103346002 -0.00385693996 0.000500000024
v -0.00120071997 -0.00380819011 0.000500000024
v -0.00105037005 -0.00333132991 0
v -0.00120071997 -0.00380819011 0.000500000024
v -0.00136569003 -0.00375218992 0.000500000024
v -0.00119467999 -0.00328235002 0
v -0.00136569003 -0.00375218992 0.000500000024
v -0.00152805005 -0.00368904998 0.000500000024
v -0.00133670995 -0.00322711002 0
v -0.00152805005 -0.00368904998 0.000500000024
v -0.00168751006 -0.00361888995 0.000500000024
v -0.00147620996 -0.00316573004 0
v -0.00168751006 -0.00361888995 0.000500000024
v -0.00184376002 -0.00354183 0.000500000024
v -0.00161289005 -0.00309832999 0
v -0.00184376002 -0.00354183 0.000500000024
v -0.00199649995 -0.00345804007 0.000500000024
v -0.00174650003 -0.00302503002 0
v -0.00199649995 -0.00345804007 0.000500000024
v -0.00214544008 -0.0033676601 0.000500000024
v -0.00187678996 -0.00294597005 0
v -0.00214544008 -0.0033676601 0.000500000024
v -0.00229029008 -0.00327087007 0.000500000024
v -0.00200350001 -0.00286130002 0
v -0.00229029008 -0.00327087007 0.000500000024
v -0.00243078009 -0.00316785998 0.000500000024
v -0.00212639989 -0.00277117989 0
v -0.00243078009 -0.00316785998 0.000500000024
v -0.00256665004 -0.00305882003 0.000500000024
v -0.00224525994 -0.00267579011 0
v -0.00256665004 -0.00305882003 0.000500000024
v -0.00269763009 -0.00294395001 0.000500000024
v -0.00235984009 -0.00257530995 0
v -0.00269763009 -0.00294395001 0.000500000024
v -0.00282347994 -0.00282347994 0.000500000024
v -0.00246992009 -0.00246992009 0
v -0.00282347994 -0.00282347994 0.000500000024
v -0.00294395001 -0.00269763009 0.000500000024
v -0.00257530995 -0.00235984009 0
v -0.00294395001 -0.00269763009 0.000500000024
v -0.00305882003 -0.00256665004 0.000500000024
v -0.00267579011 -0.00224525994 0
v -0.00305882003 -0.00256665004 0.000500000024
v -0.00316785998 -0.00243078009 0.000500000024
v -0.00277117989 -0.00212639989 0
v -0.00316785998 -0.00243078009 0.000500000024
v -0.00327087007 -0.00229029008 0.000500000024
v -0.00286130002 -0.00200350001 0
v -0.00327087007 -0.00229029008 0.000500000024
v -0.0033676601 -0.00214544008 0.000500000024
v -0.00294597005 -0.00187678996 0
v -0.0033676601 -0.00214544008 0.000500000024
v -0.00345804007 -0.00199649995 0.000500000024
v -0.00302503002 -0.00174650003 0
v -0.00345804007 -0.00199649995 0.000500000024
v -0.00354183 -0.00184376002 0.000500000024
v -0.00309832999 -0.00161289005 0
v -0.00354183 -0.00184376002 0.000500000024
v -0.00361888995 -0.00168751006 0.000500000024
v -0.00316573004 -0.00147620996 0
v -0.00361888995 -0.00168751006 0.000500000024
v -0.00368904998 -0.00152805005 0.000500000024
v -0.00322711002 -0.00133670995 0
v -0.00368904998 -0.00152805005 0.000500000024
v -0.00375218992 -0.00136569003 0.000500000024
v -0.00328235002 -0.00119467999 0
v -0.00375218992 -0.00136569003 0.000500000024
v -0.00380819011 -0.00120071997 0.000500000024
v -0.00333132991 -0.00105037005 0
v -0.00380819011 -0.00120071997 0.000500000024
v -0.00385693996 -0.00103346002 0.000500000024
v -0.00337398006 -0.000904055021 0
v -0.00385693996 -0.00103346002 0.000500000024
v -0.00389835006 -0.000864243018 0.000500000024
v -0.00341019989 -0.000756023976 0
v -0.00389835006 -0.000864243018 0.000500000024
v -0.00393234007 -0.000693376991 0.000500000024
v -0.00343993003 -0.000606552989 0
v -0.00393234007 -0.000693376991 0.000500000024
v -0.00395883992 -0.000521190988 0.000500000024
v -0.00346311997 -0.000455928006 0
v -0.00395883992 -0.000521190988 0.000500000024
v -0.00397781003 -0.000348013011 0.000500000024
v -0.00347971008 -0.000304435001 0
v -0.00397781003 -0.000348013011 0.000500000024
v -0.00398920011 -0.000174172004 0.000500000024
v -0.00348967989 -0.000152363005 0
v -0.00398920011 -0.000174172004 0.000500000024
v -0.0039929999 1.13729997e-17 0.000500000024
v -0.00349300005 9.97948989e-18 0
v -0.0039929999 1.13729997e-17 0.000500000024
v -0.00398920011 0.000174172004 0.000500000024
v -0.00348967989 0.000152363005 0
v -0.00398920011 0.000174172004 0.000500000024
v -0.00397781003 0.000348013011 0.000500000024
v -0.00347971008 0.000304435001 0
v -0.00397781003 0.000348013011 0.000500000024
v -0.00395883992 0.000521190988 0.000500000024
v -0.00346311997 0.000455928006 0
v -0.00395883992 0.000521190988 0.000500000024
v -0.00393234007 0.000693376991 0.000500000024
v -0.00343993003 0.000606552989 0
v -0.00393234007 0.000693376991 0.000500000024
v -0.00389835006 0.000864243018 0.000500000024
v -0.00341019989 0.000756023976 0
v -0.00389835006 0.000864243018 0.000500000024
v -0.00385693996 0.00103346002 0.000500000024
v -0.00337398006 0.000904055021 0
v -0.00385693996 0.00103346002 0.000500000024
v -0.00380819011 0.00120071997 0.000500000024
v -0.00333132991 0.00105037005 0
v -0.00380819011 0.00120071997 0.000500000024
v -0.00375218992 0.00136569003 0.000500000024
v -0.00328235002 0.00119467999 0
v -0.00375218992 0.00136569003 0.000500000024
v -0.00368904998 0.00152805005 0.000500000024
v -0.00322711002 0.00133670995 0
v -0.00368904998 0.00152805005 0.000500000024
v -0.00361888995 0.00168751006 0.000500000024
v -0.00316573004 0.00147620996 0
v -0.00361888995 0.00168751006 0.000500000024
v -0.00354183 0.00184376002 0.000500000024
v -0.00309832999 0.00161289005 0
v -0.00354183 0.00184376002 0.000500000024
v -0.00345804007 0.00199649995 0.000500000024
v -0.00302503002 0.00174650003 0
v -0.00345804007 0.00199649995 0.000500000024
v -0.0033676601 0.00214544008 0.000500000024
v -0.00294597005 0.00187678996 0
v -0.0033676601 0.00214544008 0.000500000024
v -0.00327087007 0.00229029008 0.000500000024
v -0.00286130002 0.00200350001 0
v -0.00327087007 0.00229029008 0.000500000024
v -0.00316785998 0.00243078009 0.000500000024
v -0.00277117989 0.00212639989 0
v -0.00316785998 0.00243078009 0.000500000024
v -0.00305882003 0.00256665004 0.000500000024
v -0.00267579011 0.00224525994 0
v -0.00305882003 0.00256665004 0.000500000024
v -0.00294395001 0.00269763009 0.000500000024
v -0.00257530995 0.00235984009 0
v -0.00294395001 0.00269763009 0.000500000024
v -0.00282347994 0.00282347994 0.000500000024
v -0.00246992009 0.00246992009 0
v -0.00282347994 0.00282347994 0.000500000024
v -0.00269763009 0.00294395001 0.000500000024
v -0.00235984009 0.00257530995 0
v -0.00269763009 0.00294395001 0.000500000024
v -0.00256665004 0.00305882003 0.000500000024
v -0.00224525994 0.00267579011 0
v -0.00256665004 0.00305882003 0.000500000024
v -0.00243078009 0.00316785998 0.000500000024
v -0.00212639989 0.00277117989 0
v -0.00243078009 0.00316785998 0.000500000024
v -0.00229029008 0.00327087007 0.000500000024
v -0.00200350001 0.00286130002 0
v -0.00229029008 0.00327087007 0.000500000024
v -0.00214544008 0.0033676601 0.000500000024
v -0.00187678996 0.00294597005 0
v -0.00214544008 0.0033676601 0.000500000024
v -0.00199649995 0.00345804007 0.000500000024
v -0.00174650003 0.00302503002 0
v -0.00199649995 0.00345804007 0.000500000024
v -0.00184376002 0.00354183 0.000500000024
v -0.00161289005 0.00309832999 0
v -0.00184376002 0.00354183 0.000500000024
v -0.00168751006 0.00361888995 0.000500000024
v -0.00147620996 0.00316573004 0
v -0.00168751006 0.00361888995 0.000500000024
v -0.00152805005 0.00368904998 0.000500000024
v -0.00133670995 0.00322711002 0
v -0.00152805005 0.00368904998 0.000500000024
v -0.00136569003 0.00375218992 0.000500000024
v -0.00119467999 0.00328235002 0
v -0.00136569003 0.00375218992 0.000500000024
v -0.00120071997 0.00380819011 0.000500000024
v -0.00105037005 0.00333132991 0
v -0.00120071997 0.00380819011 0.000500000024
v -0.00103346002 0.00385693996 0.000500000024
v -0.000904055021 0.00337398006 0
v -0.00103346002 0.00385693996 0.000500000024
v -0.000864243018 0.00389835006 0.000500000024
v -0.000756023976 0.00341019989 0
v -0.000864243018 0.00389835006 0.000500000024
v -0.000693376991 0.00393234007 0.000500000024
v -0.000606552989 0.00343993003 0
v -0.000693376991 0.00393234007 0.000500000024
v -0.000521190988 0.00395883992 0.000500000024
v -0.000455928006 0.00346311997 0
v -0.000521190988 0.00395883992 0.000500000024
v -0.000348013011 0.00397781003 0.000500000024
v -0.000304435001 0.00347971008 0
v -0.000348013011 0.00397781003 0.000500000024
v -0.000174172004 0.00398920011 0.000500000024
v -0.000152363005 0.00348967989 0
v -0.000174172004 0.00398920011 0.000500000024
v 4.67761992e-18 0.0039929999 0.000500000024
v 4.09189002e-18 0.00349300005 0
v 4.67761992e-18 0.0039929999 0.000500000024
v 0.000174172004 0.00398920011 0.000500000024
v 0.000152363005 0.00348967989 0
v 0.000174172004 0.00398920011 0.000500000024
v 0.000348013011 0.00397781003 0.000500000024
v 0.000304435001 0.00347971008 0
v 0.000348013011 0.00397781003 0.000500000024
v 0.000521190988 0.00395883992 0.000500000024
v 0.000455928006 0.00346311997 0
v 0.000521190988 0.00395883992 0.000500000024
v 0.000693376991 0.00393234007 0.000500000024
v 0.000606552989 0.00343993003 0
v 0.000693376991 0.00393234007 0.000500000024
v 0.000864243018 0.00389835006 0.000500000024
v 0.000756023976 0.00341019989 0
v 0.000864243018 0.00389835006 0.000500000024
v 0.00103346002 0.00385693996 0.000500000024
v 0.000904055021 0.00337398006 0
v 0.00103346002 0.00385693996 0.000500000024
v 0.00120071997 0.00380819011 0.000500000024
v 0.00105037005 0.00333132991 0
v 0.00120071997 0.00380819011 0.000500000024
v 0.00136569003 0.00375218992 0.000500000024
v 0.00119467999 0.00328235002 0
v 0.00136569003 0.00375218992 0.000500000024
v 0.00152805005 0.00368904998 0.000500000024
v 0.00133670995 0.00322711002 0
v 0.00152805005 0.00368904998 0.000500000024
v 0.00168751006 0.00361888995 0.000500000024
v 0.00147620996 0.00316573004 0
v 0.00168751006 0.00361888995 0.000500000024
v 0.00184376002 0.00354183 0.000500000024
v 0.00161289005 0.00309832999 0
v 0.00184376002 0.00354183 0.000500000024
v 0.00199649995 0.00345804007 0.000500000024
v 0.00174650003 0.00302503002 0
v 0.00199649995 0.00345804007 0.000500000024
v 0.00214544008 0.0033676601 0.000500000024
v 0.00187678996 0.00294597005 0
v 0.00214544008 0.0033676601 0.000500000024
v 0.00229029008 0.00327087007 0.000500000024
v 0.00200350001 0.00286130002 0
v 0.00229029008 0.00327087007 0.000500000024
v 0.00243078009 0.00316785998 0.000500000024
v 0.00212639989 0.00277117989 0
v 0.00243078009 0.00316785998 0.000500000024
v 0.00256665004 0.00305882003 0.000500000024
v 0.00224525994 0.00267579011 0
v 0.00256665004 0.00305882003 0.000500000024
v 0.00269763009 0.00294395001 0.000500000024
v 0.00235984009 0.00257530995 0
v 0.00269763009 0.00294395001 0.000500000024
v 0.00282347994 0.00282347994 0.000500000024
v 0.00246992009 0.00246992009 0
v 0.00282347994 0.00282347994 0.000500000024
v 0.00294395001 0.00269763009 0.000500000024
v 0.00257530995 0.00235984009 0
v 0.00294395001 0.00269763009 0.000500000024
v 0.00305882003 0.00256665004 0.000500000024
v 0.00267579011 0.00224525994 0
v 0.00305882003 0.00256665004 0.000500000024
v 0.00316785998 0.00243078009 0.000500000024
v 0.00277117989 0.00212639989 0
v 0.00316785998 0.00243078009 0.000500000024
v 0.00327087007 0.00229029008 0.000500000024
v 0.00286130002 0.00200350001 0
v 0.00327087007 0.00229029008 0.000500000024
v 0.0033676601 0.00214544008 0.000500000024
v 0.00294597005 0.00187678996 0
v 0.0033676601 0.00214544008 0.000500000024
v 0.00345804007 0.00199649995 0.000500000024
v 0.00302503002 0.00174650003 0
v 0.00345804007 0.00199649995 0.000500000024
v 0.00354183 0.00184376002 0.000500000024
v 0.00309832999 0.00161289005 0
v 0.00354183 0.00184376002 0.000500000024
v 0.00361888995 0.00168751006 0.000500000024
v 0.00316573004 0.00147620996 0
v 0.00361888995 0.00168751006 0.000500000024
v 0.00368904998 0.00152805005 0.000500000024
v 0.00322711002 0.00133670995 0
v 0.00368904998 0.00152805005 0.000500000024
v 0.00375218992 0.00136569003 0.000500000024
v 0.00328235002 0.00119467999 0
v 0.00375218992 0.00136569003 0.000500000024
v 0.00380819011 0.00120071997 0.000500000024
v 0.00333132991 0.00105037005 0
v 0.00380819011 0.00120071997 0.000500000024
v 0.00385693996 0.00103346002 0.000500000024
v 0.00337398006 0.000904055021 0
v 0.00385693996 0.00103346002 0.000500000024
v 0.00389835006 0.000864243018 0.000500000024
v 0.00341019989 0.000756023976 0
v 0.00389835006 0.000864243018 0.000500000024
v 0.00393234007 0.000693376991 0.000500000024
v 0.00343993003 0.000606552989 0
v 0.00393234007 0.000693376991 0.000500000024
v 0.00395883992 0.000521190988 0.000500000024
v 0.00346311997 0.000455928006 0
v 0.00395883992 0.000521190988 0.000500000024
v 0.00397781003 0.000348013011 0.000500000024
v 0.00347971008 0.000304435001 0
v 0.00397781003 0.000348013011 0.000500000024
v 0.00398920011 0.000174172004 0.000500000024
v 0.00348967989 0.000152363005 0
v 0.00398920011 0.000174172004 0.000500000024
v 0.0039929999 2.44500992e-19 0.000500000024
v -0.0039929999 1.13729997e-17 0.000500000024
v -0.0039929999 -7.33501995e-19 0.0494999997
v -0.00398920011 0.000174172004 0.0494999997
v -0.00398920011 0.000174172004 0.000500000024
v -0.00398920011 0.000174172004 0.0494999997
v -0.00397781003 0.000348013011 0.0494999997
v -0.00397781003 0.000348013011 0.000500000024
v -0.00397781003 0.000348013011 0.0494999997
v -0.00395883992 0.000521190988 0.0494999997
v -0.00395883992 0.000521190988 0.000500000024
v -0.00395883992 0.000521190988 0.0494999997
v -0.00393234007 0.000693376991 0.0494999997
v -0.00393234007 0.000693376991 0.000500000024
v -0.00393234007 0.000693376991 0.0494999997
v -0.00389835006 0.000864243018 0.0494999997
v -0.00389835006 0.000864243018 0.000500000024
v -0.00389835006 0.000864243018 0.0494999997
v -0.00385693996 0.00103346002 0.0494999997
v -0.00385693996 0.00103346002 0.000500000024
v -0.00385693996 0.00103346002 0.0494999997
v -0.00380819011 0.00120071997 0.0494999997
v -0.00380819011 0.00120071997 0.000500000024
v -0.00380819011 0.00120071997 0.0494999997
v -0.00375218992 0.00136569003 0.0494999997
v -0.00375218992 0.00136569003 0.000500000024
v -0.00375218992 0.00136569003 0.0494999997
v -0.00368904998 0.00152805005 0.0494999997
v -0.00368904998 0.00152805005 0.000500000024
v -0.00368904998 0.00152805005 0.0494999997
v -0.00361888995 0.00168751006 0.0494999997
v -0.00361888995 0.00168751006 0.000500000024
v -0.00361888995 0.00168751006 0.0494999997
v -0.00354183 0.00184376002 0.0494999997
v -0.00354183 0.00184376002 0.000500000024
v -0.00354183 0.00184376002 0.0494999997
v -0.00345804007 0.00199649995 0.0494999997
v -0.00345804007 0.00199649995 0.000500000024
v -0.00345804007 0.00199649995 0.0494999997
v -0.0033676601 0.00214544008 0.0494999997
v -0.0033676601 0.00214544008 0.000500000024
v -0.0033676601 0.00214544008 0.0494999997
v -0.00327087007 0.00229029008 0.0494999997
v -0.00327087007 0.00229029008 0.000500000024
v -0.00327087007 0.00229029008 0.0494999997
v -0.00316785998 0.00243078009 0.0494999997
v -0.00316785998 0.00243078009 0.000500000024
v -0.00316785998 0.00243078009 0.0494999997
v -0.00305882003 0.00256665004 0.0494999997
v -0.00305882003 0.00256665004 0.000500000024
v -0.00305882003 0.00256665004 0.0494999997
v -0.00294395001 0.00269763009 0.0494999997
v -0.00294395001 0.00269763009 0.000500000024
v -0.00294395001 0.00269763009 0.0494999997
v -0.00282347994 0.00282347994 0.0494999997
v -0.00282347994 0.00282347994 0.000500000024
v -0.00282347994 0.00282347994 0.0494999997
v -0.00269763009 0.00294395001 0.0494999997
v -0.00269763009 0.00294395001 0.000500000024
v -0.00269763009 0.00294395001 0.0494999997
v -0.00256665004 0.00305882003 0.0494999997
v -0.00256665004 0.00305882003 0.000500000024
v -0.00256665004 0.00305882003 0.0494999997
v -0.00243078009 0.00316785998 0.0494999997
v -0.00243078009 0.00316785998 0.000500000024
v -0.00243078009 0.00316785998 0.0494999997
v -0.00229029008 0.00327087007 0.0494999997
v -0.00229029008 0.00327087007 0.000500000024
v -0.00229029008 0.00327087007 0.0494999997
v -0.00214544008 0.0033676601 0.0494999997
v -0.00214544008 0.0033676601 0.000500000024
v -0.00214544008 0.0033676601 0.0494999997
v -0.00199649995 0.00345804007 0.0494999997
v -0.00199649995 0.00345804007 0.000500000024
v -0.00199649995 0.00345804007 0.0494999997
v -0.00184376002 0.00354183 0.0494999997
v -0.00184376002 0.00354183 0.000500000024
v -0.00184376002 0.00354183 0.0494999997
v -0.00168751006 0.00361888995 0.0494999997
v -0.00168751006 0.00361888995 0.000500000024
v -0.00168751006 0.00361888995 0.0494999997
v -0.00152805005 0.00368904998 0.0494999997
v -0.00152805005 0.00368904998 0.000500000024
v -0.00152805005 0.00368904998 0.0494999997
v -0.00136569003 0.00375218992 0.0494999997
v -0.00136569003 0.00375218992 0.000500000024
v -0.00136569003 0.00375218992 0.0494999997
v -0.00120071997 0.00380819011 0.0494999997
v -0.00120071997 0.00380819011 0.000500000024
v -0.00120071997 0.00380819011 0.0494999997
v -0.00103346002 0.00385693996 0.0494999997
v -0.00103346002 0.00385693996 0.000500000024
v -0.00103346002 0.00385693996 0.0494999997
v -0.000864243018 0.00389835006 0.0494999997
v -0.000864243018 0.00389835006 0.000500000024
v -0.000864243018 0.00389835006 0.0494999997
v -0.000693376991 0.00393234007 0.0494999997
v -0.000693376991 0.00393234007 0.000500000024
v -0.000693376991 0.00393234007 0.0494999997
v -0.000521190988 0.00395883992 0.0494999997
v -0.000521190988 0.00395883992 0.000500000024
v -0.000521190988 0.00395883992 0.0494999997
v -0.000348013011 0.00397781003 0.0494999997
v -0.000348013011 0.00397781003 0.000500000024
v -0.000348013011 0.00397781003 0.0494999997
v -0.000174172004 0.00398920011 0.0494999997
v -0.000174172004 0.00398920011 0.000500000024
v -0.000174172004 0.00398920011 0.0494999997
v -4.67761992e-18 0.0039929999 0.0494999997
v 4.67761992e-18 0.0039929999 0.000500000024
v -4.67761992e-18 0.0039929999 0.0494999997
v 0.000174172004 0.00398920011 0.0494999997
v 0.000174172004 0.00398920011 0.000500000024
v 0.000174172004 0.00398920011 0.0494999997
v 0.000348013011 0.00397781003 0.0494999997
v 0.000348013011 0.00397781003 0.000500000024
v 0.000348013011 0.00397781003 0.0494999997
v 0.000521190988 0.00395883992 0.0494999997
v 0.000521190988 0.00395883992 0.000500000024
v 0.000521190988 0.00395883992 0.0494999997
v 0.000693376991 0.00393234007 0.0494999997
v 0.000693376991 0.00393234007 0.000500000024
v 0.000693376991 0.00393234007 0.0494999997
v 0.000864243018 0.00389835006 0.0494999997
v 0.000864243018 0.00389835006 0.000500000024
v 0.000864243018 0.00389835006 0.0494999997
v 0.00103346002 0.00385693996 0.0494999997
v 0.00103346002 0.00385693996 0.000500000024
v 0.00103346002 0.00385693996 0.0494999997
v 0.00120071997 0.00380819011 0.0494999997
v 0.00120071997 0.00380819011 0.000500000024
v 0.00120071997 0.00380819011 0.0494999997
v 0.00136569003 0.00375218992 0.0494999997
v 0.00136569003 0.00375218992 0.000500000024
v 0.00136569003 0.00375218992 0.0494999997
v 0.00152805005 0.00368904998 0.0494999997
v 0.00152805005 0.00368904998 0.000500000024
v 0.00152805005 0.00368904998 0.0494999997
v 0.00168751006 0.00361888995 0.0494999997
v 0.00168751006 0.00361888995 0.000500000024
v 0.00168751006 0.00361888995 0.0494999997
v 0.00184376002 0.00354183 0.0494999997
v 0.00184376002 0.00354183 0.000500000024
v 0.00184376002 0.00354183 0.0494999997
v 0.00199649995 0.00345804007 0.0494999997
v 0.00199649995 0.00345804007 0.000500000024
v 0.00199649995 0.00345804007 0.0494999997
v 0.00214544008 0.0033676601 0.0494999997
v 0.00214544008 0.0033676601 0.000500000024
v 0.00214544008 0.0033676601 0.0494999997
v 0.00229029008 0.00327087007 0.0494999997
v 0.00229029008 0.00327087007 0.000500000024
v 0.00229029008 0.00327087007 0.0494999997
v 0.00243078009 0.00316785998 0.0494999997
v 0.00243078009 0.00316785998 0.000500000024
v 0.00243078009 0.00316785998 0.0494999997
v 0.00256665004 0.00305882003 0.0494999997
v 0.00256665004 0.00305882003 0.000500000024
v 0.00256665004 0.00305882003 0.0494999997
v 0.00269763009 0.00294395001 0.0494999997
v 0.00269763009 0.00294395001 0.000500000024
v 0.00269763009 0.00294395001 0.0494999997
v 0.00282347994 0.00282347994 0.0494999997
v 0.00282347994 0.00282347994 0.000500000024
v 0.00282347994 0.00282347994 0.0494999997
v 0.00294395001 0.00269763009 0.0494999997
v 0.00294395001 0.00269763009 0.000500000024
v 0.00294395001 0.00269763009 0.0494999997
v 0.00305882003 0.00256665004 0.0494999997
v 0.00305882003 0.00256665004 0.000500000024
v 0.00305882003 0.00256665004 0.0494999997
v 0.00316785998 0.00243078009 0.0494999997
v 0.00316785998 0.00243078009 0.000500000024
v 0.00316785998 0.00243078009 0.0494999997
v 0.00327087007 0.00229029008 0.0494999997
v 0.00327087007 0.00229029008 0.000500000024
v 0.00327087007 0.00229029008 0.0494999997
v 0.0033676601 0.00214544008 0.0494999997
v 0.0033676601 0.00214544008 0.000500000024
v 0.0033676601 0.00214544008 0.0494999997
v 0.00345804007 0.00199649995 0.0494999997
v 0.00345804007 0.00199649995 0.000500000024
v 0.00345804007 0.00199649995 0.0494999997
v 0.00354183 0.00184376002 0.0494999997
v 0.00354183 0.00184376002 0.000500000024
v 0.00354183 0.00184376002 0.0494999997
v 0.00361888995 0.00168751006 0.0494999997
v 0.00361888995 0.00168751006 0.000500000024
v 0.00361888995 0.00168751006 0.0494999997
v 0.00368904998 0.00152805005 0.0494999997
v 0.00368904998 0.00152805005 0.000500000024
v 0.00368904998 0.00152805005 0.0494999997
v 0.00375218992 0.00136569003 0.0494999997
v 0.00375218992 0.00136569003 0.000500000024
v 0.00375218992 0.00136569003 0.0494999997
v 0.00380819011 0.00120071997 0.0494999997
v 0.00380819011 0.00120071997 0.000500000024
v 0.00380819011 0.00120071997 0.0494999997
v 0.00385693996 0.00103346002 0.0494999997
v 0.00385693996 0.00103346002 0.000500000024
v 0.00385693996 0.00103346002 0.0494999997
v 0.00389835006 0.000864243018 0.0494999997
v 0.00389835006 0.000864243018 0.000500000024
v 0.00389835006 0.000864243018 0.0494999997
v 0.00393234007 0.000693376991 0.0494999997
v 0.00393234007 0.000693376991 0.000500000024
v 0.00393234007 0.000693376991 0.0494999997
v 0.00395883992 0.000521190988 0.0494999997
v 0.00395883992 0.000521190988 0.000500000024
v 0.00395883992 0.000521190988 0.0494999997
v 0.00397781003 0.000348013011 0.0494999997
v 0.00397781003 0.000348013011 0.000500000024
v 0.00397781003 0.000348013011 0.0494999997
v 0.00398920011 0.000174172004 0.0494999997
v 0.00398920011 0.000174172004 0.000500000024
v 0.00398920011 0.000174172004 0.0494999997
v 0.0039929999 7.33501995e-19 0.0494999997
v 0.0039929999 2.44500992e-19 0.000500000024
v 0.0039929999 7.33501995e-19 0.0494999997
v 0.00398920011 -0.000174172004 0.0494999997
v 0.00398920011 -0.000174172004 0.000500000024
v 0.00398920011 -0.000174172004 0.0494999997
v 0.00397781003 -0.000348013011 0.0494999997
v 0.00397781003 -0.000348013011 0.000500000024
v 0.00397781003 -0.000348013011 0.0494999997
v 0.00395883992 -0.000521190988 0.0494999997
v 0.00395883992 -0.000521190988 0.000500000024
v 0.00395883992 -0.000521190988 0.0494999997
v 0.00393234007 -0.000693376991 0.0494999997
v 0.00393234007 -0.000693376991 0.000500000024
v 0.00393234007 -0.000693376991 0.0494999997
v 0.00389835006 -0.000864243018 0.0494999997
v 0.00389835006 -0.000864243018 0.000500000024
v 0.00389835006 -0.000864243018 0.0494999997
v 0.00385693996 -0.00103346002 0.0494999997
v 0.00385693996 -0.00103346002 0.000500000024
v 0.00385693996 -0.00103346002 0.0494999997
v 0.00380819011 -0.00120071997 0.0494999997
v 0.00380819011 -0.00120071997 0.000500000024
v 0.00380819011 -0.00120071997 0.0494999997
v 0.00375218992 -0.00136569003 0.0494999997
v 0.00375218992 -0.00136569003 0.000500000024
v 0.00375218992 -0.00136569003 0.0494999997
v 0.00368904998 -0.00152805005 0.0494999997
v 0.00368904998 -0.00152805005 0.000500000024
v 0.00368904998 -0.00152805005 0.0494999997
v 0.00361888995 -0.00168751006 0.0494999997
v 0.00361888995 -0.00168751006 0.000500000024
v 0.00361888995 -0.00168751006 0.0494999997
v 0.00354183 -0.00184376002 0.0494999997
v 0.00354183 -0.00184376002 0.000500000024
v 0.00354183 -0.00184376002 0.0494999997
v 0.00345804007 -0.00199649995 0.0494999997
v 0.00345804007 -0.00199649995 0.000500000024
v 0.00345804007 -0.00199649995 0.0494999997
v 0.0033676601 -0.00214544008 0.0494999997
v 0.0033676601 -0.00214544008 0.000500000024
v 0.0033676601 -0.00214544008 0.0494999997
v 0.00327087007 -0.00229029008 0.0494999997
v 0.00327087007 -0.00229029008 0.000500000024
v 0.00327087007 -0.00229029008 0.0494999997
v 0.00316785998 -0.00243078009 0.0494999997
v 0.00316785998 -0.00243078009 0.000500000024
v 0.00316785998 -0.00243078009 0.0494999997
v 0.00305882003 -0.00256665004 0.0494999997
v 0.00305882003 -0.00256665004 0.000500000024
v 0.00305882003 -0.00256665004 0.0494999997
v 0.00294395001 -0.00269763009 0.0494999997
v 0.00294395001 -0.00269763009 0.000500000024
v 0.00294395001 -0.00269763009 0.0494999997
v 0.00282347994 -0.00282347994 0.0494999997
v 0.00282347994 -0.00282347994 0.000500000024
v 0.00282347994 -0.00282347994 0.0494999997
v 0.00269763009 -0.00294395001 0.0494999997
v 0.00269763009 -0.00294395001 0.000500000024
v 0.00269763009 -0.00294395001 0.0494999997
v 0.00256665004 -0.00305882003 0.0494999997
v 0.00256665004 -0.00305882003 0.000500000024
v 0.00256665004 -0.00305882003 0.0494999997
v 0.00243078009 -0.00316785998 0.0494999997
v 0.00243078009 -0.00316785998 0.000500000024
v 0.00243078009 -0.00316785998 0.0494999997
v 0.00229029008 -0.00327087007 0.0494999997
v 0.00229029008 -0.00327087007 0.000500000024
v 0.00229029008 -0.00327087007 0.0494999997
v 0.00214544008 -0.0033676601 0.0494999997
v 0.00214544008 -0.0033676601 0.000500000024
v 0.00214544008 -0.0033676601 0.0494999997
v 0.00199649995 -0.00345804007 0.0494999997
v 0.00199649995 -0.00345804007 0.000500000024
v 0.00199649995 -0.00345804007 0.0494999997
v 0.00184376002 -0.00354183 0.0494999997
v 0.00184376002 -0.00354183 0.000500000024
v 0.00184376002 -0.00354183 0.0494999997
v 0.00168751006 -0.00361888995 0.0494999997
v 0.00168751006 -0.00361888995 0.000500000024
v 0.00168751006 -0.00361888995 0.0494999997
v 0.00152805005 -0.00368904998 0.0494999997
v 0.00152805005 -0.00368904998 0.000500000024
v 0.00152805005 -0.00368904998 0.0494999997
v 0.00136569003 -0.00375218992 0.0494999997
v 0.00136569003 -0.00375218992 0.000500000024
v 0.00136569003 -0.00375218992 0.0494999997
v 0.00120071997 -0.00380819011 0.0494999997
v 0.00120071997 -0.00380819011 0.000500000024
v 0.00120071997 -0.00380819011 0.0494999997
v 0.00103346002 -0.00385693996 0.0494999997
v 0.00103346002 -0.00385693996 0.000500000024
v 0.00103346002 -0.00385693996 0.0494999997
v 0.000864243018 -0.00389835006 0.0494999997
v 0.000864243018 -0.00389835006 0.000500000024
v 0.000864243018 -0.00389835006 0.0494999997
v 0.000693376991 -0.00393234007 0.0494999997
v 0.000693376991 -0.00393234007 0.000500000024
v 0.000693376991 -0.00393234007 0.0494999997
v 0.000521190988 -0.00395883992 0.0494999997
v 0.000521190988 -0.00395883992 0.000500000024
v 0.000521190988 -0.00395883992 0.0494999997
v 0.000348013011 -0.00397781003 0.0494999997
v 0.000348013011 -0.00397781003 0.000500000024
v 0.000348013011 -0.00397781003 0.0494999997
v 0.000174172004 -0.00398920011 0.0494999997
v 0.000174172004 -0.00398920011 0.000500000024
v 0.000174172004 -0.00398920011 0.0494999997
v 1.84659998e-17 -0.0039929999 0.0494999997
v -1.84659998e-17 -0.0039929999 0.000500000024
v 1.84659998e-17 -0.0039929999 0.0494999997
v -0.000174172004 -0.00398920011 0.0494999997
v -0.000174172004 -0.00398920011 0.000500000024
v -0.000174172004 -0.00398920011 0.0494999997
v -0.000348013011 -0.00397781003 0.0494999997
v -0.000348013011 -0.00397781003 0.000500000024
v -0.000348013011 -0.00397781003 0.0494999997
v -0.000521190988 -0.00395883992 0.0494999997
v -0.000521190988 -0.00395883992 0.000500000024
v -0.000521190988 -0.00395883992 0.0494999997
v -0.000693376991 -0.00393234007 0.0494999997
v -0.000693376991 -0.00393234007 0.000500000024
v -0.000693376991 -0.00393234007 0.0494999997
v -0.000864243018 -0.00389835006 0.0494999997
v -0.000864243018 -0.00389835006 0.000500000024
v -0.000864243018 -0.00389835006 0.0494999997
v -0.00103346002 -0.00385693996 0.0494999997
v -0.00103346002 -0.00385693996 0.000500000024
v -0.00103346002 -0.00385693996 0.0494999997
v -0.00120071997 -0.00380819011 0.0494999997
v -0.00120071997 -0.00380819011 0.000500000024
v -0.00120071997 -0.00380819011 0.0494999997
v -0.00136569003 -0.00375218992 0.0494999997
v -0.00136569003 -0.00375218992 0.000500000024
v -0.00136569003 -0.00375218992 0.0494999997
v -0.00152805005 -0.00368904998 0.0494999997
v -0.00152805005 -0.00368904998 0.000500000024
v -0.00152805005 -0.00368904998 0.0494999997
v -0.00168751006 -0.00361888995 0.0494999997
v -0.00168751006 -0.00361888995 0.000500000024
v -0.00168751006 -0.00361888995 0.0494999997
v -0.00184376002 -0.00354183 0.0494999997
v -0.00184376002 -0.00354183 0.000500000024
v -0.00184376002 -0.00354183 0.0494999997
v -0.00199649995 -0.00345804007 0.0494999997
v -0.00199649995 -0.00345804007 0.000500000024
v -0.00199649995 -0.00345804007 0.0494999997
v -0.00214544008 -0.0033676601 0.0494999997
v -0.00214544008 -0.0033676601 0.000500000024
v -0.00214544008 -0.0033676601 0.0494999997
v -0.00229029008 -0.00327087007 0.0494999997
v -0.00229029008 -0.00327087007 0.000500000024
v -0.00229029008 -0.00327087007 0.0494999997
v -0.00243078009 -0.00316785998 0.0494999997
v -0.00243078009 -0.00316785998 0.000500000024
v -0.00243078009 -0.00316785998 0.0494999997
v -0.00256665004 -0.00305882003 0.0494999997
v -0.00256665004 -0.00305882003 0.000500000024
v -0.00256665004 -0.00305882003 0.0494999997
v -0.00269763009 -0.00294395001 0.0494999997
v -0.00269763009 -0.00294395001 0.000500000024
v -0.00269763009 -0.00294395001 0.0494999997
v -0.00282347994 -0.00282347994 0.0494999997
v -0.00282347994 -0.00282347994 0.000500000024
v -0.00282347994 -0.00282347994 0.0494999997
v -0.00294395001 -0.00269763009 0.0494999997
v -0.00294395001 -0.00269763009 0.000500000024
v -0.00294395001 -0.00269763009 0.0494999997
v -0.00305882003 -0.00256665004 0.0494999997
v -0.00305882003 -0.00256665004 0.000500000024
v -0.00305882003 -0.00256665004 0.0494999997
v -0.00316785998 -0.00243078009 0.0494999997
v -0.00316785998 -0.00243078009 0.000500000024
v -0.00316785998 -0.00243078009 0.0494999997
v -0.00327087007 -0.00229029008 0.0494999997
v -0.00327087007 -0.00229029008 0.000500000024
v -0.00327087007 -0.00229029008 0.0494999997
v -0.0033676601 -0.00214544008 0.0494999997
v -0.0033676601 -0.00214544008 0.000500000024
v -0.0033676601 -0.00214544008 0.0494999997
v -0.00345804007 -0.00199649995 0.0494999997
v -0.00345804007 -0.00199649995 0.000500000024
v -0.00345804007 -0.00199649995 0.0494999997
v -0.00354183 -0.00184376002 0.0494999997
v -0.00354183 -0.00184376002 0.000500000024
v -0.00354183 -0.00184376002 0.0494999997
v -0.00361888995 -0.00168751006 0.0494999997
v -0.00361888995 -0.00168751006 0.000500000024
v -0.00361888995 -0.00168751006 0.0494999997
v -0.00368904998 -0.00152805005 0.0494999997
v -0.00368904998 -0.00152805005 0.000500000024
v -0.00368904998 -0.00152805005 0.0494999997
v -0.00375218992 -0.00136569003 0.0494999997
v -0.00375218992 -0.00136569003 0.000500000024
v -0.00375218992 -0.00136569003 0.0494999997
v -0.00380819011 -0.00120071997 0.0494999997
v -0.00380819011 -0.00120071997 0.000500000024
v -0.00380819011 -0.00120071997 0.0494999997
v -0.00385693996 -0.00103346002 0.0494999997
v -0.00385693996 -0.00103346002 0.000500000024
v -0.00385693996 -0.00103346002 0.0494999997
v -0.00389835006 -0.000864243018 0.0494999997
v -0.00389835006 -0.000864243018 0.000500000024
v -0.00389835006 -0.000864243018 0.0494999997
v -0.00393234007 -0.000693376991 0.0494999997
v -0.00393234007 -0.000693376991 0.000500000024
v -0.00393234007 -0.000693376991 0.0494999997
v -0.00395883992 -0.000521190988 0.0494999997
v -0.00395883992 -0.000521190988 0.000500000024
v -0.00395883992 -0.000521190988 0.0494999997
v -0.00397781003 -0.000348013011 0.0494999997
v -0.00397781003 -0.000348013011 0.000500000024
v -0.00397781003 -0.000348013011 0.0494999997
v -0.00398920011 -0.000174172004 0.0494999997
v -0.00398920011 -0.000174172004 0.000500000024
v -0.00398920011 -0.000174172004 0.0494999997
v -0.0039929999 -7.33501995e-19 0.0494999997
v -0.0039929999 -7.33501995e-19 0.0494999997
v -0.0039929999 1.13729997e-17 0.000500000024
v -0.00398920011 -0.000174172004 0.000500000024
v -0.00398920011 -0.000174172004 0.0494999997
v -0.00398920011 -0.000174172004 0.000500000024
v -0.00397781003 -0.000348013011 0.000500000024
v -0.00397781003 -0.000348013011 0.0494999997
v -0.00397781003 -0.000348013011 0.000500000024
v -0.00395883992 -0.000521190988 0.000500000024
v -0.00395883992 -0.000521190988 0.0494999997
v -0.00395883992 -0.000521190988 0.000500000024
v -0.00393234007 -0.000693376991 0.000500000024
v -0.00393234007 -0.000693376991 0.0494999997
v -0.00393234007 -0.000693376991 0.000500000024
v -0.00389835006 -0.000864243018 0.000500000024
v -0.00389835006 -0.000864243018 0.0494999997
v -0.00389835006 -0.000864243018 0.000500000024
v -0.00385693996 -0.00103346002 0.000500000024
v -0.00385693996 -0.00103346002 0.0494999997
v -0.00385693996 -0.00103346002 0.000500000024
v -0.00380819011 -0.00120071997 0.000500000024
v -0.00380819011 -0.00120071997 0.0494999997
v -0.00380819011 -0.00120071997 0.000500000024
v -0.00375218992 -0.00136569003 0.000500000024
v -0.00375218992 -0.00136569003 0.0494999997
v -0.00375218992 -0.00136569003 0.000500000024
v -0.00368904998 -0.00152805005 0.000500000024
v -0.00368904998 -0.00152805005 0.0494999997
v -0.00368904998 -0.00152805005 0.000500000024
v -0.00361888995 -0.00168751006 0.000500000024
v -0.00361888995 -0.00168751006 0.0494999997
v -0.00361888995 -0.00168751006 0.000500000024
v -0.00354183 -0.00184376002 0.000500000024
v -0.00354183 -0.00184376002 0.0494999997
v -0.00354183 -0.00184376002 0.000500000024
v -0.00345804007 -0.00199649995 0.000500000024
v -0.00345804007 -0.00199649995 0.0494999997
v -0.00345804007 -0.00199649995 0.000500000024
v -0.0033676601 -0.00214544008 0.000500000024
v -0.0033676601 -0.00214544008 0.0494999997
v -0.0033676601 -0.00214544008 0.000500000024
v -0.00327087007 -0.00229029008 0.000500000024
v -0.00327087007 -0.00229029008 0.0494999997
v -0.00327087007 -0.00229029008 0.000500000024
v -0.00316785998 -0.00243078009 0.000500000024
v -0.00316785998 -0.00243078009 0.0494999997
v -0.00316785998 -0.00243078009 0.000500000024
v -0.00305882003 -0.00256665004 0.000500000024
v -0.00305882003 -0.00256665004 0.0494999997
v -0.00305882003 -0.00256665004 0.000500000024
v -0.00294395001 -0.00269763009 0.000500000024
v -0.00294395001 -0.00269763009 0.0494999997
v -0.00294395001 -0.00269763009 0.000500000024
v -0.00282347994 -0.00282347994 0.000500000024
v -0.00282347994 -0.00282347994 0.0494999997
v -0.00282347994 -0.00282347994 0.000500000024
v -0.00269763009 -0.00294395001 0.000500000024
v -0.00269763009 -0.00294395001 0.0494999997
v -0.00269763009 -0.00294395001 0.000500000024
v -0.00256665004 -0.00305882003 0.000500000024
v -0.00256665004 -0.00305882003 0.0494999997
v -0.00256665004 -0.00305882003 0.000500000024
v -0.00243078009 -0.00316785998 0.000500000024
v -0.00243078009 -0.00316785998 0.0494999997
v -0.00243078009 -0.00316785998 0.000500000024
v -0.00229029008 -0.00327087007 0.000500000024
v -0.00229029008 -0.00327087007 0.0494999997
v -0.00229029008 -0.00327087007 0.000500000024
v -0.00214544008 -0.0033676601 0.000500000024
v -0.00214544008 -0.0033676601 0.0494999997
v -0.00214544008 -0.0033676601 0.000500000024
v -0.00199649995 -0.00345804007 0.000500000024
v -0.00199649995 -0.00345804007 0.0494999997
v -0.00199649995 -0.00345804007 0.000500000024
v -0.00184376002 -0.00354183 0.000500000024
v -0.00184376002 -0.00354183 0.0494999997
v -0.00184376002 -0.00354183 0.000500000024
v -0.00168751006 -0.00361888995 0.000500000024
v -0.00168751006 -0.00361888995 0.0494999997
v -0.00168751006 -0.00361888995 0.000500000024
v -0.00152805005 -0.00368904998 0.000500000024
v -0.00152805005 -0.00368904998 0.0494999997
v -0.00152805005 -0.00368904998 0.000500000024
v -0.00136569003 -0.00375218992 0.000500000024
v -0.00136569003 -0.00375218992 0.0494999997
v -0.00136569003 -0.00375218992 0.000500000024
v -0.00120071997 -0.00380819011 0.000500000024
v -0.00120071997 -0.00380819011 0.0494999997
v -0.00120071997 -0.00380819011 0.000500000024
v -0.00103346002 -0.00385693996 0.000500000024
v -0.00103346002 -0.00385693996 0.0494999997
v -0.00103346002 -0.00385693996 0.000500000024
v -0.000864243018 -0.00389835006 0.000500000024
v -0.000864243018 -0.00389835006 0.0494999997
v -0.000864243018 -0.00389835006 0.000500000024
v -0.000693376991 -0.00393234007 0.000500000024
v -0.000693376991 -0.00393234007 0.0494999997
v -0.000693376991 -0.00393234007 0.000500000024
v -0.000521190988 -0.00395883992 0.000500000024
v -0.000521190988 -0.00395883992 0.0494999997
v -0.000521190988 -0.00395883992 0.000500000024
v -0.000348013011 -0.00397781003 0.000500000024
v -0.000348013011 -0.00397781003 0.0494999997
v -0.000348013011 -0.00397781003 0.000500000024
v -0.000174172004 -0.00398920011 0.000500000024
v -0.000174172004 -0.00398920011 0.0494999997
v -0.000174172004 -0.00398920011 0.000500000024
v -1.84659998e-17 -0.0039929999 0.000500000024
v 1.84659998e-17 -0.0039929999 0.0494999997
v -1.84659998e-17 -0.0039929999 0.000500000024
v 0.000174172004 -0.00398920011 0.000500000024
v 0.000174172004 -0.00398920011 0.0494999997
v 0.000174172004 -0.00398920011 0.000500000024
v 0.000348013011 -0.00397781003 0.000500000024
v 0.000348013011 -0.00397781003 0.0494999997
v 0.000348013011 -0.00397781003 0.000500000024
v 0.000521190988 -0.00395883992 0.000500000024
v 0.000521190988 -0.00395883992 0.0494999997
v 0.000521190988 -0.00395883992 0.000500000024
v 0.000693376991 -0.00393234007 0.000500000024
v 0.000693376991 -0.00393234007 0.0494999997
v 0.000693376991 -0.00393234007 0.000500000024
v 0.000864243018 -0.00389835006 0.000500000024
v 0.000864243018 -0.00389835006 0.0494999997
v 0.000864243018 -0.00389835006 0.000500000024
v 0.00103346002 -0.00385693996 0.000500000024
v 0.00103346002 -0.00385693996 0.0494999997
v 0.00103346002 -0.00385693996 0.000500000024
v 0.00120071997 -0.00380819011 0.000500000024
v 0.00120071997 -0.00380819011 0.0494999997
v 0.00120071997 -0.00380819011 0.000500000024
v 0.00136569003 -0.00375218992 0.000500000024
v 0.00136569003 -0.00375218992 0.0494999997
v 0.00136569003 -0.00375218992 0.000500000024
v 0.00152805005 -0.00368904998 0.000500000024
v 0.00152805005 -0.00368904998 0.0494999997
v 0.00152805005 -0.00368904998 0.000500000024
v 0.00168751006 -0.00361888995 0.000500000024
v 0.00168751006 -0.00361888995 0.0494999997
v 0.00168751006 -0.00361888995 0.000500000024
v 0.00184376002 -0.00354183 0.000500000024
v 0.00184376002 -0.00354183 0.0494999997
v 0.00184376002 -0.00354183 0.000500000024
v 0.00199649995 -0.00345804007 0.000500000024
v 0.00199649995 -0.00345804007 0.0494999997
v 0.00199649995 -0.00345804007 0.000500000024
v 0.00214544008 -0.0033676601 0.000500000024
v 0.00214544008 -0.0033676601 0.0494999997
v 0.00214544008 -0.0033676601 0.000500000024
v 0.00229029008 -0.00327087007 0.000500000024
v 0.00229029008 -0.00327087007 0.0494999997
v 0.00229029008 -0.00327087007 0.000500000024
v 0.00243078009 -0.00316785998 0.000500000024
v 0.00243078009 -0.00316785998 0.0494999997
v 0.00243078009 -0.00316785998 0.000500000024
v 0.00256665004 -0.00305882003 0.000500000024
v 0.00256665004 -0.00305882003 0.0494999997
v 0.00256665004 -0.00305882003 0.000500000024
v 0.00269763009 -0.00294395001 0.000500000024
v 0.00269763009 -0.00294395001 0.0494999997
v 0.00269763009 -0.00294395001 0.000500000024
v 0.00282347994 -0.00282347994 0.000500000024
v 0.00282347994 -0.00282347994 0.0494999997
v 0.00282347994 -0.00282347994 0.000500000024
v 0.00294395001 -0.00269763009 0.000500000024
v 0.00294395001 -0.00269763009 0.0494999997
v 0.00294395001 -0.00269763009 0.000500000024
v 0.00305882003 -0.00256665004 0.000500000024
v 0.00305882003 -0.00256665004 0.0494999997
v 0.00305882003 -0.00256665004 0.000500000024
v 0.00316785998 -0.00243078009 0.000500000024
v 0.00316785998 -0.00243078009 0.0494999997
v 0.00316785998 -0.00243078009 0.000500000024
v 0.00327087007 -0.00229029008 0.000500000024
v 0.00327087007 -0.00229029008 0.0494999997
v 0.00327087007 -0.00229029008 0.000500000024
v 0.0033676601 -0.00214544008 0.000500000024
v 0.0033676601 -0.00214544008 0.0494999997
v 0.0033676601 -0.00214544008 0.000500000024
v 0.00345804007 -0.00199649995 0.000500000024
v 0.00345804007 -0.00199649995 0.0494999997
v 0.00345804007 -0.00199649995 0.000500000024
v 0.00354183 -0.00184376002 0.000500000024
v 0.00354183 -0.00184376002 0.0494999997
v 0.00354183 -0.00184376002 0.000500000024
v 0.00361888995 -0.00168751006 0.000500000024
v 0.00361888995 -0.00168751006 0.0494999997
v 0.00361888995 -0.00168751006 0.000500000024
v 0.00368904998 -0.00152805005 0.000500000024
v 0.00368904998 -0.00152805005 0.0494999997
v 0.00368904998 -0.00152805005 0.000500000024
v 0.00375218992 -0.00136569003 0.000500000024
v 0.00375218992 -0.00136569003 0.0494999997
v 0.00375218992 -0.00136569003 0.000500000024
v 0.00380819011 -0.00120071997 0.000500000024
v 0.00380819011 -0.00120071997 0.0494999997
v 0.00380819011 -0.00120071997 0.000500000024
v 0.00385693996 -0.00103346002 0.000500000024
v 0.00385693996 -0.00103346002 0.0494999997
v 0.00385693996 -0.00103346002 0.000500000024
v 0.00389835006 -0.000864243018 0.000500000024
v 0.00389835006 -0.000864243018 0.0494999997
v 0.00389835006 -0.000864243018 0.000500000024
v 0.00393234007 -0.000693376991 0.000500000024
v 0.00393234007 -0.000693376991 0.0494999997
v 0.00393234007 -0.000693376991 0.000500000024
v 0.00395883992 -0.000521190988 0.000500000024
v 0.00395883992 -0.000521190988 0.0494999997
v 0.00395883992 -0.000521190988 0.000500000024
v 0.00397781003 -0.000348013011 0.000500000024
v 0.00397781003 -0.000348013011 0.0494999997
v 0.00397781003 -0.000348013011 0.000500000024
v 0.00398920011 -0.000174172004 0.000500000024
v 0.00398920011 -0.000174172004 0.0494999997
v 0.00398920011 -0.000174172004 0.000500000024
v 0.0039929999 2.44500992e-19 0.000500000024
v 0.0039929999 7.33501995e-19 0.0494999997
v 0.0039929999 2.44500992e-19 0.000500000024
v 0.00398920011 0.000174172004 0.000500000024
v 0.00398920011 0.000174172004 0.0494999997
v 0.00398920011 0.000174172004 0.000500000024
v 0.00397781003 0.000348013011 0.000500000024
v 0.00397781003 0.000348013011 0.0494999997
v 0.00397781003 0.000348013011 0.000500000024
v 0.00395883992 0.000521190988 0.000500000024
v 0.00395883992 0.000521190988 0.0494999997
v 0.00395883992 0.000521190988 0.000500000024
v 0.00393234007 0.000693376991 0.000500000024
v 0.00393234007 0.000693376991 0.0494999997
v 0.00393234007 0.000693376991 0.000500000024
v 0.00389835006 0.000864243018 0.000500000024
v 0.00389835006 0.000864243018 0.0494999997
v 0.00389835006 0.000864243018 0.000500000024
v 0.00385693996 0.00103346002 0.000500000024
v 0.00385693996 0.00103346002 0.0494999997
v 0.00385693996 0.00103346002 0.000500000024
v 0.00380819011 0.00120071997 0.000500000024
v 0.00380819011 0.00120071997 0.0494999997
v 0.00380819011 0.00120071997 0.000500000024
v 0.00375218992 0.00136569003 0.000500000024
v 0.00375218992 0.00136569003 0.0494999997
v 0.00375218992 0.00136569003 0.000500000024
v 0.00368904998 0.00152805005 0.000500000024
v 0.00368904998 0.00152805005 0.0494999997
v 0.00368904998 0.00152805005 0.000500000024
v 0.00361888995 0.00168751006 0.000500000024
v 0.00361888995 0.00168751006 0.0494999997
v 0.00361888995 0.00168751006 0.000500000024
v 0.00354183 0.00184376002 0.000500000024
v 0.00354183 0.00184376002 0.0494999997
v 0.00354183 0.00184376002 0.000500000024
v 0.00345804007 0.00199649995 0.000500000024
v 0.00345804007 0.00199649995 0.0494999997
v 0.00345804007 0.00199649995 0.000500000024
v 0.0033676601 0.00214544008 0.000500000024
v 0.0033676601 0.00214544008 0.0494999997
v 0.0033676601 0.00214544008 0.000500000024
v 0.00327087007 0.00229029008 0.000500000024
v 0.00327087007 0.00229029008 0.0494999997
v 0.00327087007 0.00229029008 0.000500000024
v 0.00316785998 0.00243078009 0.000500000024
v 0.00316785998 0.00243078009 0.0494999997
v 0.00316785998 0.00243078009 0.000500000024
v 0.00305882003 0.00256665004 0.000500000024
v 0.00305882003 0.00256665004 0.0494999997
v 0.00305882003 0.00256665004 0.000500000024
v 0.00294395001 0.00269763009 0.000500000024
v 0.00294395001 0.00269763009 0.0494999997
v 0.00294395001 0.00269763009 0.000500000024
v 0.00282347994 0.00282347994 0.000500000024
v 0.00282347994 0.00282347994 0.0494999997
v 0.00282347994 0.00282347994 0.000500000024
v 0.00269763009 0.00294395001 0.000500000024
v 0.00269763009 0.00294395001 0.0494999997
v 0.00269763009 0.00294395001 0.000500000024
v 0.00256665004 0.00305882003 0.000500000024
v 0.00256665004 0.00305882003 0.0494999997
v 0.00256665004 0.00305882003 0.000500000024
v 0.00243078009 0.00316785998 0.000500000024
v 0.00243078009 0.00316785998 0.0494999997
v 0.00243078009 0.00316785998 0.000500000024
v 0.00229029008 0.00327087007 0.000500000024
v 0.00229029008 0.00327087007 0.0494999997
v 0.00229029008 0.00327087007 0.000500000024
v 0.00214544008 0.0033676601 0.000500000024
v 0.00214544008 0.0033676601 0.0494999997
v 0.00214544008 0.0033676601 0.000500000024
v 0.00199649995 0.00345804007 0.000500000024
v 0.00199649995 0.00345804007 0.0494999997
v 0.00199649995 0.00345804007 0.000500000024
v 0.00184376002 0.00354183 0.000500000024
v 0.00184376002 0.00354183 0.0494999997
v 0.00184376002 0.00354183 0.000500000024
v 0.00168751006 0.00361888995 0.000500000024
v 0.00168751006 0.00361888995 0.0494999997
v 0.00168751006 0.00361888995 0.000500000024
v 0.00152805005 0.00368904998 0.000500000024
v 0.00152805005 0.00368904998 0.0494999997
v 0.00152805005 0.00368904998 0.000500000024
v 0.00136569003 0.00375218992 0.000500000024
v 0.00136569003 0.00375218992 0.0494999997
v 0.00136569003 0.00375218992 0.000500000024
v 0.00120071997 0.00380819011 0.000500000024
v 0.00120071997 0.00380819011 0.0494999997
v 0.00120071997 0.00380819011 0.000500000024
v 0.00103346002 0.00385693996 0.000500000024
v 0.00103346002 0.00385693996 0.0494999997
v 0.00103346002 0.00385693996 0.000500000024
v 0.000864243018 0.00389835006 0.000500000024
v 0.000864243018 0.00389835006 0.0494999997
v 0.000864243018 0.00389835006 0.000500000024
v 0.000693376991 0.00393234007 0.000500000024
v 0.000693376991 0.00393234007 0.0494999997
v 0.000693376991 0.00393234007 0.000500000024
v 0.000521190988 0.00395883992 0.000500000024
v 0.000521190988 0.00395883992 0.0494999997
v 0.000521190988 0.00395883992 0.000500000024
v 0.000348013011 0.00397781003 0.000500000024
v 0.000348013011 0.00397781003 0.0494999997
v 0.000348013011 0.00397781003 0.000500000024
v 0.000174172004 0.00398920011 0.000500000024
v 0.000174172004 0.00398920011 0.0494999997
v 0.000174172004 0.00398920011 0.000500000024
v 4.67761992e-18 0.0039929999 0.000500000024
v -4.67761992e-18 0.0039929999 0.0494999997
v 4.67761992e-18 0.0039929999 0.000500000024
v -0.000174172004 0.00398920011 0.000500000024
v -0.000174172004 0.00398920011 0.0494999997
v -0.000174172004 0.00398920011 0.000500000024
v -0.000348013011 0.00397781003 0.000500000024
v -0.000348013011 0.00397781003 0.0494999997
v -0.000348013011 0.00397781003 0.000500000024
v -0.000521190988 0.00395883992 0.000500000024
v -0.000521190988 0.00395883992 0.0494999997
v -0.000521190988 0.00395883992 0.000500000024
v -0.000693376991 0.00393234007 0.000500000024
v -0.000693376991 0.00393234007 0.0494999997
v -0.000693376991 0.00393234007 0.000500000024
v -0.000864243018 0.00389835006 0.000500000024
v -0.000864243018 0.00389835006 0.0494999997
v -0.000864243018 0.00389835006 0.000500000024
v -0.00103346002 0.00385693996 0.000500000024
v -0.00103346002 0.00385693996 0.0494999997
v -0.00103346002 0.00385693996 0.000500000024
v -0.00120071997 0.00380819011 0.000500000024
v -0.00120071997 0.00380819011 0.0494999997
v -0.00120071997 0.00380819011 0.000500000024
v -0.00136569003 0.00375218992 0.000500000024
v -0.00136569003 0.00375218992 0.0494999997
v -0.00136569003 0.00375218992 0.000500000024
v -0.00152805005 0.00368904998 0.000500000024
v -0.00152805005 0.00368904998 0.0494999997
v -0.00152805005 0.00368904998 0.000500000024
v -0.00168751006 0.00361888995 0.000500000024
v -0.00168751006 0.00361888995 0.0494999997
v -0.00168751006 0.00361888995 0.000500000024
v -0.00184376002 0.00354183 0.000500000024
v -0.00184376002 0.00354183 0.0494999997
v -0.00184376002 0.00354183 0.000500000024
v -0.00199649995 0.00345804007 0.000500000024
v -0.00199649995 0.00345804007 0.0494999997
v -0.00199649995 0.00345804007 0.000500000024
v -0.00214544008 0.0033676601 0.000500000024
v -0.00214544008 0.0033676601 0.0494999997
v -0.00214544008 0.0033676601 0.000500000024
v -0.00229029008 0.00327087007 0.000500000024
v -0.00229029008 0.00327087007 0.0494999997
v -0.00229029008 0.00327087007 0.000500000024
v -0.00243078009 0.00316785998 0.000500000024
v -0.00243078009 0.00316785998 0.0494999997
v -0.00243078009 0.00316785998 0.000500000024
v -0.00256665004 0.00305882003 0.000500000024
v -0.00256665004 0.00305882003 0.0494999997
v -0.00256665004 0.00305882003 0.000500000024
v -0.00269763009 0.00294395001 0.000500000024
v -0.00269763009 0.00294395001 0.0494999997
v -0.00269763009 0.00294395001 0.000500000024
v -0.00282347994 0.00282347994 0.000500000024
v -0.00282347994 0.00282347994 0.0494999997
v -0.00282347994 0.00282347994 0.000500000024
v -0.00294395001 0.00269763009 0.000500000024
v -0.00294395001 0.00269763009 0.0494999997
v -0.00294395001 0.00269763009 0.000500000024
v -0.00305882003 0.00256665004 0.000500000024
v -0.00305882003 0.00256665004 0.0494999997
v -0.00305882003 0.00256665004 0.000500000024
v -0.00316785998 0.00243078009 0.000500000024
v -0.00316785998 0.00243078009 0.0494999997
v -0.00316785998 0.00243078009 0.000500000024
v -0.00327087007 0.00229029008 0.000500000024
v -0.00327087007 0.00229029008 0.0494999997
v -0.00327087007 0.00229029008 0.000500000024
v -0.0033676601 0.00214544008 0.000500000024
v -0.0033676601 0.00214544008 0.0494999997
v -0.0033676601 0.00214544008 0.000500000024
v -0.00345804007 0.00199649995 0.000500000024
v -0.00345804007 0.00199649995 0.0494999997
v -0.00345804007 0.00199649995 0.000500000024
v -0.00354183 0.00184376002 0.000500000024
v -0.00354183 0.00184376002 0.0494999997
v -0.00354183 0.00184376002 0.000500000024
v -0.00361888995 0.00168751006 0.000500000024
v -0.00361888995 0.00168751006 0.0494999997
v -0.00361888995 0.00168751006 0.000500000024
v -0.00368904998 0.00152805005 0.000500000024
v -0.00368904998 0.00152805005 0.0494999997
v -0.00368904998 0.00152805005 0.000500000024
v -0.00375218992 0.00136569003 0.000500000024
v -0.00375218992 0.00136569003 0.0494999997
v -0.00375218992 0.00136569003 0.000500000024
v -0.00380819011 0.00120071997 0.000500000024
v -0.00380819011 0.00120071997 0.0494999997
v -0.00380819011 0.00120071997 0.000500000024
v -0.00385693996 0.00103346002 0.000500000024
v -0.00385693996 0.00103346002 0.0494999997
v -0.00385693996 0.00103346002 0.000500000024
v -0.00389835006 0.000864243018 0.000500000024
v -0.00389835006 0.000864243018 0.0494999997
v -0.00389835006 0.000864243018 0.000500000024
v -0.00393234007 0.000693376991 0.000500000024
v -0.00393234007 0.000693376991 0.0494999997
v -0.00393234007 0.000693376991 0.000500000024
v -0.00395883992 0.000521190988 0.000500000024
v -0.00395883992 0.000521190988 0.0494999997
v -0.00395883992 0.000521190988 0.000500000024
v -0.00397781003 0.000348013011 0.000500000024
v -0.00397781003 0.000348013011 0.0494999997
v -0.00397781003 0.000348013011 0.000500000024
v -0.00398920011 0.000174172004 0.000500000024
v -0.00398920011 0.000174172004 0.0494999997
v -0.00398920011 0.000174172004 0.000500000024
v -0.0039929999 1.13729997e-17 0.000500000024
v 0 2.44500992e-19 0
v 0.00348967989 -0.000152363005 0
v 0.00347971008 -0.000304435001 0
v 0.00347971008 -0.000304435001 0
v 0.00346311997 -0.000455928006 0
v 0 2.44500992e-19 0
v 0.00346311997 -0.000455928006 0
v 0.00343993003 -0.000606552989 0
v 0 2.44500992e-19 0
v 0.00343993003 -0.000606552989 0
v 0.00341019989 -0.000756023976 0
v 0 2.44500992e-19 0
v 0.00341019989 -0.000756023976 0
v 0.00337398006 -0.000904055021 0
v 0 2.44500992e-19 0
v 0.00337398006 -0.000904055021 0
v 0.00333132991 -0.00105037005 0
v 0 2.44500992e-19 0
v 0.00333132991 -0.00105037005 0
v 0.00328235002 -0.00119467999 0
v 0 2.44500992e-19 0
v 0.00328235002 -0.00119467999 0
v 0.00322711002 -0.00133670995 0
v 0 2.44500992e-19 0
v 0.00322711002 -0.00133670995 0
v 0.00316573004 -0.00147620996 0
v 0 2.44500992e-19 0
v 0.00316573004 -0.00147620996 0
v 0.00309832999 -0.00161289005 0
v 0 2.44500992e-19 0
v 0.00309832999 -0.00161289005 0
v 0.00302503002 -0.00174650003 0
v 0 2.44500992e-19 0
v 0.00302503002 -0.00174650003 0
v 0.00294597005 -0.00187678996 0
v 0 2.44500992e-19 0
v 0.00294597005 -0.00187678996 0
v 0.00286130002 -0.00200350001 0
v 0 2.44500992e-19 0
v 0.00286130002 -0.00200350001 0
v 0.00277117989 -0.00212639989 0
v 0 2.44500992e-19 0
v 0.00277117989 -0.00212639989 0
v 0.00267579011 -0.00224525994 0
v 0 2.44500992e-19 0
v 0.00267579011 -0.00224525994 0
v 0.00257530995 -0.00235984009 0
v 0 2.44500992e-19 0
v 0.00257530995 -0.00235984009 0
v 0.00246992009 -0.00246992009 0
v 0 2.44500992e-19 0
v 0.00246992009 -0.00246992009 0
v 0.00235984009 -0.00257530995 0
v 0 2.44500992e-19 0
v 0.00235984009 -0.00257530995 0
v 0.00224525994 -0.00267579011 0
v 0 2.44500992e-19 0
v 0.00224525994 -0.00267579011 0
v 0.00212639989 -0.00277117989 0
v 0 2.44500992e-19 0
v 0.00212639989 -0.00277117989 0
v 0.00200350001 -0.00286130002 0
v 0 2.44500992e-19 0
v 0.00200350001 -0.00286130002 0
v 0.00187678996 -0.00294597005 0
v 0 2.44500992e-19 0
v 0.00187678996 -0.00294597005 0
v 0.00174650003 -0.00302503002 0
v 0 2.44500992e-19 0
v 0.00174650003 -0.00302503002 0
v 0.00161289005 -0.00309832999 0
v 0 2.44500992e-19 0
v 0.00161289005 -0.00309832999 0
v 0.00147620996 -0.00316573004 0
v 0 2.44500992e-19 0
v 0.00147620996 -0.00316573004 0
v 0.00133670995 -0.00322711002 0
v 0 2.44500992e-19 0
v 0.00133670995 -0.00322711002 0
v 0.00119467999 -0.00328235002 0
v 0 2.44500992e-19 0
v 0.00119467999 -0.00328235002 0
v 0.00105037005 -0.00333132991 0
v 0 2.44500992e-19 0
v 0.00105037005 -0.00333132991 0
v 0.000904055021 -0.00337398006 0
v 0 2.44500992e-19 0
v 0.000904055021 -0.00337398006 0
v 0.000756023976 -0.00341019989 0
v 0 2.44500992e-19 0
v 0.000756023976 -0.00341019989 0
v 0.000606552989 -0.00343993003 0
v 0 2.44500992e-19 0
v 0.000606552989 -0.00343993003 0
v 0.000455928006 -0.00346311997 0
v 0 2.44500992e-19 0
v 0.000455928006 -0.00346311997 0
v 0.000304435001 -0.00347971008 0
v 0 2.44500992e-19 0
v 0.000304435001 -0.00347971008 0
v 0.000152363005 -0.00348967989 0
v 0 2.44500992e-19 0
v 0.000152363005 -0.00348967989 0
v -1.61537008e-17 -0.00349300005 0
v 0 2.44500992e-19 0
v -1.61537008e-17 -0.00349300005 0
v -0.000152363005 -0.00348967989 0
v 0 2.44500992e-19 0
v -0.000152363005 -0.00348967989 0
v -0.000304435001 -0.00347971008 0
v 0 2.44500992e-19 0
v -0.000304435001 -0.00347971008 0
v -0.000455928006 -0.00346311997 0
v 0 2.44500992e-19 0
v -0.000455928006 -0.00346311997 0
v -0.000606552989 -0.00343993003 0
v 0 2.44500992e-19 0
v -0.000606552989 -0.00343993003 0
v -0.000756023976 -0.00341019989 0
v 0 2.44500992e-19 0
v -0.000756023976 -0.00341019989 0
v -0.000904055021 -0.00337398006 0
v 0 2.44500992e-19 0
v -0.000904055021 -0.00337398006 0
v -0.00105037005 -0.00333132991 0
v 0 2.44500992e-19 0
v -0.00105037005 -0.00333132991 0
v -0.00119467999 -0.00328235002 0
v 0 2.44500992e-19 0
v -0.00119467999 -0.00328235002 0
v -0.00133670995 -0.00322711002 0
v 0 2.44500992e-19 0
v -0.00133670995 -0.00322711002 0
v -0.00147620996 -0.00316573004 0
v 0 2.44500992e-19 0
v -0.00147620996 -0.00316573004 0
v -0.00161289005 -0.00309832999 0
v 0 2.44500992e-19 0
v -0.00161289005 -0.00309832999 0
v -0.00174650003 -0.00302503002 0
v 0 2.44500992e-19 0
v -0.00174650003 -0.00302503002 0
v -0.00187678996 -0.00294597005 0
v 0 2.44500992e-19 0
v -0.00187678996 -0.00294597005 0
v -0.00200350001 -0.00286130002 0
v 0 2.44500992e-19 0
v -0.00200350001 -0.00286130002 0
v -0.00212639989 -0.00277117989 0
v 0 2.44500992e-19 0
v -0.00212639989 -0.00277117989 0
v -0.00224525994 -0.00267579011 0
v 0 2.44500992e-19 0
v -0.00224525994 -0.00267579011 0
v -0.00235984009 -0.00257530995 0
v 0 2.44500992e-19 0
v -0.00235984009 -0.00257530995 0
v -0.00246992009 -0.00246992009 0
v 0 2.44500992e-19 0
v -0.00246992009 -0.00246992009 0
v -0.00257530995 -0.00235984009 0
v 0 2.44500992e-19 0
v -0.00257530995 -0.00235984009 0
v -0.00267579011 -0.00224525994 0
v 0 2.44500992e-19 0
v -0.00267579011 -0.00224525994 0
v -0.00277117989 -0.00212639989 0
v 0 2.44500992e-19 0
v -0.00277117989 -0.00212639989 0
v -0.00286130002 -0.00200350001 0
v 0 2.44500992e-19 0
v -0.00286130002 -0.00200350001 0
v -0.00294597005 -0.00187678996 0
v 0 2.44500992e-19 0
v -0.00294597005 -0.00187678996 0
v -0.00302503002 -0.00174650003 0
v 0 2.44500992e-19 0
v -0.00302503002 -0.00174650003 0
v -0.00309832999 -0.00161289005 0
v 0 2.44500992e-19 0
v -0.00309832999 -0.00161289005 0
v -0.00316573004 -0.00147620996 0
v 0 2.44500992e-19 0
v -0.00316573004 -0.00147620996 0
v -0.00322711002 -0.00133670995 0
v 0 2.44500992e-19 0
v -0.00322711002 -0.00133670995 0
v -0.00328235002 -0.00119467999 0
v 0 2.44500992e-19 0
v -0.00328235002 -0.00119467999 0
v -0.00333132991 -0.00105037005 0
v 0 2.44500992e-19 0
v -0.00333132991 -0.00105037005 0
v -0.00337398006 -0.000904055021 0
v 0 2.44500992e-19 0
v -0.00337398006 -0.000904055021 0
v -0.00341019989 -0.000756023976 0
v 0 2.44500992e-19 0
v -0.00341019989 -0.000756023976 0
v -0.00343993003 -0.000606552989 0
v 0 2.44500992e-19 0
v -0.00343993003 -0.000606552989 0
v -0.00346311997 -0.000455928006 0
v 0 2.44500992e-19 0
v -0.00346311997 -0.000455928006 0
v -0.00347971008 -0.000304435001 0
v 0 2.44500992e-19 0
v -0.00347971008 -0.000304435001 0
v -0.00348967989 -0.000152363005 0
v 0 2.44500992e-19 0
v -0.00348967989 -0.000152363005 0
v -0.00349300005 9.97948989e-18 0
v 0 2.44500992e-19 0
v -0.00349300005 9.97948989e-18 0
v -0.00348967989 0.000152363005 0
v 0 2.44500992e-19 0
v -0.00348967989 0.000152363005 0
v -0.00347971008 0.000304435001 0
v 0 2.44500992e-19 0
v -0.00347971008 0.000304435001 0
v -0.00346311997 0.000455928006 0
v 0 2.44500992e-19 0
v -0.00346311997 0.000455928006 0
v -0.00343993003 0.000606552989 0
v 0 2.44500992e-19 0
v -0.00343993003 0.000606552989 0
v -0.00341019989 0.000756023976 0
v 0 2.44500992e-19 0
v -0.00341019989 0.000756023976 0
v -0.00337398006 0.000904055021 0
v 0 2.44500992e-19 0
v -0.00337398006 0.000904055021 0
v -0.00333132991 0.00105037005 0
v 0 2.44500992e-19 0
v -0.00333132991 0.00105037005 0
v -0.00328235002 0.00119467999 0
v 0 2.44500992e-19 0
v -0.00328235002 0.00119467999 0
v -0.00322711002 0.00133670995 0
v 0 2.44500992e-19 0
v -0.00322711002 0.00133670995 0
v -0.00316573004 0.00147620996 0
v 0 2.44500992e-19 0
v -0.00316573004 0.00147620996 0
v -0.00309832999 0.00161289005 0
v 0 2.44500992e-19 0
v -0.00309832999 0.00161289005 0
v -0.00302503002 0.00174650003 0
v 0 2.44500992e-19 0
v -0.00302503002 0.00174650003 0
v -0.00294597005 0.00187678996 0
v 0 2.44500992e-19 0
v -0.00294597005 0.00187678996 0
v -0.00286130002 0.00200350001 0
v 0 2.44500992e-19 0
v -0.00286130002 0.00200350001 0
v -0.00277117989 0.00212639989 0
v 0 2.44500992e-19 0
v -0.00277117989 0.00212639989 0
v -0.00267579011 0.00224525994 0
v 0 2.44500992e-19 0
v -0.00267579011 0.00224525994 0
v -0.00257530995 0.00235984009 0
v 0 2.44500992e-19 0
v -0.00257530995 0.00235984009 0
v -0.00246992009 0.00246992009 0
v 0 2.44500992e-19 0
v -0.00246992009 0.00246992009 0
v -0.00235984009 0.00257530995 0
v 0 2.44500992e-19 0
v -0.00235984009 0.00257530995 0
v -0.00224525994 0.00267579011 0
v 0 2.44500992e-19 0
v -0.00224525994 0.00267579011 0
v -0.00212639989 0.00277117989 0
v 0 2.44500992e-19 0
v -0.00212639989 0.00277117989 0
v -0.00200350001 0.00286130002 0
v 0 2.44500992e-19 0
v -0.00200350001 0.00286130002 0
v -0.00187678996 0.00294597005 0
v 0 2.44500992e-19 0
v -0.00187678996 0.00294597005 0
v -0.00174650003 0.00302503002 0
v 0 2.44500992e-19 0
v -0.00174650003 0.00302503002 0
v -0.00161289005 0.00309832999 0
v 0 2.44500992e-19 0
v -0.00161289005 0.00309832999 0
v -0.00147620996 0.00316573004 0
v 0 2.44500992e-19 0
v -0.00147620996 0.00316573004 0
v -0.00133670995 0.00322711002 0
v 0 2.44500992e-19 0
v -0.00133670995 0.00322711002 0
v -0.00119467999 0.00328235002 0
v 0 2.44500992e-19 0
v -0.00119467999 0.00328235002 0
v -0.00105037005 0.00333132991 0
v 0 2.44500992e-19 0
v -0.00105037005 0.00333132991 0
v -0.000904055021 0.00337398006 0
v 0 2.44500992e-19 0
v -0.000904055021 0.00337398006 0
v -0.000756023976 0.00341019989 0
v 0 2.44500992e-19 0
v -0.000756023976 0.00341019989 0
v -0.000606552989 0.00343993003 0
v 0 2.44500992e-19 0
v -0.000606552989 0.00343993003 0
v -0.000455928006 0.00346311997 0
v 0 2.44500992e-19 0
v -0.000455928006 0.00346311997 0
v -0.000304435001 0.00347971008 0
v 0 2.44500992e-19 0
v -0.000304435001 0.00347971008 0
v -0.000152363005 0.00348967989 0
v 0 2.44500992e-19 0
v -0.000152363005 0.00348967989 0
v 4.09189002e-18 0.00349300005 0
v 0 2.44500992e-19 0
v 4.09189002e-18 0.00349300005 0
v 0.000152363005 0.00348967989 0
v 0 2.44500992e-19 0
v 0.000152363005 0.00348967989 0
v 0.000304435001 0.00347971008 0
v 0 2.44500992e-19 0
v 0.000304435001 0.00347971008 0
v 0.000455928006 0.00346311997 0
v 0 2.44500992e-19 0
v 0.000455928006 0.00346311997 0
v 0.000606552989 0.00343993003 0
v 0 2.44500992e-19 0
v 0.000606552989 0.00343993003 0
v 0.000756023976 0.00341019989 0
v 0 2.44500992e-19 0
v 0.000756023976 0.00341019989 0
v 0.000904055021 0.00337398006 0
v 0 2.44500992e-19 0
v 0.000904055021 0.00337398006 0
v 0.00105037005 0.00333132991 0
v 0 2.44500992e-19 0
v 0.00105037005 0.00333132991 0
v 0.00119467999 0.00328235002 0
v 0 2.44500992e-19 0
v 0.00119467999 0.00328235002 0
v 0.00133670995 0.00322711002 0
v 0 2.44500992e-19 0
v 0.00133670995 0.00322711002 0
v 0.00147620996 0.00316573004 0
v 0 2.44500992e-19 0
v 0.00147620996 0.00316573004 0
v 0.00161289005 0.00309832999 0
v 0 2.44500992e-19 0
v 0.00161289005 0.00309832999 0
v 0.00174650003 0.00302503002 0
v 0 2.44500992e-19 0
v 0.00174650003 0.00302503002 0
v 0.00187678996 0.00294597005 0
v 0 2.44500992e-19 0
v 0.00187678996 0.00294597005 0
v 0.00200350001 0.00286130002 0
v 0 2.44500992e-19 0
v 0.00200350001 0.00286130002 0
v 0.00212639989 0.00277117989 0
v 0 2.44500992e-19 0
v 0.00212639989 0.00277117989 0
v 0.00224525994 0.00267579011 0
v 0 2.44500992e-19 0
v 0.00224525994 0.00267579011 0
v 0.00235984009 0.00257530995 0
v 0 2.44500992e-19 0
v 0.00235984009 0.00257530995 0
v 0.00246992009 0.00246992009 0
v 0 2.44500992e-19 0
v 0.00246992009 0.00246992009 0
v 0.00257530995 0.00235984009 0
v 0 2.44500992e-19 0
v 0.00257530995 0.00235984009 0
v 0.00267579011 0.00224525994 0
v 0 2.44500992e-19 0
v 0.00267579011 0.00224525994 0
v 0.00277117989 0.00212639989 0
v 0 2.44500992e-19 0
v 0.00277117989 0.00212639989 0
v 0.00286130002 0.00200350001 0
v 0 2.44500992e-19 0
v 0.00286130002 0.00200350001 0
v 0.00294597005 0.00187678996 0
v 0 2.44500992e-19 0
v 0.00294597005 0.00187678996 0
v 0.00302503002 0.00174650003 0
v 0 2.44500992e-19 0
v 0.00302503002 0.00174650003 0
v 0.00309832999 0.00161289005 0
v 0 2.44500992e-19 0
v 0.00309832999 0.00161289005 0
v 0.00316573004 0.00147620996 0
v 0 2.44500992e-19 0
v 0.00316573004 0.00147620996 0
v 0.00322711002 0.00133670995 0
v 0 2.44500992e-19 0
v 0.00322711002 0.00133670995 0
v 0.00328235002 0.00119467999 0
v 0 2.44500992e-19 0
v 0.00328235002 0.00119467999 0
v 0.00333132991 0.00105037005 0
v 0 2.44500992e-19 0
v 0.00333132991 0.00105037005 0
v 0.00337398006 0.000904055021 0
v 0 2.44500992e-19 0
v 0.00337398006 0.000904055021 0
v 0.00341019989 0.000756023976 0
v 0 2.44500992e-19 0
v 0.00341019989 0.000756023976 0
v 0.00343993003 0.000606552989 0
v 0 2.44500992e-19 0
v 0.00343993003 0.000606552989 0
v 0.00346311997 0.000455928006 0
v 0 2.44500992e-19 0
v 0.00346311997 0.000455928006 0
v 0.00347971008 0.000304435001 0
v 0 2.44500992e-19 0
v 0.00347971008 0.000304435001 0
v 0.00348967989 0.000152363005 0
v 0 2.44500992e-19 0
v 0.00348967989 0.000152363005 0
v 0.00349300005 -6.11038008e-19 0
v 0 2.44500992e-19 0
v 0.00349300005 -6.11038008e-19 0
v 0.00348967989 -0.000152363005 0
v 0 2.44500992e-19 0
v -0.0039929999 -7.33501995e-19 0.0494999997
v -0.00349300005 2.44500992e-19 0.0500000007
v -0.00348967989 0.000152363005 0.0500000007
v -0.00398920011 0.000174172004 0.0494999997
v -0.00348967989 0.000152363005 0.0500000007
v -0.00347971008 0.000304435001 0.0500000007
v -0.00397781003 0.000348013011 0.0494999997
v -0.00347971008 0.000304435001 0.0500000007
v -0.00346311997 0.000455928006 0.0500000007
v -0.00395883992 0.000521190988 0.0494999997
v -0.00346311997 0.000455928006 0.0500000007
v -0.00343993003 0.000606552989 0.0500000007
v -0.00393234007 0.000693376991 0.0494999997
v -0.00343993003 0.000606552989 0.0500000007
v -0.00341019989 0.000756023976 0.0500000007
v -0.00389835006 0.000864243018 0.0494999997
v -0.00341019989 0.000756023976 0.0500000007
v -0.00337398006 0.000904055021 0.0500000007
v -0.00385693996 0.00103346002 0.0494999997
v -0.00337398006 0.000904055021 0.0500000007
v -0.00333132991 0.00105037005 0.0500000007
v -0.00380819011 0.00120071997 0.0494999997
v -0.00333132991 0.00105037005 0.0500000007
v -0.00328235002 0.00119467999 0.0500000007
v -0.00375218992 0.00136569003 0.0494999997
v -0.00328235002 0.00119467999 0.0500000007
v -0.00322711002 0.00133670995 0.0500000007
v -0.00368904998 0.00152805005 0.0494999997
v -0.00322711002 0.00133670995 0.0500000007
v -0.00316573004 0.00147620996 0.0500000007
v -0.00361888995 0.00168751006 0.0494999997
v -0.00316573004 0.00147620996 0.0500000007
v -0.00309832999 0.00161289005 0.0500000007
v -0.00354183 0.00184376002 0.0494999997
v -0.00309832999 0.00161289005 0.0500000007
v -0.00302503002 0.00174650003 0.0500000007
v -0.00345804007 0.00199649995 0.0494999997
v -0.00302503002 0.00174650003 0.0500000007
v -0.00294597005 0.00187678996 0.0500000007
v -0.0033676601 0.00214544008 0.0494999997
v -0.00294597005 0.00187678996 0.0500000007
v -0.00286130002 0.00200350001 0.0500000007
v -0.00327087007 0.00229029008 0.0494999997
v -0.00286130002 0.00200350001 0.0500000007
v -0.00277117989 0.00212639989 0.0500000007
v -0.00316785998 0.00243078009 0.0494999997
v -0.00277117989 0.00212639989 0.0500000007
v -0.00267579011 0.00224525994 0.0500000007
v -0.00305882003 0.00256665004 0.0494999997
v -0.00267579011 0.00224525994 0.0500000007
v -0.00257530995 0.00235984009 0.0500000007
v -0.00294395001 0.00269763009 0.0494999997
v -0.00257530995 0.00235984009 0.0500000007
v -0.00246992009 0.00246992009 0.0500000007
v -0.00282347994 0.00282347994 0.0494999997
v -0.00246992009 0.00246992009 0.0500000007
v -0.00235984009 0.00257530995 0.0500000007
v -0.00269763009 0.00294395001 0.0494999997
v -0.00235984009 0.00257530995 0.0500000007
v -0.00224525994 0.00267579011 0.0500000007
v -0.00256665004 0.00305882003 0.0494999997
v -0.00224525994 0.00267579011 0.0500000007
v -0.00212639989 0.00277117989 0.0500000007
v -0.00243078009 0.00316785998 0.0494999997
v -0.00212639989 0.00277117989 0.0500000007
v -0.00200350001 0.00286130002 0.0500000007
v -0.00229029008 0.00327087007 0.0494999997
v -0.00200350001 0.00286130002 0.0500000007
v -0.00187678996 0.00294597005 0.0500000007
v -0.00214544008 0.0033676601 0.0494999997
v -0.00187678996 0.00294597005 0.0500000007
v -0.00174650003 0.00302503002 0.0500000007
v -0.00199649995 0.00345804007 0.0494999997
v -0.00174650003 0.00302503002 0.0500000007
v -0.00161289005 0.00309832999 0.0500000007
v -0.00184376002 0.00354183 0.0494999997
v -0.00161289005 0.00309832999 0.0500000007
v -0.00147620996 0.00316573004 0.0500000007
v -0.00168751006 0.00361888995 0.0494999997
v -0.00147620996 0.00316573004 0.0500000007
v -0.00133670995 0.00322711002 0.0500000007
v -0.00152805005 0.00368904998 0.0494999997
v -0.00133670995 0.00322711002 0.0500000007
v -0.00119467999 0.00328235002 0.0500000007
v -0.00136569003 0.00375218992 0.0494999997
v -0.00119467999 0.00328235002 0.0500000007
v -0.00105037005 0.00333132991 0.0500000007
v -0.00120071997 0.00380819011 0.0494999997
v -0.00105037005 0.00333132991 0.0500000007
v -0.000904055021 0.00337398006 0.0500000007
v -0.00103346002 0.00385693996 0.0494999997
v -0.000904055021 0.00337398006 0.0500000007
v -0.000756023976 0.00341019989 0.0500000007
v -0.000864243018 0.00389835006 0.0494999997
v -0.000756023976 0.00341019989 0.0500000007
v -0.000606552989 0.00343993003 0.0500000007
v -0.000693376991 0.00393234007 0.0494999997
v -0.000606552989 0.00343993003 0.0500000007
v -0.000455928006 0.00346311997 0.0500000007
v -0.000521190988 0.00395883992 0.0494999997
v -0.000455928006 0.00346311997 0.0500000007
v -0.000304435001 0.00347971008 0.0500000007
v -0.000348013011 0.00397781003 0.0494999997
v -0.000304435001 0.00347971008 0.0500000007
v -0.000152363005 0.00348967989 0.0500000007
v -0.000174172004 0.00398920011 0.0494999997
v -0.000152363005 0.00348967989 0.0500000007
v -4.09189002e-18 0.00349300005 0.0500000007
v -4.67761992e-18 0.0039929999 0.0494999997
v -4.09189002e-18 0.00349300005 0.0500000007
v 0.000152363005 0.00348967989 0.0500000007
v 0.000174172004 0.00398920011 0.0494999997
v 0.000152363005 0.00348967989 0.0500000007
v 0.000304435001 0.00347971008 0.0500000007
v 0.000348013011 0.00397781003 0.0494999997
v 0.000304435001 0.00347971008 0.0500000007
v 0.000455928006 0.00346311997 0.0500000007
v 0.000521190988 0.00395883992 0.0494999997
v 0.000455928006 0.00346311997 0.0500000007
v 0.000606552989 0.00343993003 0.0500000007
v 0.000693376991 0.00393234007 0.0494999997
v 0.000606552989 0.00343993003 0.0500000007
v 0.000756023976 0.00341019989 0.0500000007
v 0.000864243018 0.00389835006 0.0494999997
v 0.000756023976 0.00341019989 0.0500000007
v 0.000904055021 0.00337398006 0.0500000007
v 0.00103346002 0.00385693996 0.0494999997
v 0.000904055021 0.00337398006 0.0500000007
v 0.00105037005 0.00333132991 0.0500000007
v 0.00120071997 0.00380819011 0.0494999997
v 0.00105037005 0.00333132991 0.0500000007
v 0.00119467999 0.00328235002 0.0500000007
v 0.00136569003 0.00375218992 0.0494999997
v 0.00119467999 0.00328235002 0.0500000007
v 0.00133670995 0.00322711002 0.0500000007
v 0.00152805005 0.00368904998 0.0494999997
v 0.00133670995 0.00322711002 0.0500000007
v 0.00147620996 0.00316573004 0.0500000007
v 0.00168751006 0.00361888995 0.0494999997
v 0.00147620996 0.00316573004 0.0500000007
v 0.00161289005 0.00309832999 0.0500000007
v 0.00184376002 0.00354183 0.0494999997
v 0.00161289005 0.00309832999 0.0500000007
v 0.00174650003 0.00302503002 0.0500000007
v 0.00199649995 0.00345804007 0.0494999997
v 0.00174650003 0.00302503002 0.0500000007
v 0.00187678996 0.00294597005 0.0500000007
v 0.00214544008 0.0033676601 0.0494999997
v 0.00187678996 0.00294597005 0.0500000007
v 0.00200350001 0.00286130002 0.0500000007
v 0.00229029008 0.00327087007 0.0494999997
v 0.00200350001 0.00286130002 0.0500000007
v 0.00212639989 0.00277117989 0.0500000007
v 0.00243078009 0.00316785998 0.0494999997
v 0.00212639989 0.00277117989 0.0500000007
v 0.00224525994 0.00267579011 0.0500000007
v 0.00256665004 0.00305882003 0.0494999997
v 0.00224525994 0.00267579011 0.0500000007
v 0.00235984009 0.00257530995 0.0500000007
v 0.00269763009 0.00294395001 0.0494999997
v 0.00235984009 0.00257530995 0.0500000007
v 0.00246992009 0.00246992009 0.0500000007
v 0.00282347994 0.00282347994 0.0494999997
v 0.00246992009 0.00246992009 0.0500000007
v 0.00257530995 0.00235984009 0.0500000007
v 0.00294395001 0.00269763009 0.0494999997
v 0.00257530995 0.00235984009 0.0500000007
v 0.00267579011 0.00224525994 0.0500000007
v 0.00305882003 0.00256665004 0.0494999997
v 0.00267579011 0.00224525994 0.0500000007
v 0.00277117989 0.00212639989 0.0500000007
v 0.00316785998 0.00243078009 0.0494999997
v 0.00277117989 0.00212639989 0.0500000007
v 0.00286130002 0.00200350001 0.0500000007
v 0.00327087007 0.00229029008 0.0494999997
v 0.00286130002 0.00200350001 0.0500000007
v 0.00294597005 0.00187678996 0.0500000007
v 0.0033676601 0.00214544008 0.0494999997
v 0.00294597005 0.00187678996 0.0500000007
v 0.00302503002 0.00174650003 0.0500000007
v 0.00345804007 0.00199649995 0.0494999997
v 0.00302503002 0.00174650003 0.0500000007
v 0.00309832999 0.00161289005 0.0500000007
v 0.00354183 0.00184376002 0.0494999997
v 0.00309832999 0.00161289005 0.0500000007
v 0.00316573004 0.00147620996 0.0500000007
v 0.00361888995 0.00168751006 0.0494999997
v 0.00316573004 0.00147620996 0.0500000007
v 0.00322711002 0.00133670995 0.0500000007
v 0.00368904998 0.00152805005 0.0494999997
v 0.00322711002 0.00133670995 0.0500000007
v 0.00328235002 0.00119467999 0.0500000007
v 0.00375218992 0.00136569003 0.0494999997
v 0.00328235002 0.00119467999 0.0500000007
v 0.00333132991 0.00105037005 0.0500000007
v 0.00380819011 0.00120071997 0.0494999997
v 0.00333132991 0.00105037005 0.0500000007
v 0.00337398006 0.000904055021 0.0500000007
v 0.00385693996 0.00103346002 0.0494999997
v 0.00337398006 0.000904055021 0.0500000007
v 0.00341019989 0.000756023976 0.0500000007
v 0.00389835006 0.000864243018 0.0494999997
v 0.00341019989 0.000756023976 0.0500000007
v 0.00343993003 0.000606552989 0.0500000007
v 0.00393234007 0.000693376991 0.0494999997
v 0.00343993003 0.000606552989 0.0500000007
v 0.00346311997 0.000455928006 0.0500000007
v 0.00395883992 0.000521190988 0.0494999997
v 0.00346311997 0.000455928006 0.0500000007
v 0.00347971008 0.000304435001 0.0500000007
v 0.00397781003 0.000348013011 0.0494999997
v 0.00347971008 0.000304435001 0.0500000007
v 0.00348967989 0.000152363005 0.0500000007
v 0.00398920011 0.000174172004 0.0494999997
v 0.00348967989 0.000152363005 0.0500000007
v 0.00349300005 1.52781004e-18 0.0500000007
v 0.0039929999 7.33501995e-19 0.0494999997
v 0.00349300005 1.52781004e-18 0.0500000007
v 0.00348967989 -0.000152363005 0.0500000007
v 0.00398920011 -0.000174172004 0.0494999997
v 0.00348967989 -0.000152363005 0.0500000007
v 0.00347971008 -0.000304435001 0.0500000007
v 0.00397781003 -0.000348013011 0.0494999997
v 0.00347971008 -0.000304435001 0.0500000007
v 0.00346311997 -0.000455928006 0.0500000007
v 0.00395883992 -0.000521190988 0.0494999997
v 0.00346311997 -0.000455928006 0.0500000007
v 0.00343993003 -0.000606552989 0.0500000007
v 0.00393234007 -0.000693376991 0.0494999997
v 0.00343993003 -0.000606552989 0.0500000007
v 0.00341019989 -0.000756023976 0.0500000007
v 0.00389835006 -0.000864243018 0.0494999997
v 0.00341019989 -0.000756023976 0.0500000007
v 0.00337398006 -0.000904055021 0.0500000007
v 0.00385693996 -0.00103346002 0.0494999997
v 0.00337398006 -0.000904055021 0.0500000007
v 0.00333132991 -0.00105037005 0.0500000007
v 0.00380819011 -0.00120071997 0.0494999997
v 0.00333132991 -0.00105037005 0.0500000007
v 0.00328235002 -0.00119467999 0.0500000007
v 0.00375218992 -0.00136569003 0.0494999997
v 0.00328235002 -0.00119467999 0.0500000007
v 0.00322711002 -0.00133670995 0.0500000007
v 0.00368904998 -0.00152805005 0.0494999997
v 0.00322711002 -0.00133670995 0.0500000007
v 0.00316573004 -0.00147620996 0.0500000007
v 0.00361888995 -0.00168751006 0.0494999997
v 0.00316573004 -0.00147620996 0.0500000007
v 0.00309832999 -0.00161289005 0.0500000007
v 0.00354183 -0.00184376002 0.0494999997
v 0.00309832999 -0.00161289005 0.0500000007
v 0.00302503002 -0.00174650003 0.0500000007
v 0.00345804007 -0.00199649995 0.0494999997
v 0.00302503002 -0.00174650003 0.0500000007
v 0.00294597005 -0.00187678996 0.0500000007
v 0.0033676601 -0.00214544008 0.0494999997
v 0.00294597005 -0.00187678996 0.0500000007
v 0.00286130002 -0.00200350001 0.0500000007
v 0.00327087007 -0.00229029008 0.0494999997
v 0.00286130002 -0.00200350001 0.0500000007
v 0.00277117989 -0.00212639989 0.0500000007
v 0.00316785998 -0.00243078009 0.0494999997
v 0.00277117989 -0.00212639989 0.0500000007
v 0.00267579011 -0.00224525994 0.0500000007
v 0.00305882003 -0.00256665004 0.0494999997
v 0.00267579011 -0.00224525994 0.0500000007
v 0.00257530995 -0.00235984009 0.0500000007
v 0.00294395001 -0.00269763009 0.0494999997
v 0.00257530995 -0.00235984009 0.0500000007
v 0.00246992009 -0.00246992009 0.0500000007
v 0.00282347994 -0.00282347994 0.0494999997
v 0.00246992009 -0.00246992009 0.0500000007
v 0.00235984009 -0.00257530995 0.0500000007
v 0.00269763009 -0.00294395001 0.0494999997
v 0.00235984009 -0.00257530995 0.0500000007
v 0.00224525994 -0.00267579011 0.0500000007
v 0.00256665004 -0.00305882003 0.0494999997
v 0.00224525994 -0.00267579011 0.0500000007
v 0.00212639989 -0.00277117989 0.0500000007
v 0.00243078009 -0.00316785998 0.0494999997
v 0.00212639989 -0.00277117989 0.0500000007
v 0.00200350001 -0.00286130002 0.0500000007
v 0.00229029008 -0.00327087007 0.0494999997
v 0.00200350001 -0.00286130002 0.0500000007
v 0.00187678996 -0.00294597005 0.0500000007
v 0.00214544008 -0.0033676601 0.0494999997
v 0.00187678996 -0.00294597005 0.0500000007
v 0.00174650003 -0.00302503002 0.0500000007
v 0.00199649995 -0.00345804007 0.0494999997
v 0.00174650003 -0.00302503002 0.0500000007
v 0.00161289005 -0.00309832999 0.0500000007
v 0.00184376002 -0.00354183 0.0494999997
v 0.00161289005 -0.00309832999 0.0500000007
v 0.00147620996 -0.00316573004 0.0500000007
v 0.00168751006 -0.00361888995 0.0494999997
v 0.00147620996 -0.00316573004 0.0500000007
v 0.00133670995 -0.00322711002 0.0500000007
v 0.00152805005 -0.00368904998 0.0494999997
v 0.00133670995 -0.00322711002 0.0500000007
v 0.00119467999 -0.00328235002 0.0500000007
v 0.00136569003 -0.00375218992 0.0494999997
v 0.00119467999 -0.00328235002 0.0500000007
v 0.00105037005 -0.00333132991 0.0500000007
v 0.00120071997 -0.00380819011 0.0494999997
v 0.00105037005 -0.00333132991 0.0500000007
v 0.000904055021 -0.00337398006 0.0500000007
v 0.00103346002 -0.00385693996 0.0494999997
v 0.000904055021 -0.00337398006 0.0500000007
v 0.000756023976 -0.00341019989 0.0500000007
v 0.000864243018 -0.00389835006 0.0494999997
v 0.000756023976 -0.00341019989 0.0500000007
v 0.000606552989 -0.00343993003 0.0500000007
v 0.000693376991 -0.00393234007 0.0494999997
v 0.000606552989 -0.00343993003 0.0500000007
v 0.000455928006 -0.00346311997 0.0500000007
v 0.000521190988 -0.00395883992 0.0494999997
v 0.000455928006 -0.00346311997 0.0500000007
v 0.000304435001 -0.00347971008 0.0500000007
v 0.000348013011 -0.00397781003 0.0494999997
v 0.000304435001 -0.00347971008 0.0500000007
v 0.000152363005 -0.00348967989 0.0500000007
v 0.000174172004 -0.00398920011 0.0494999997
v 0.000152363005 -0.00348967989 0.0500000007
v 1.61537008e-17 -0.00349300005 0.0500000007
v 1.84659998e-17 -0.0039929999 0.0494999997
v 1.61537008e-17 -0.00349300005 0.0500000007
v -0.000152363005 -0.00348967989 0.0500000007
v -0.000174172004 -0.00398920011 0.0494999997
v -0.000152363005 -0.00348967989 0.0500000007
v -0.000304435001 -0.00347971008 0.0500000007
v -0.000348013011 -0.00397781003 0.0494999997
v -0.000304435001 -0.00347971008 0.0500000007
v -0.000455928006 -0.00346311997 0.0500000007
v -0.000521190988 -0.00395883992 0.0494999997
v -0.000455928006 -0.00346311997 0.0500000007
v -0.000606552989 -0.00343993003 0.0500000007
v -0.000693376991 -0.00393234007 0.0494999997
v -0.000606552989 -0.00343993003 0.0500000007
v -0.000756023976 -0.00341019989 0.0500000007
v -0.000864243018 -0.00389835006 0.0494999997
v -0.000756023976 -0.00341019989 0.0500000007
v -0.000904055021 -0.00337398006 0.0500000007
v -0.00103346002 -0.00385693996 0.0494999997
v -0.000904055021 -0.00337398006 0.0500000007
v -0.00105037005 -0.00333132991 0.0500000007
v -0.00120071997 -0.00380819011 0.0494999997
v -0.00105037005 -0.00333132991 0.0500000007
v -0.00119467999 -0.00328235002 0.0500000007
v -0.00136569003 -0.00375218992 0.0494999997
v -0.00119467999 -0.00328235002 0.0500000007
v -0.00133670995 -0.00322711002 0.0500000007
v -0.00152805005 -0.00368904998 0.0494999997
v -0.00133670995 -0.00322711002 0.0500000007
v -0.00147620996 -0.00316573004 0.0500000007
v -0.00168751006 -0.00361888995 0.0494999997
v -0.00147620996 -0.00316573004 0.0500000007
v -0.00161289005 -0.00309832999 0.0500000007
v -0.00184376002 -0.00354183 0.0494999997
v -0.00161289005 -0.00309832999 0.0500000007
v -0.00174650003 -0.00302503002 0.0500000007
v -0.00199649995 -0.00345804007 0.0494999997
v -0.00174650003 -0.00302503002 0.0500000007
v -0.00187678996 -0.00294597005 0.0500000007
v -0.00214544008 -0.0033676601 0.0494999997
v -0.00187678996 -0.00294597005 0.0500000007
v -0.00200350001 -0.00286130002 0.0500000007
v -0.00229029008 -0.00327087007 0.0494999997
v -0.00200350001 -0.00286130002 0.0500000007
v -0.00212639989 -0.00277117989 0.0500000007
v -0.00243078009 -0.00316785998 0.0494999997
v -0.00212639989 -0.00277117989 0.0500000007
v -0.00224525994 -0.00267579011 0.0500000007
v -0.00256665004 -0.00305882003 0.0494999997
v -0.00224525994 -0.00267579011 0.0500000007
v -0.00235984009 -0.00257530995 0.0500000007
v -0.00269763009 -0.00294395001 0.0494999997
v -0.00235984009 -0.00257530995 0.0500000007
v -0.00246992009 -0.00246992009 0.0500000007
v -0.00282347994 -0.00282347994 0.0494999997
v -0.00246992009 -0.00246992009 0.0500000007
v -0.00257530995 -0.00235984009 0.0500000007
v -0.00294395001 -0.00269763009 0.0494999997
v -0.00257530995 -0.00235984009 0.0500000007
v -0.00267579011 -0.00224525994 0.0500000007
v -0.00305882003 -0.00256665004 0.0494999997
v -0.00267579011 -0.00224525994 0.0500000007
v -0.00277117989 -0.00212639989 0.0500000007
v -0.00316785998 -0.00243078009 0.0494999997
v -0.00277117989 -0.00212639989 0.0500000007
v -0.00286130002 -0.00200350001 0.0500000007
v -0.00327087007 -0.00229029008 0.0494999997
v -0.00286130002 -0.00200350001 0.0500000007
v -0.00294597005 -0.00187678996 0.0500000007
v -0.0033676601 -0.00214544008 0.0494999997
v -0.00294597005 -0.00187678996 0.0500000007
v -0.00302503002 -0.00174650003 0.0500000007
v -0.00345804007 -0.00199649995 0.0494999997
v -0.00302503002 -0.00174650003 0.0500000007
v -0.00309832999 -0.00161289005 0.0500000007
v -0.00354183 -0.00184376002 0.0494999997
v -0.00309832999 -0.00161289005 0.0500000007
v -0.00316573004 -0.00147620996 0.0500000007
v -0.00361888995 -0.00168751006 0.0494999997
v -0.00316573004 -0.00147620996 0.0500000007
v -0.00322711002 -0.00133670995 0.0500000007
v -0.00368904998 -0.00152805005 0.0494999997
v -0.00322711002 -0.00133670995 0.0500000007
v -0.00328235002 -0.00119467999 0.0500000007
v -0.00375218992 -0.00136569003 0.0494999997
v -0.00328235002 -0.00119467999 0.0500000007
v -0.00333132991 -0.00105037005 0.0500000007
v -0.00380819011 -0.00120071997 0.0494999997
v -0.00333132991 -0.00105037005 0.0500000007
v -0.00337398006 -0.000904055021 0.0500000007
v -0.00385693996 -0.00103346002 0.0494999997
v -0.00337398006 -0.000904055021 0.0500000007
v -0.00341019989 -0.000756023976 0.0500000007
v -0.00389835006 -0.000864243018 0.0494999997
v -0.00341019989 -0.000756023976 0.0500000007
v -0.00343993003 -0.000606552989 0.0500000007
v -0.00393234007 -0.000693376991 0.0494999997
v -0.00343993003 -0.000606552989 0.0500000007
v -0.00346311997 -0.000455928006 0.0500000007
v -0.00395883992 -0.000521190988 0.0494999997
v -0.00346311997 -0.000455928006 0.0500000007
v -0.00347971008 -0.000304435001 0.0500000007
v -0.00397781003 -0.000348013011 0.0494999997
v -0.00347971008 -0.000304435001 0.0500000007
v -0.00348967989 -0.000152363005 0.0500000007
v -0.00398920011 -0.000174172004 0.0494999997
v -0.00348967989 -0.000152363005 0.0500000007
v -0.00349300005 2.44500992e-19 0.0500000007
v -0.00349300005 2.44500992e-19 0.0500000007
v -0.0039929999 -7.33501995e-19 0.0494999997
v -0.00398920011 -0.000174172004 0.0494999997
v -0.00348967989 -0.000152363005 0.0500000007
v -0.00398920011 -0.000174172004 0.0494999997
v -0.00397781003 -0.000348013011 0.0494999997
v -0.00347971008 -0.000304435001 0.0500000007
v -0.00397781003 -0.000348013011 0.0494999997
v -0.00395883992 -0.000521190988 0.0494999997
v -0.00346311997 -0.000455928006 0.0500000007
v -0.00395883992 -0.000521190988 0.0494999997
v -0.00393234007 -0.000693376991 0.0494999997
v -0.00343993003 -0.000606552989 0.0500000007
v -0.00393234007 -0.000693376991 0.0494999997
v -0.00389835006 -0.000864243018 0.0494999997
v -0.00341019989 -0.000756023976 0.0500000007
v -0.00389835006 -0.000864243018 0.0494999997
v -0.00385693996 -0.00103346002 0.0494999997
v -0.00337398006 -0.000904055021 0.0500000007
v -0.00385693996 -0.00103346002 0.0494999997
v -0.00380819011 -0.00120071997 0.0494999997
v -0.00333132991 -0.00105037005 0.0500000007
v -0.00380819011 -0.00120071997 0.0494999997
v -0.00375218992 -0.00136569003 0.0494999997
v -0.00328235002 -0.00119467999 0.0500000007
v -0.00375218992 -0.00136569003 0.0494999997
v -0.00368904998 -0.00152805005 0.0494999997
v -0.00322711002 -0.00133670995 0.0500000007
v -0.00368904998 -0.00152805005 0.0494999997
v -0.00361888995 -0.00168751006 0.0494999997
v -0.00316573004 -0.00147620996 0.0500000007
v -0.00361888995 -0.00168751006 0.0494999997
v -0.00354183 -0.00184376002 0.0494999997
v -0.00309832999 -0.00161289005 0.0500000007
v -0.00354183 -0.00184376002 0.0494999997
v -0.00345804007 -0.00199649995 0.0494999997
v -0.00302503002 -0.00174650003 0.0500000007
v -0.00345804007 -0.00199649995 0.0494999997
v -0.0033676601 -0.00214544008 0.0494999997
v -0.00294597005 -0.00187678996 0.0500000007
v -0.0033676601 -0.00214544008 0.0494999997
v -0.00327087007 -0.00229029008 0.0494999997
v -0.00286130002 -0.00200350001 0.0500000007
v -0.00327087007 -0.00229029008 0.0494999997
v -0.00316785998 -0.00243078009 0.0494999997
v -0.00277117989 -0.00212639989 0.0500000007
v -0.00316785998 -0.00243078009 0.0494999997
v -0.00305882003 -0.00256665004 0.0494999997
v -0.00267579011 -0.00224525994 0.0500000007
v -0.00305882003 -0.00256665004 0.0494999997
v -0.00294395001 -0.00269763009 0.0494999997
v -0.00257530995 -0.00235984009 0.0500000007
v -0.00294395001 -0.00269763009 0.0494999997
v -0.00282347994 -0.00282347994 0.0494999997
v -0.00246992009 -0.00246992009 0.0500000007
v -0.00282347994 -0.00282347994 0.0494999997
v -0.00269763009 -0.00294395001 0.0494999997
v -0.00235984009 -0.00257530995 0.0500000007
v -0.00269763009 -0.00294395001 0.0494999997
v -0.00256665004 -0.00305882003 0.0494999997
v -0.00224525994 -0.00267579011 0.0500000007
v -0.00256665004 -0.00305882003 0.0494999997
v -0.00243078009 -0.00316785998 0.0494999997
v -0.00212639989 -0.00277117989 0.0500000007
v -0.00243078009 -0.00316785998 0.0494999997
v -0.00229029008 -0.00327087007 0.0494999997
v -0.00200350001 -0.00286130002 0.0500000007
v -0.00229029008 -0.00327087007 0.0494999997
v -0.00214544008 -0.0033676601 0.0494999997
v -0.00187678996 -0.00294597005 0.0500000007
v -0.00214544008 -0.0033676601 0.0494999997
v -0.00199649995 -0.00345804007 0.0494999997
v -0.00174650003 -0.00302503002 0.0500000007
v -0.00199649995 -0.00345804007 0.0494999997
v -0.00184376002 -0.00354183 0.0494999997
v -0.00161289005 -0.00309832999 0.0500000007
v -0.00184376002 -0.00354183 0.0494999997
v -0.00168751006 -0.00361888995 0.0494999997
v -0.00147620996 -0.00316573004 0.0500000007
v -0.00168751006 -0.00361888995 0.0494999997
v -0.00152805005 -0.00368904998 0.0494999997
v -0.00133670995 -0.00322711002 0.0500000007
v -0.00152805005 -0.00368904998 0.0494999997
v -0.00136569003 -0.00375218992 0.0494999997
v -0.00119467999 -0.00328235002 0.0500000007
v -0.00136569003 -0.00375218992 0.0494999997
v -0.00120071997 -0.00380819011 0.0494999997
v -0.00105037005 -0.00333132991 0.0500000007
v -0.00120071997 -0.00380819011 0.0494999997
v -0.00103346002 -0.00385693996 0.0494999997
v -0.000904055021 -0.00337398006 0.0500000007
v -0.00103346002 -0.00385693996 0.0494999997
v -0.000864243018 -0.00389835006 0.0494999997
v -0.000756023976 -0.00341019989 0.0500000007
v -0.000864243018 -0.00389835006 0.0494999997
v -0.000693376991 -0.00393234007 0.0494999997
v -0.000606552989 -0.00343993003 0.0500000007
v -0.000693376991 -0.00393234007 0.0494999997
v -0.000521190988 -0.00395883992 0.0494999997
v -0.000455928006 -0.00346311997 0.0500000007
v -0.000521190988 -0.00395883992 0.0494999997
v -0.000348013011 -0.00397781003 0.0494999997
v -0.000304435001 -0.00347971008 0.0500000007
v -0.000348013011 -0.00397781003 0.0494999997
v -0.000174172004 -0.00398920011 0.0494999997
v -0.000152363005 -0.00348967989 0.0500000007
v -0.000174172004 -0.00398920011 0.0494999997
v 1.84659998e-17 -0.0039929999 0.0494999997
v 1.61537008e-17 -0.00349300005 0.0500000007
v 1.84659998e-17 -0.0039929999 0.0494999997
v 0.000174172004 -0.00398920011 0.0494999997
v 0.000152363005 -0.00348967989 0.0500000007
v 0.000174172004 -0.00398920011 0.0494999997
v 0.000348013011 -0.00397781003 0.0494999997
v 0.000304435001 -0.00347971008 0.0500000007
v 0.000348013011 -0.00397781003 0.0494999997
v 0.000521190988 -0.00395883992 0.0494999997
v 0.000455928006 -0.00346311997 0.0500000007
v 0.000521190988 -0.00395883992 0.0494999997
v 0.000693376991 -0.00393234007 0.0494999997
v 0.000606552989 -0.00343993003 0.0500000007
v 0.000693376991 -0.00393234007 0.0494999997
v 0.000864243018 -0.00389835006 0.0494999997
v 0.000756023976 -0.00341019989 0.0500000007
v 0.000864243018 -0.00389835006 0.0494999997
v 0.00103346002 -0.00385693996 0.0494999997
v 0.000904055021 -0.00337398006 0.0500000007
v 0.00103346002 -0.00385693996 0.0494999997
v 0.00120071997 -0.00380819011 0.0494999997
v 0.00105037005 -0.00333132991 0.0500000007
v 0.00120071997 -0.00380819011 0.0494999997
v 0.00136569003 -0.00375218992 0.0494999997
v 0.00119467999 -0.00328235002 0.0500000007
v 0.00136569003 -0.00375218992 0.0494999997
v 0.00152805005 -0.00368904998 0.0494999997
v 0.00133670995 -0.00322711002 0.0500000007
v 0.00152805005 -0.00368904998 0.0494999997
v 0.00168751006 -0.00361888995 0.0494999997
v 0.00147620996 -0.00316573004 0.0500000007
v 0.00168751006 -0.00361888995 0.0494999997
v 0.00184376002 -0.00354183 0.0494999997
v 0.00161289005 -0.00309832999 0.0500000007
v 0.00184376002 -0.00354183 0.0494999997
v 0.00199649995 -0.00345804007 0.0494999997
v 0.00174650003 -0.00302503002 0.0500000007
v 0.00199649995 -0.00345804007 0.0494999997
v 0.00214544008 -0.0033676601 0.0494999997
v 0.00187678996 -0.00294597005 0.0500000007
v 0.00214544008 -0.0033676601 0.0494999997
v 0.00229029008 -0.00327087007 0.0494999997
v 0.00200350001 -0.00286130002 0.0500000007
v 0.00229029008 -0.00327087007 0.0494999997
v 0.00243078009 -0.00316785998 0.0494999997
v 0.00212639989 -0.00277117989 0.0500000007
v 0.00243078009 -0.00316785998 0.0494999997
v 0.00256665004 -0.00305882003 0.0494999997
v 0.00224525994 -0.00267579011 0.0500000007
v 0.00256665004 -0.00305882003 0.0494999997
v 0.00269763009 -0.00294395001 0.0494999997
v 0.00235984009 -0.00257530995 0.0500000007
v 0.00269763009 -0.00294395001 0.0494999997
v 0.00282347994 -0.00282347994 0.0494999997
v 0.00246992009 -0.00246992009 0.0500000007
v 0.00282347994 -0.00282347994 0.0494999997
v 0.00294395001 -0.00269763009 0.0494999997
v 0.00257530995 -0.00235984009 0.0500000007
v 0.00294395001 -0.00269763009 0.0494999997
v 0.00305882003 -0.00256665004 0.0494999997
v 0.00267579011 -0.00224525994 0.0500000007
v 0.00305882003 -0.00256665004 0.0494999997
v 0.00316785998 -0.00243078009 0.0494999997
v 0.00277117989 -0.00212639989 0.0500000007
v 0.00316785998 -0.00243078009 0.0494999997
v 0.00327087007 -0.00229029008 0.0494999997
v 0.00286130002 -0.00200350001 0.0500000007
v 0.00327087007 -0.00229029008 0.0494999997
v 0.0033676601 -0.00214544008 0.0494999997
v 0.00294597005 -0.00187678996 0.0500000007
v 0.0033676601 -0.00214544008 0.0494999997
v 0.00345804007 -0.00199649995 0.0494999997
v 0.00302503002 -0.00174650003 0.0500000007
v 0.00345804007 -0.00199649995 0.0494999997
v 0.00354183 -0.00184376002 0.0494999997
v 0.00309832999 -0.00161289005 0.0500000007
v 0.00354183 -0.00184376002 0.0494999997
v 0.00361888995 -0.00168751006 0.0494999997
v 0.00316573004 -0.00147620996 0.0500000007
v 0.00361888995 -0.00168751006 0.0494999997
v 0.00368904998 -0.00152805005 0.0494999997
v 0.00322711002 -0.00133670995 0.0500000007
v 0.00368904998 -0.00152805005 0.0494999997
v 0.00375218992 -0.00136569003 0.0494999997
v 0.00328235002 -0.00119467999 0.0500000007
v 0.00375218992 -0.00136569003 0.0494999997
v 0.00380819011 -0.00120071997 0.0494999997
v 0.00333132991 -0.00105037005 0.0500000007
v 0.00380819011 -0.00120071997 0.0494999997
v 0.00385693996 -0.00103346002 0.0494999997
v 0.00337398006 -0.000904055021 0.0500000007
v 0.00385693996 -0.00103346002 0.0494999997
v 0.00389835006 -0.000864243018 0.0494999997
v 0.00341019989 -0.000756023976 0.0500000007
v 0.00389835006 -0.000864243018 0.0494999997
v 0.00393234007 -0.000693376991 0.0494999997
v 0.00343993003 -0.000606552989 0.0500000007
v 0.00393234007 -0.000693376991 0.0494999997
v 0.00395883992 -0.000521190988 0.0494999997
v 0.00346311997 -0.000455928006 0.0500000007
v 0.00395883992 -0.000521190988 0.0494999997
v 0.00397781003 -0.000348013011 0.0494999997
v 0.00347971008 -0.000304435001 0.0500000007
v 0.00397781003 -0.000348013011 0.0494999997
v 0.00398920011 -0.000174172004 0.0494999997
v 0.00348967989 -0.000152363005 0.0500000007
v 0.00398920011 -0.000174172004 0.0494999997
v 0.0039929999 7.33501995e-19 0.0494999997
v 0.00349300005 1.52781004e-18 0.0500000007
v 0.0039929999 7.33501995e-19 0.0494999997
v 0.00398920011 0.000174172004 0.0494999997
v 0.00348967989 0.000152363005 0.0500000007
v 0.00398920011 0.000174172004 0.0494999997
v 0.00397781003 0.000348013011 0.0494999997
v 0.00347971008 0.000304435001 0.0500000007
v 0.00397781003 0.000348013011 0.0494999997
v 0.00395883992 0.000521190988 0.0494999997
v 0.00346311997 0.000455928006 0.0500000007
v 0.00395883992 0.000521190988 0.0494999997
v 0.00393234007 0.000693376991 0.0494999997
v 0.00343993003 0.000606552989 0.0500000007
v 0.00393234007 0.000693376991 0.0494999997
v 0.00389835006 0.000864243018 0.0494999997
v 0.00341019989 0.000756023976 0.0500000007
v 0.00389835006 0.000864243018 0.0494999997
v 0.00385693996 0.00103346002 0.0494999997
v 0.00337398006 0.000904055021 0.0500000007
v 0.00385693996 0.00103346002 0.0494999997
v 0.00380819011 0.00120071997 0.0494999997
v 0.00333132991 0.00105037005 0.0500000007
v 0.00380819011 0.00120071997 0.0494999997
v 0.00375218992 0.00136569003 0.0494999997
v 0.00328235002 0.00119467999 0.0500000007
v 0.00375218992 0.00136569003 0.0494999997
v 0.00368904998 0.00152805005 0.0494999997
v 0.00322711002 0.00133670995 0.0500000007
v 0.00368904998 0.00152805005 0.0494999997
v 0.00361888995 0.00168751006 0.0494999997
v 0.00316573004 0.00147620996 0.0500000007
v 0.00361888995 0.00168751006 0.0494999997
v 0.00354183 0.00184376002 0.0494999997
v 0.00309832999 0.00161289005 0.0500000007
v 0.00354183 0.00184376002 0.0494999997
v 0.00345804007 0.00199649995 0.0494999997
v 0.00302503002 0.00174650003 0.0500000007
v 0.00345804007 0.00199649995 0.0494999997
v 0.0033676601 0.00214544008 0.0494999997
v 0.00294597005 0.00187678996 0.0500000007
v 0.0033676601 0.00214544008 0.0494999997
v 0.00327087007 0.00229029008 0.0494999997
v 0.00286130002 0.00200350001 0.0500000007
v 0.00327087007 0.00229029008 0.0494999997
v 0.00316785998 0.00243078009 0.0494999997
v 0.00277117989 0.00212639989 0.0500000007
v 0.00316785998 0.00243078009 0.0494999997
v 0.00305882003 0.00256665004 0.0494999997
v 0.00267579011 0.00224525994 0.0500000007
v 0.00305882003 0.00256665004 0.0494999997
v 0.00294395001 0.00269763009 0.0494999997
v 0.00257530995 0.00235984009 0.0500000007
v 0.00294395001 0.00269763009 0.0494999997
v 0.00282347994 0.00282347994 0.0494999997
v 0.00246992009 0.00246992009 0.0500000007
v 0.00282347994 0.00282347994 0.0494999997
v 0.00269763009 0.00294395001 0.0494999997
v 0.00235984009 0.00257530995 0.0500000007
v 0.00269763009 0.00294395001 0.0494999997
v 0.00256665004 0.00305882003 0.0494999997
v 0.00224525994 0.00267579011 0.0500000007
v 0.00256665004 0.00305882003 0.0494999997
v 0.00243078009 0.00316785998 0.0494999997
v 0.00212639989 0.00277117989 0.0500000007
v 0.00243078009 0.00316785998 0.0494999997
v 0.00229029008 0.00327087007 0.0494999997
v 0.00200350001 0.00286130002 0.0500000007
v 0.00229029008 0.00327087007 0.0494999997
v 0.00214544008 0.0033676601 0.0494999997
v 0.00187678996 0.00294597005 0.0500000007
v 0.00214544008 0.0033676601 0.0494999997
v 0.00199649995 0.00345804007 0.0494999997
v 0.00174650003 0.00302503002 0.0500000007
v 0.00199649995 0.00345804007 0.0494999997
v 0.00184376002 0.00354183 0.0494999997
v 0.00161289005 0.00309832999 0.0500000007
v 0.00184376002 0.00354183 0.0494999997
v 0.00168751006 0.00361888995 0.0494999997
v 0.00147620996 0.00316573004 0.0500000007
v 0.00168751006 0.00361888995 0.0494999997
v 0.00152805005 0.00368904998 0.0494999997
v 0.00133670995 0.00322711002 0.0500000007
v 0.00152805005 0.00368904998 0.0494999997
v 0.00136569003 0.00375218992 0.0494999997
v 0.00119467999 0.00328235002 0.0500000007
v 0.00136569003 0.00375218992 0.0494999997
v 0.00120071997 0.00380819011 0.0494999997
v 0.00105037005 0.00333132991 0.0500000007
v 0.00120071997 0.00380819011 0.0494999997
v 0.00103346002 0.00385693996 0.0494999997
v 0.000904055021 0.00337398006 0.0500000007
v 0.00103346002 0.00385693996 0.0494999997
v 0.000864243018 0.00389835006 0.0494999997
v 0.000756023976 0.00341019989 0.0500000007
v 0.000864243018 0.00389835006 0.0494999997
v 0.000693376991 0.00393234007 0.0494999997
v 0.000606552989 0.00343993003 0.0500000007
v 0.000693376991 0.00393234007 0.0494999997
v 0.000521190988 0.00395883992 0.0494999997
v 0.000455928006 0.00346311997 0.0500000007
v 0.000521190988 0.00395883992 0.0494999997
v 0.000348013011 0.00397781003 0.0494999997
v 0.000304435001 0.00347971008 0.0500000007
v 0.000348013011 0.00397781003 0.0494999997
v 0.000174172004 0.00398920011 0.0494999997
v 0.000152363005 0.00348967989 0.0500000007
v 0.000174172004 0.00398920011 0.0494999997
v -4.67761992e-18 0.0039929999 0.0494999997
v -4.09189002e-18 0.00349300005 0.0500000007
v -4.67761992e-18 0.0039929999 0.0494999997
v -0.000174172004 0.00398920011 0.0494999997
v -0.000152363005 0.00348967989 0.0500000007
v -0.000174172004 0.00398920011 0.0494999997
v -0.000348013011 0.00397781003 0.0494999997
v -0.000304435001 0.00347971008 0.0500000007
v -0.000348013011 0.00397781003 0.0494999997
v -0.000521190988 0.00395883992 0.0494999997
v -0.000455928006 0.00346311997 0.0500000007
v -0.000521190988 0.00395883992 0.0494999997
v -0.000693376991 0.00393234007 0.0494999997
v -0.000606552989 0.00343993003 0.0500000007
v -0.000693376991 0.00393234007 0.0494999997
v -0.000864243018 0.00389835006 0.0494999997
v -0.000756023976 0.00341019989 0.0500000007
v -0.000864243018 0.00389835006 0.0494999997
v -0.00103346002 0.00385693996 0.0494999997
v -0.000904055021 0.00337398006 0.0500000007
v -0.00103346002 0.00385693996 0.0494999997
v -0.00120071997 0.00380819011 0.0494999997
v -0.00105037005 0.00333132991 0.0500000007
v -0.00120071997 0.00380819011 0.0494999997
v -0.00136569003 0.00375218992 0.0494999997
v -0.00119467999 0.00328235002 0.0500000007
v -0.00136569003 0.00375218992 0.0494999997
v -0.00152805005 0.00368904998 0.0494999997
v -0.00133670995 0.00322711002 0.0500000007
v -0.00152805005 0.00368904998 0.0494999997
v -0.00168751006 0.00361888995 0.0494999997
v -0.00147620996 0.00316573004 0.0500000007
v -0.00168751006 0.00361888995 0.0494999997
v -0.00184376002 0.00354183 0.0494999997
v -0.00161289005 0.00309832999 0.0500000007
v -0.00184376002 0.00354183 0.0494999997
v -0.00199649995 0.00345804007 0.0494999997
v -0.00174650003 0.00302503002 0.0500000007
v -0.00199649995 0.00345804007 0.0494999997
v -0.00214544008 0.0033676601 0.0494999997
v -0.00187678996 0.00294597005 0.0500000007
v -0.00214544008 0.0033676601 0.0494999997
v -0.00229029008 0.00327087007 0.0494999997
v -0.00200350001 0.00286130002 0.0500000007
v -0.00229029008 0.00327087007 0.0494999997
v -0.00243078009 0.00316785998 0.0494999997
v -0.00212639989 0.00277117989 0.0500000007
v -0.00243078009 0.00316785998 0.0494999997
v -0.00256665004 0.00305882003 0.0494999997
v -0.00224525994 0.00267579011 0.0500000007
v -0.00256665004 0.00305882003 0.0494999997
v -0.00269763009 0.00294395001 0.0494999997
v -0.00235984009 0.00257530995 0.0500000007
v -0.00269763009 0.00294395001 0.0494999997
v -0.00282347994 0.00282347994 0.0494999997
v -0.00246992009 0.00246992009 0.0500000007
v -0.00282347994 0.00282347994 0.0494999997
v -0.00294395001 0.00269763009 0.0494999997
v -0.00257530995 0.00235984009 0.0500000007
v -0.00294395001 0.00269763009 0.0494999997
v -0.00305882003 0.00256665004 0.0494999997
v -0.00267579011 0.00224525994 0.0500000007
v -0.00305882003 0.00256665004 0.0494999997
v -0.00316785998 0.00243078009 0.0494999997
v -0.00277117989 0.00212639989 0.0500000007
v -0.00316785998 0.00243078009 0.0494999997
v -0.00327087007 0.00229029008 0.0494999997
v -0.00286130002 0.00200350001 0.0500000007
v -0.00327087007 0.00229029008 0.0494999997
v -0.0033676601 0.00214544008 0.0494999997
v -0.00294597005 0.00187678996 0.0500000007
v -0.0033676601 0.00214544008 0.0494999997
v -0.00345804007 0.00199649995 0.0494999997
v -0.00302503002 0.00174650003 0.0500000007
v -0.00345804007 0.00199649995 0.0494999997
v -0.00354183 0.00184376002 0.0494999997
v -0.00309832999 0.00161289005 0.0500000007
v -0.00354183 0.00184376002 0.0494999997
v -0.00361888995 0.00168751006 0.0494999997
v -0.00316573004 0.00147620996 0.0500000007
v -0.00361888995 0.00168751006 0.0494999997
v -0.00368904998 0.00152805005 0.0494999997
v -0.00322711002 0.00133670995 0.0500000007
v -0.00368904998 0.00152805005 0.0494999997
v -0.00375218992 0.00136569003 0.0494999997
v -0.00328235002 0.00119467999 0.0500000007
v -0.00375218992 0.00136569003 0.0494999997
v -0.00380819011 0.00120071997 0.0494999997
v -0.00333132991 0.00105037005 0.0500000007
v -0.00380819011 0.00120071997 0.0494999997
v -0.00385693996 0.00103346002 0.0494999997
v -0.00337398006 0.000904055021 0.0500000007
v -0.00385693996 0.00103346002 0.0494999997
v -0.00389835006 0.000864243018 0.0494999997
v -0.00341019989 0.000756023976 0.0500000007
v -0.00389835006 0.000864243018 0.0494999997
v -0.00393234007 0.000693376991 0.0494999997
v -0.00343993003 0.000606552989 0.0500000007
v -0.00393234007 0.000693376991 0.0494999997
v -0.00395883992 0.000521190988 0.0494999997
v -0.00346311997 0.000455928006 0.0500000007
v -0.00395883992 0.000521190988 0.0494999997
v -0.00397781003 0.000348013011 0.0494999997
v -0.00347971008 0.000304435001 0.0500000007
v -0.00397781003 0.000348013011 0.0494999997
v -0.00398920011 0.000174172004 0.0494999997
v -0.00348967989 0.000152363005 0.0500000007
v -0.00398920011 0.000174172004 0.0494999997
v -0.0039929999 -7.33501995e-19 0.0494999997
v 0 2.44500992e-19 0.0500000007
v 0.00348967989 0.000152363005 0.0500000007
v 0.00347971008 0.000304435001 0.0500000007
v 0.00347971008 0.000304435001 0.0500000007
v 0.00346311997 0.000455928006 0.0500000007
v 0 2.44500992e-19 0.0500000007
v 0.00346311997 0.000455928006 0.0500000007
v 0.00343993003 0.000606552989 0.0500000007
v 0 2.44500992e-19 0.0500000007
v 0.00343993003 0.000606552989 0.0500000007
v 0.00341019989 0.000756023976 0.0500000007
v 0 2.44500992e-19 0.0500000007
v 0.00341019989 0.000756023976 0.0500000007
v 0.00337398006 0.000904055021 0.0500000007
v 0 2.44500992e-19 0.0500000007
v 0.00337398006 0.000904055021 0.0500000007
v 0.00333132991 0.00105037005 0.0500000007
v 0 2.44500992e-19 0.0500000007
v 0.00333132991 0.00105037005 0.0500000007
v 0.00328235002 0.00119467999 0.0500000007
v 0 2.44500992e-19 0.0500000007
v 0.00328235002 0.00119467999 0.0500000007
v 0.00322711002 0.00133670995 0.0500000007
v 0 2.44500992e-19 0.0500000007
v 0.00322711002 0.00133670995 0.0500000007
v 0.00316573004 0.00147620996 0.0500000007
v 0 2.44500992e-19 0.0500000007
v 0.00316573004 0.00147620996 0.0500000007
v 0.00309832999 0.00161289005 0.0500000007
v 0 2.44500992e-19 0.0500000007
v 0.00309832999 0.00161289005 0.0500000007
v 0.00302503002 0.00174650003 0.0500000007
v 0 2.44500992e-19 0.0500000007
v 0.00302503002 0.00174650003 0.0500000007
v 0.00294597005 0.00187678996 0.0500000007
v 0 2.44500992e-19 0.0500000007
v 0.00294597005 0.00187678996 0.0500000007
v 0.00286130002 0.00200350001 0.0500000007
v 0 2.44500992e-19 0.0500000007
v 0.00286130002 0.00200350001 0.0500000007
v 0.00277117989 0.00212639989 0.0500000007
v 0 2.44500992e-19 0.0500000007
v 0.00277117989 0.00212639989 0.0500000007
v 0.00267579011 0.00224525994 0.0500000007
v 0 2.44500992e-19 0.0500000007
v 0.00267579011 0.00224525994 0.0500000007
v 0.00257530995 0.00235984009 0.0500000007
v 0 2.44500992e-19 0.0500000007
v 0.00257530995 0.00235984009 0.0500000007
v 0.00246992009 0.00246992009 0.0500000007
v 0 2.44500992e-19 0.0500000007
v 0.00246992009 0.00246992009 0.0500000007
v 0.00235984009 0.00257530995 0.0500000007
v 0 2.44500992e-19 0.0500000007
v 0.00235984009 0.00257530995 0.0500000007
v 0.00224525994 0.00267579011 0.0500000007
v 0 2.44500992e-19 0.0500000007
v 0.00224525994 0.00267579011 0.0500000007
v 0.00212639989 0.00277117989 0.0500000007
v 0 2.44500992e-19 0.0500000007
v 0.00212639989 0.00277117989 0.0500000007
v 0.00200350001 0.00286130002 0.0500000007
v 0 2.44500992e-19 0.0500000007
v 0.00200350001 0.00286130002 0.0500000007
v 0.00187678996 0.00294597005 0.0500000007
v 0 2.44500992e-19 0.0500000007
v 0.00187678996 0.00294597005 0.0500000007
v 0.00174650003 0.00302503002 0.0500000007
v 0 2.44500992e-19 0.0500000007
v 0.00174650003 0.00302503002 0.0500000007
v 0.00161289005 0.00309832999 0.0500000007
v 0 2.44500992e-19 0.0500000007
v 0.00161289005 0.00309832999 0.0500000007
v 0.00147620996 0.00316573004 0.0500000007
v 0 2.44500992e-19 0.0500000007
v 0.00147620996 0.00316573004 0.0500000007
v 0.00133670995 0.00322711002 0.0500000007
v 0 2.44500992e-19 0.0500000007
v 0.00133670995 0.00322711002 0.0500000007
v 0.00119467999 0.00328235002 0.0500000007
v 0 2.44500992e-19 0.0500000007
v 0.00119467999 0.00328235002 0.0500000007
v 0.00105037005 0.00333132991 0.0500000007
v 0 2.44500992e-19 0.0500000007
v 0.00105037005 0.00333132991 0.0500000007
v 0.000904055021 0.00337398006 0.0500000007
v 0 2.44500992e-19 0.0500000007
v 0.000904055021 0.00337398006 0.0500000007
v 0.000756023976 0.00341019989 0.0500000007
v 0 2.44500992e-19 0.0500000007
v 0.000756023976 0.00341019989 0.0500000007
v 0.000606552989 0.00343993003 0.0500000007
v 0 2.44500992e-19 0.0500000007
v 0.000606552989 0.00343993003 0.0500000007
v 0.000455928006 0.00346311997 0.0500000007
v 0 2.44500992e-19 0.0500000007
v 0.000455928006 0.00346311997 0.0500000007
v 0.000304435001 0.00347971008 0.0500000007
v 0 2.44500992e-19 0.0500000007
v 0.000304435001 0.00347971008 0.0500000007
v 0.000152363005 0.00348967989 0.0500000007
v 0 2.44500992e-19 0.0500000007
v 0.000152363005 0.00348967989 0.0500000007
v -4.09189002e-18 0.00349300005 0.0500000007
v 0 2.44500992e-19 0.0500000007
v -4.09189002e-18 0.00349300005 0.0500000007
v -0.000152363005 0.00348967989 0.0500000007
v 0 2.44500992e-19 0.0500000007
v -0.000152363005 0.00348967989 0.0500000007
v -0.000304435001 0.00347971008 0.0500000007
v 0 2.44500992e-19 0.0500000007
v -0.000304435001 0.00347971008 0.0500000007
v -0.000455928006 0.00346311997 0.0500000007
v 0 2.44500992e-19 0.0500000007
v -0.000455928006 0.00346311997 0.0500000007
v -0.000606552989 0.00343993003 0.0500000007
v 0 2.44500992e-19 0.0500000007
v -0.000606552989 0.00343993003 0.0500000007
v -0.000756023976 0.00341019989 0.0500000007
v 0 2.44500992e-19 0.0500000007
v -0.000756023976 0.00341019989 0.0500000007
v -0.000904055021 0.00337398006 0.0500000007
v 0 2.44500992e-19 0.0500000007
v -0.000904055021 0.00337398006 0.0500000007
v -0.00105037005 0.00333132991 0.0500000007
v 0 2.44500992e-19 0.0500000007
v -0.00105037005 0.00333132991 0.0500000007
v -0.00119467999 0.00328235002 0.0500000007
v 0 2.44500992e-19 0.0500000007
v -0.00119467999 0.00328235002 0.0500000007
v -0.00133670995 0.00322711002 0.0500000007
v 0 2.44500992e-19 0.0500000007
v -0.00133670995 0.00322711002 0.0500000007
v -0.00147620996 0.00316573004 0.0500000007
v 0 2.44500992e-19 0.0500000007
v -0.00147620996 0.00316573004 0.0500000007
v -0.00161289005 0.00309832999 0.0500000007
v 0 2.44500992e-19 0.0500000007
v -0.00161289005 0.00309832999 0.0500000007
v -0.00174650003 0.00302503002 0.0500000007
v 0 2.44500992e-19 0.0500000007
v -0.00174650003 0.00302503002 0.0500000007
v -0.00187678996 0.00294597005 0.0500000007
v 0 2.44500992e-19 0.0500000007
v -0.00187678996 0.00294597005 0.0500000007
v -0.00200350001 0.00286130002 0.0500000007
v 0 2.44500992e-19 0.0500000007
v -0.00200350001 0.00286130002 0.0500000007
v -0.00212639989 0.00277117989 0.0500000007
v 0 2.44500992e-19 0.0500000007
v -0.00212639989 0.00277117989 0.0500000007
v -0.00224525994 0.00267579011 0.0500000007
v 0 2.44500992e-19 0.0500000007
v -0.00224525994 0.00267579011 0.0500000007
v -0.00235984009 0.00257530995 0.0500000007
v 0 2.44500992e-19 0.0500000007
v -0.00235984009 0.00257530995 0.0500000007
v -0.00246992009 0.00246992009 0.0500000007
v 0 2.44500992e-19 0.0500000007
v -0.00246992009 0.00246992009 0.0500000007
v -0.00257530995 0.00235984009 0.0500000007
v 0 2.44500992e-19 0.0500000007
v -0.00257530995 0.00235984009 0.0500000007
v -0.00267579011 0.00224525994 0.0500000007
v 0 2.44500992e-19 0.0500000007
v -0.00267579011 0.00224525994 0.0500000007
v -0.00277117989 0.00212639989 0.0500000007
v 0 2.44500992e-19 0.0500000007
v -0.00277117989 0.00212639989 0.0500000007
v -0.00286130002 0.00200350001 0.0500000007
v 0 2.44500992e-19 0.0500000007
v -0.00286130002 0.00200350001 0.0500000007
v -0.00294597005 0.00187678996 0.0500000007
v 0 2.44500992e-19 0.0500000007
v -0.00294597005 0.00187678996 0.0500000007
v -0.00302503002 0.00174650003 0.0500000007
v 0 2.44500992e-19 0.0500000007
v -0.00302503002 0.00174650003 0.0500000007
v -0.00309832999 0.00161289005 0.0500000007
v 0 2.44500992e-19 0.0500000007
v -0.00309832999 0.00161289005 0.0500000007
v -0.00316573004 0.00147620996 0.0500000007
v 0 2.44500992e-19 0.0500000007
v -0.00316573004 0.00147620996 0.0500000007
v -0.00322711002 0.00133670995 0.0500000007
v 0 2.44500992e-19 0.0500000007
v -0.00322711002 0.00133670995 0.0500000007
v -0.00328235002 0.00119467999 0.0500000007
v 0 2.44500992e-19 0.0500000007
v -0.00328235002 0.00119467999 0.0500000007
v -0.00333132991 0.00105037005 0.0500000007
v 0 2.44500992e-19 0.0500000007
v -0.00333132991 0.00105037005 0.0500000007
v -0.00337398006 0.000904055021 0.0500000007
v 0 2.44500992e-19 0.0500000007
v -0.00337398006 0.000904055021 0.0500000007
v -0.00341019989 0.000756023976 0.0500000007
v 0 2.44500992e-19 0.0500000007
v -0.00341019989 0.000756023976 0.0500000007
v -0.00343993003 0.000606552989 0.0500000007
v 0 2.44500992e-19 0.0500000007
v -0.00343993003 0.000606552989 0.0500000007
v -0.00346311997 0.000455928006 0.0500000007
v 0 2.44500992e-19 0.0500000007
v -0.00346311997 0.000455928006 0.0500000007
v -0.00347971008 0.000304435001 0.0500000007
v 0 2.44500992e-19 0.0500000007
v -0.00347971008 0.000304435001 0.0500000007
v -0.00348967989 0.000152363005 0.0500000007
v 0 2.44500992e-19 0.0500000007
v -0.00348967989 0.000152363005 0.0500000007
v -0.00349300005 2.44500992e-19 0.0500000007
v 0 2.44500992e-19 0.0500000007
v -0.00349300005 2.44500992e-19 0.0500000007
v -0.00348967989 -0.000152363005 0.0500000007
v 0 2.44500992e-19 0.0500000007
v -0.00348967989 -0.000152363005 0.0500000007
v -0.00347971008 -0.000304435001 0.0500000007
v 0 2.44500992e-19 0.0500000007
v -0.00347971008 -0.000304435001 0.0500000007
v -0.00346311997 -0.000455928006 0.0500000007
v 0 2.44500992e-19 0.0500000007
v -0.00346311997 -0.000455928006 0.0500000007
v -0.00343993003 -0.000606552989 0.0500000007
v 0 2.44500992e-19 0.0500000007
v -0.00343993003 -0.000606552989 0.0500000007
v -0.00341019989 -0.000756023976 0.0500000007
v 0 2.44500992e-19 0.0500000007
v -0.00341019989 -0.000756023976 0.0500000007
v -0.00337398006 -0.000904055021 0.0500000007
v 0 2.44500992e-19 0.0500000007
v -0.00337398006 -0.000904055021 0.0500000007
v -0.00333132991 -0.00105037005 0.0500000007
v 0 2.44500992e-19 0.0500000007
v -0.00333132991 -0.00105037005 0.0500000007
v -0.00328235002 -0.00119467999 0.0500000007
v 0 2.44500992e-19 0.0500000007
v -0.00328235002 -0.00119467999 0.0500000007
v -0.00322711002 -0.00133670995 0.0500000007
v 0 2.44500992e-19 0.0500000007
v -0.00322711002 -0.00133670995 0.0500000007
v -0.00316573004 -0.00147620996 0.0500000007
v 0 2.44500992e-19 0.0500000007
v -0.00316573004 -0.00147620996 0.0500000007
v -0.00309832999 -0.00161289005 0.0500000007
v 0 2.44500992e-19 0.0500000007
v -0.00309832999 -0.00161289005 0.0500000007
v -0.00302503002 -0.00174650003 0.0500000007
v 0 2.44500992e-19 0.0500000007
v -0.00302503002 -0.00174650003 0.0500000007
v -0.00294597005 -0.00187678996 0.0500000007
v 0 2.44500992e-19 0.0500000007
v -0.00294597005 -0.00187678996 0.0500000007
v -0.00286130002 -0.00200350001 0.0500000007
v 0 2.44500992e-19 0.0500000007
v -0.00286130002 -0.00200350001 0.0500000007
v -0.00277117989 -0.00212639989 0.0500000007
v 0 2.44500992e-19 0.0500000007
v -0.00277117989 -0.00212639989 0.0500000007
v -0.00267579011 -0.00224525994 0.0500000007
v 0 2.44500992e-19 0.0500000007
v -0.00267579011 -0.00224525994 0.0500000007
v -0.00257530995 -0.00235984009 0.0500000007
v 0 2.44500992e-19 0.0500000007
v -0.00257530995 -0.00235984009 0.0500000007
v -0.00246992009 -0.00246992009 0.0500000007
v 0 2.44500992e-19 0.0500000007
v -0.00246992009 -0.00246992009 0.0500000007
v -0.00235984009 -0.00257530995 0.0500000007
v 0 2.44500992e-19 0.0500000007
v -0.00235984009 -0.00257530995 0.0500000007
v -0.00224525994 -0.00267579011 0.0500000007
v 0 2.44500992e-19 0.0500000007
v -0.00224525994 -0.00267579011 0.0500000007
v -0.00212639989 -0.00277117989 0.0500000007
v 0 2.44500992e-19 0.0500000007
v -0.00212639989 -0.00277117989 0.0500000007
v -0.00200350001 -0.00286130002 0.0500000007
v 0 2.44500992e-19 0.0500000007
v -0.00200350001 -0.00286130002 0.0500000007
v -0.00187678996 -0.00294597005 0.0500000007
v 0 2.44500992e-19 0.0500000007
v -0.00187678996 -0.00294597005 0.0500000007
v -0.00174650003 -0.00302503002 0.0500000007
v 0 2.44500992e-19 0.0500000007
v -0.00174650003 -0.00302503002 0.0500000007
v -0.00161289005 -0.00309832999 0.0500000007
v 0 2.44500992e-19 0.0500000007
v -0.00161289005 -0.00309832999 0.0500000007
v -0.00147620996 -0.00316573004 0.0500000007
v 0 2.44500992e-19 0.0500000007
v -0.00147620996 -0.00316573004 0.0500000007
v -0.00133670995 -0.00322711002 0.0500000007
v 0 2.44500992e-19 0.0500000007
v -0.00133670995 -0.00322711002 0.0500000007
v -0.00119467999 -0.00328235002 0.0500000007
v 0 2.44500992e-19 0.0500000007
v -0.00119467999 -0.00328235002 0.0500000007
v -0.00105037005 -0.00333132991 0.0500000007
v 0 2.44500992e-19 0.0500000007
v -0.00105037005 -0.00333132991 0.0500000007
v -0.000904055021 -0.00337398006 0.0500000007
v 0 2.44500992e-19 0.0500000007
v -0.000904055021 -0.00337398006 0.0500000007
v -0.000756023976 -0.00341019989 0.0500000007
v 0 2.44500992e-19 0.0500000007
v -0.000756023976 -0.00341019989 0.0500000007
v -0.000606552989 -0.00343993003 0.0500000007
v 0 2.44500992e-19 0.0500000007
v -0.000606552989 -0.00343993003 0.0500000007
v -0.000455928006 -0.00346311997 0.0500000007
v 0 2.44500992e-19 0.0500000007
v -0.000455928006 -0.00346311997 0.0500000007
v -0.000304435001 -0.00347971008 0.0500000007
v 0 2.44500992e-19 0.0500000007
v -0.000304435001 -0.00347971008 0.0500000007
v -0.000152363005 -0.00348967989 0.0500000007
v 0 2.44500992e-19 0.0500000007
v -0.000152363005 -0.00348967989 0.0500000007
v 1.61537008e-17 -0.00349300005 0.0500000007
v 0 2.44500992e-19 0.0500000007
v 1.61537008e-17 -0.00349300005 0.0500000007
v 0.000152363005 -0.00348967989 0.0500000007
v 0 2.44500992e-19 0.0500000007
v 0.000152363005 -0.00348967989 0.0500000007
v 0.000304435001 -0.00347971008 0.0500000007
v 0 2.44500992e-19 0.0500000007
v 0.000304435001 -0.00347971008 0.0500000007
v 0.000455928006 -0.00346311997 0.0500000007
v 0 2.44500992e-19 0.0500000007
v 0.000455928006 -0.00346311997 0.0500000007
v 0.000606552989 -0.00343993003 0.0500000007
v 0 2.44500992e-19 0.0500000007
v 0.000606552989 -0.00343993003 0.0500000007
v 0.000756023976 -0.00341019989 0.0500000007
v 0 2.44500992e-19 0.0500000007
v 0.000756023976 -0.00341019989 0.0500000007
v 0.000904055021 -0.00337398006 0.0500000007
v 0 2.44500992e-19 0.0500000007
v 0.000904055021 -0.00337398006 0.0500000007
v 0.00105037005 -0.00333132991 0.0500000007
v 0 2.44500992e-19 0.0500000007
v 0.00105037005 -0.00333132991 0.0500000007
v 0.00119467999 -0.00328235002 0.0500000007
v 0 2.44500992e-19 0.0500000007
v 0.00119467999 -0.00328235002 0.0500000007
v 0.00133670995 -0.00322711002 0.0500000007
v 0 2.44500992e-19 0.0500000007
v 0.00133670995 -0.00322711002 0.0500000007
v 0.00147620996 -0.00316573004 0.0500000007
v 0 2.44500992e-19 0.0500000007
v 0.00147620996 -0.00316573004 0.0500000007
v 0.00161289005 -0.00309832999 0.0500000007
v 0 2.44500992e-19 0.0500000007
v 0.00161289005 -0.00309832999 0.0500000007
v 0.00174650003 -0.00302503002 0.0500000007
v 0 2.44500992e-19 0.0500000007
v 0.00174650003 -0.00302503002 0.0500000007
v 0.00187678996 -0.00294597005 0.0500000007
v 0 2.44500992e-19 0.0500000007
v 0.00187678996 -0.00294597005 0.0500000007
v 0.00200350001 -0.00286130002 0.0500000007
v 0 2.44500992e-19 0.0500000007
v 0.00200350001 -0.00286130002 0.0500000007
v 0.00212639989 -0.00277117989 0.0500000007
v 0 2.44500992e-19 0.0500000007
v 0.00212639989 -0.00277117989 0.0500000007
v 0.00224525994 -0.00267579011 0.0500000007
v 0 2.44500992e-19 0.0500000007
v 0.00224525994 -0.00267579011 0.0500000007
v 0.00235984009 -0.00257530995 0.0500000007
v 0 2.44500992e-19 0.0500000007
v 0.00235984009 -0.00257530995 0.0500000007
v 0.00246992009 -0.00246992009 0.0500000007
v 0 2.44500992e-19 0.0500000007
v 0.00246992009 -0.00246992009 0.0500000007
v 0.00257530995 -0.00235984009 0.0500000007
v 0 2.44500992e-19 0.0500000007
v 0.00257530995 -0.00235984009 0.0500000007
v 0.00267579011 -0.00224525994 0.0500000007
v 0 2.44500992e-19 0.0500000007
v 0.00267579011 -0.00224525994 0.0500000007
v 0.00277117989 -0.00212639989 0.0500000007
v 0 2.44500992e-19 0.0500000007
v 0.00277117989 -0.00212639989 0.0500000007
v 0.00286130002 -0.00200350001 0.0500000007
v 0 2.44500992e-19 0.0500000007
v 0.00286130002 -0.00200350001 0.0500000007
v 0.00294597005 -0.00187678996 0.0500000007
v 0 2.44500992e-19 0.0500000007
v 0.00294597005 -0.00187678996 0.0500000007
v 0.00302503002 -0.00174650003 0.0500000007
v 0 2.44500992e-19 0.0500000007
v 0.00302503002 -0.00174650003 0.0500000007
v 0.00309832999 -0.00161289005 0.0500000007
v 0 2.44500992e-19 0.0500000007
v 0.00309832999 -0.00161289005 0.0500000007
v 0.00316573004 -0.00147620996 0.0500000007
v 0 2.44500992e-19 0.0500000007
v 0.00316573004 -0.00147620996 0.0500000007
v 0.00322711002 -0.00133670995 0.0500000007
v 0 2.44500992e-19 0.0500000007
v 0.00322711002 -0.00133670995 0.0500000007
v 0.00328235002 -0.00119467999 0.0500000007
v 0 2.44500992e-19 0.0500000007
v 0.00328235002 -0.00119467999 0.0500000007
v 0.00333132991 -0.00105037005 0.0500000007
v 0 2.44500992e-19 0.0500000007
v 0.00333132991 -0.00105037005 0.0500000007
v 0.00337398006 -0.000904055021 0.0500000007
v 0 2.44500992e-19 0.0500000007
v 0.00337398006 -0.000904055021 0.0500000007
v 0.00341019989 -0.000756023976 0.0500000007
v 0 2.44500992e-19 0.0500000007
v 0.00341019989 -0.000756023976 0.0500000007
v 0.00343993003 -0.000606552989 0.0500000007
v 0 2.44500992e-19 0.0500000007
v 0.00343993003 -0.000606552989 0.0500000007
v 0.00346311997 -0.000455928006 0.0500000007
v 0 2.44500992e-19 0.0500000007
v 0.00346311997 -0.000455928006 0.0500000007
v 0.00347971008 -0.000304435001 0.0500000007
v 0 2.44500992e-19 0.0500000007
v 0.00347971008 -0.000304435001 0.0500000007
v 0.00348967989 -0.000152363005 0.0500000007
v 0 2.44500992e-19 0.0500000007
v 0.00348967989 -0.000152363005 0.0500000007
v 0.00349300005 1.52781004e-18 0.0500000007
v 0 2.44500992e-19 0.0500000007
v 0.00349300005 1.52781004e-18 0.0500000007
v 0.00348967989 0.000152363005 0.0500000007
v 0 2.44500992e-19 0.0500000007

# 0 UV coordinates

# 434 vertex normals
vn 0.707107008 0 -0.707107008
vn 0.706434011 0.0308436006 -0.707107008
vn 0.704415977 0.0616284013 -0.707107008
vn 0.701057017 0.0922959968 -0.707107008
vn 0.696363986 0.122787997 -0.707107008
vn 0.690346003 0.153045997 -0.707107008
vn 0.683013022 0.183013007 -0.707107008
vn 0.674380004 0.212631002 -0.707107008
vn 0.664462984 0.241844997 -0.707107008
vn 0.653280973 0.270597994 -0.707107008
vn 0.640856028 0.298835993 -0.707107008
vn 0.627210975 0.326505989 -0.707107008
vn 0.612371981 0.353552997 -0.707107008
vn 0.596368015 0.379927993 -0.707107008
vn 0.579227984 0.405580014 -0.707107008
vn 0.560985982 0.430458993 -0.707107008
vn 0.541674972 0.454519004 -0.707107008
vn 0.521333992 0.477714002 -0.707107008
vn 0.5 0.5 -0.707107008
vn 0.477714002 0.521333992 -0.707107008
vn 0.454519004 0.541674972 -0.707107008
vn 0.430458993 0.560985982 -0.707107008
vn 0.405580014 0.579227984 -0.707107008
vn 0.379927993 0.596368015 -0.707107008
vn 0.353552997 0.612371981 -0.707107008
vn 0.326505989 0.627210975 -0.707107008
vn 0.298835993 0.640856028 -0.707107008
vn 0.270597994 0.653280973 -0.707107008
vn 0.241844997 0.664462984 -0.707107008
vn 0.212631002 0.674380004 -0.707107008
vn 0.183013007 0.683013022 -0.707107008
vn 0.153045997 0.690346003 -0.707107008
vn 0.122787997 0.696363986 -0.707107008
vn 0.0922959968 0.701057017 -0.707107008
vn 0.0616284013 0.704415977 -0.707107008
vn 0.0308436006 0.706434011 -0.707107008
vn 1.96262001e-17 0.707107008 -0.707107008
vn -0.0308436006 0.706434011 -0.707107008
vn -0.0616284013 0.704415977 -0.707107008
vn -0.0922959968 0.701057017 -0.707107008
vn -0.122787997 0.696363986 -0.707107008
vn -0.153045997 0.690346003 -0.707107008
vn -0.183013007 0.683013022 -0.707107008
vn -0.212631002 0.674380004 -0.707107008
vn -0.241844997 0.664462984 -0.707107008
vn -0.270597994 0.653280973 -0.707107008
vn -0.298835993 0.640856028 -0.707107008
vn -0.326505989 0.627210975 -0.707107008
vn -0.353552997 0.612371981 -0.707107008
vn -0.379927993 0.596368015 -0.707107008
vn -0.405580014 0.579227984 -0.707107008
vn -0.430458993 0.560985982 -0.707107008
vn -0.454519004 0.541674972 -0.707107008
vn -0.477714002 0.521333992 -0.707107008
vn -0.5 0.5 -0.707107008
vn -0.521333992 0.477714002 -0.707107008
vn -0.541674972 0.454519004 -0.707107008
vn -0.560985982 0.430458993 -0.707107008
vn -0.579227984 0.405580014 -0.707107008
vn -0.596368015 0.379927993 -0.707107008
vn -0.612371981 0.353552997 -0.707107008
vn -0.627210975 0.326505989 -0.707107008
vn -0.640856028 0.298835993 -0.707107008
vn -0.653280973 0.270597994 -0.707107008
vn -0.664462984 0.241844997 -0.707107008
vn -0.674380004 0.212631002 -0.707107008
vn -0.683013022 0.183013007 -0.707107008
vn -0.690346003 0.153045997 -0.707107008
vn -0.696363986 0.122787997 -0.707107008
vn -0.701057017 0.0922959968 -0.707107008
vn -0.704415977 0.0616284013 -0.707107008
vn -0.706434011 0.0308436006 -0.707107008
vn -0.707107008 2.06075003e-16 -0.707107008
vn -0.706434011 -0.0308436006 -0.707107008
vn -0.704415977 -0.0616284013 -0.707107008
vn -0.701057017 -0.0922959968 -0.707107008
vn -0.696363986 -0.122787997 -0.707107008
vn -0.690346003 -0.153045997 -0.707107008
vn -0.683013022 -0.183013007 -0.707107008
vn -0.674380004 -0.212631002 -0.707107008
vn -0.664462984 -0.241844997 -0.707107008
vn -0.653280973 -0.270597994 -0.707107008
vn -0.640856028 -0.298835993 -0.707107008
vn -0.627210975 -0.326505989 -0.707107008
vn -0.612371981 -0.353552997 -0.707107008
vn -0.596368015 -0.379927993 -0.707107008
vn -0.579227984 -0.405580014 -0.707107008
vn -0.560985982 -0.430458993 -0.707107008
vn -0.541674972 -0.454519004 -0.707107008
vn -0.521333992 -0.477714002 -0.707107008
vn -0.5 -0.5 -0.707107008
vn -0.477714002 -0.521333992 -0.707107008
vn -0.454519004 -0.541674972 -0.707107008
vn -0.430458993 -0.560985982 -0.707107008
vn -0.405580014 -0.579227984 -0.707107008
vn -0.379927993 -0.596368015 -0.707107008
vn -0.353552997 -0.612371981 -0.707107008
vn -0.326505989 -0.627210975 -0.707107008
vn -0.298835993 -0.640856028 -0.707107008
vn -0.270597994 -0.653280973 -0.707107008
vn -0.241844997 -0.664462984 -0.707107008
vn -0.212631002 -0.674380004 -0.707107008
vn -0.183013007 -0.683013022 -0.707107008
vn -0.153045997 -0.690346003 -0.707107008
vn -0.122787997 -0.696363986 -0.707107008
vn -0.0922959968 -0.701057017 -0.707107008
vn -0.0616284013 -0.704415977 -0.707107008
vn -0.0308436006 -0.706434011 -0.707107008
vn -2.06075003e-16 -0.707107008 -0.707107008
vn 0.0308436006 -0.706434011 -0.707107008
vn 0.0616284013 -0.704415977 -0.707107008
vn 0.0922959968 -0.701057017 -0.707107008
vn 0.122787997 -0.696363986 -0.707107008
vn 0.153045997 -0.690346003 -0.707107008
vn 0.183013007 -0.683013022 -0.707107008
vn 0.212631002 -0.674380004 -0.707107008
vn 0.241844997 -0.664462984 -0.707107008
vn 0.270597994 -0.653280973 -0.707107008
vn 0.298835993 -0.640856028 -0.707107008
vn 0.326505989 -0.627210975 -0.707107008
vn 0.353552997 -0.612371981 -0.707107008
vn 0.379927993 -0.596368015 -0.707107008
vn 0.405580014 -0.579227984 -0.707107008
vn 0.430458993 -0.560985982 -0.707107008
vn 0.454519004 -0.541674972 -0.707107008
vn 0.477714002 -0.521333992 -0.707107008
vn 0.5 -0.5 -0.707107008
vn 0.521333992 -0.477714002 -0.707107008
vn 0.541674972 -0.454519004 -0.707107008
vn 0.560985982 -0.430458993 -0.707107008
vn 0.579227984 -0.405580014 -0.707107008
vn 0.596368015 -0.379927993 -0.707107008
vn 0.612371981 -0.353552997 -0.707107008
vn 0.627210975 -0.326505989 -0.707107008
vn 0.640856028 -0.298835993 -0.707107008
vn 0.653280973 -0.270597994 -0.707107008
vn 0.664462984 -0.241844997 -0.707107008
vn 0.674380004 -0.212631002 -0.707107008
vn 0.683013022 -0.183013007 -0.707107008
vn 0.690346003 -0.153045997 -0.707107008
vn 0.696363986 -0.122787997 -0.707107008
vn 0.701057017 -0.0922959968 -0.707107008
vn 0.704415977 -0.0616284013 -0.707107008
vn 0.706434011 -0.0308436006 -0.707107008
vn -1 0 0
vn -0.999047995 0.0436194018 0
vn -0.996195018 0.0871556997 0
vn -0.991445005 0.130526006 0
vn -0.984808028 0.173648 0
vn -0.976296008 0.216440007 0
vn -0.965925992 0.258819014 0
vn -0.953716993 0.300705999 0
vn -0.939692974 0.342020005 0
vn -0.923879981 0.382683009 0
vn -0.906307995 0.422618002 0
vn -0.887010992 0.461748987 0
vn -0.866024971 0.5 0
vn -0.843391001 0.537299991 0
vn -0.819151998 0.573575974 0
vn -0.793353021 0.608761013 0
vn -0.766044021 0.642787993 0
vn -0.737276971 0.675589979 0
vn -0.707107008 0.707107008 0
vn -0.675589979 0.737276971 0
vn -0.642787993 0.766044021 0
vn -0.608761013 0.793353021 0
vn -0.573575974 0.819151998 0
vn -0.537299991 0.843391001 0
vn -0.5 0.866024971 0
vn -0.461748987 0.887010992 0
vn -0.422618002 0.906307995 0
vn -0.382683009 0.923879981 0
vn -0.342020005 0.939692974 0
vn -0.300705999 0.953716993 0
vn -0.258819014 0.965925992 0
vn -0.216440007 0.976296008 0
vn -0.173648 0.984808028 0
vn -0.130526006 0.991445005 0
vn -0.0871556997 0.996195018 0
vn -0.0436194018 0.999047995 0
vn -6.12323029e-17 1 0
vn 0.0436194018 0.999047995 0
vn 0.0871556997 0.996195018 0
vn 0.130526006 0.991445005 0
vn 0.173648 0.984808028 0
vn 0.216440007 0.976296008 0
vn 0.258819014 0.965925992 0
vn 0.300705999 0.953716993 0
vn 0.342020005 0.939692974 0
vn 0.382683009 0.923879981 0
vn 0.422618002 0.906307995 0
vn 0.461748987 0.887010992 0
vn 0.5 0.866024971 0
vn 0.537299991 0.843391001 0
vn 0.573575974 0.819151998 0
vn 0.608761013 0.793353021 0
vn 0.642787993 0.766044021 0
vn 0.675589979 0.737276971 0
vn 0.707107008 0.707107008 0
vn 0.737276971 0.675589979 0
vn 0.766044021 0.642787993 0
vn 0.793353021 0.608761013 0
vn 0.819151998 0.573575974 0
vn 0.843391001 0.537299991 0
vn 0.866024971 0.5 0
vn 0.887010992 0.461748987 0
vn 0.906307995 0.422618002 0
vn 0.923879981 0.382683009 0
vn 0.939692974 0.342020005 0
vn 0.953716993 0.300705999 0
vn 0.965925992 0.258819014 0
vn 0.976296008 0.216440007 0
vn 0.984808028 0.173648 0
vn 0.991445005 0.130526006 0
vn 0.996195018 0.0871556997 0
vn 0.999047995 0.0436194018 0
vn 1 1.22465003e-16 0
vn 0.999047995 -0.0436194018 0
vn 0.996195018 -0.0871556997 0
vn 0.991445005 -0.130526006 0
vn 0.984808028 -0.173648 0
vn 0.976296008 -0.216440007 0
vn 0.965925992 -0.258819014 0
vn 0.953716993 -0.300705999 0
vn 0.939692974 -0.342020005 0
vn 0.923879981 -0.382683009 0
vn 0.906307995 -0.422618002 0
vn 0.887010992 -0.461748987 0
vn 0.866024971 -0.5 0
vn 0.843391001 -0.537299991 0
vn 0.819151998 -0.573575974 0
vn 0.793353021 -0.608761013 0
vn 0.766044021 -0.642787993 0
vn 0.737276971 -0.675589979 0
vn 0.707107008 -0.707107008 0
vn 0.675589979 -0.737276971 0
vn 0.642787993 -0.766044021 0
vn 0.608761013 -0.793353021 0
vn 0.573575974 -0.819151998 0
vn 0.537299991 -0.843391001 0
vn 0.5 -0.866024971 0
vn 0.461748987 -0.887010992 0
vn 0.422618002 -0.906307995 0
vn 0.382683009 -0.923879981 0
vn 0.342020005 -0.939692974 0
vn 0.300705999 -0.953716993 0
vn 0.258819014 -0.965925992 0
vn 0.216440007 -0.976296008 0
vn 0.173648 -0.984808028 0
vn 0.130526006 -0.991445005 0
vn 0.0871556997 -0.996195018 0
vn 0.0436194018 -0.999047995 0
vn 1.83697001e-16 -1 0
vn -0.0436194018 -0.999047995 0
vn -0.0871556997 -0.996195018 0
vn -0.130526006 -0.991445005 0
vn -0.173648 -0.984808028 0
vn -0.216440007 -0.976296008 0
vn -0.258819014 -0.965925992 0
vn -0.300705999 -0.953716993 0
vn -0.342020005 -0.939692974 0
vn -0.382683009 -0.923879981 0
vn -0.422618002 -0.906307995 0
vn -0.461748987 -0.887010992 0
vn -0.5 -0.866024971 0
vn -0.537299991 -0.843391001 0
vn -0.573575974 -0.819151998 0
vn -0.608761013 -0.793353021 0
vn -0.642787993 -0.766044021 0
vn -0.675589979 -0.737276971 0
vn -0.707107008 -0.707107008 0
vn -0.737276971 -0.675589979 0
vn -0.766044021 -0.642787993 0
vn -0.793353021 -0.608761013 0
vn -0.819151998 -0.573575974 0
vn -0.843391001 -0.537299991 0
vn -0.866024971 -0.5 0
vn -0.887010992 -0.461748987 0
vn -0.906307995 -0.422618002 0
vn -0.923879981 -0.382683009 0
vn -0.939692974 -0.342020005 0
vn -0.953716993 -0.300705999 0
vn -0.965925992 -0.258819014 0
vn -0.976296008 -0.216440007 0
vn -0.984808028 -0.173648 0
vn -0.991445005 -0.130526006 0
vn -0.996195018 -0.0871556997 0
vn -0.999047995 -0.0436194018 0
vn 0 0 -1
vn -0.707107008 0 0.707107008
vn -0.706434011 0.0308436006 0.707107008
vn -0.704415977 0.0616284013 0.707107008
vn -0.701057017 0.0922959968 0.707107008
vn -0.696363986 0.122787997 0.707107008
vn -0.690346003 0.153045997 0.707107008
vn -0.683013022 0.183013007 0.707107008
vn -0.674380004 0.212631002 0.707107008
vn -0.664462984 0.241844997 0.707107008
vn -0.653280973 0.270597994 0.707107008
vn -0.640856028 0.298835993 0.707107008
vn -0.627210975 0.326505989 0.707107008
vn -0.612371981 0.353552997 0.707107008
vn -0.596368015 0.379927993 0.707107008
vn -0.579227984 0.405580014 0.707107008
vn -0.560985982 0.430458993 0.707107008
vn -0.541674972 0.454519004 0.707107008
vn -0.521333992 0.477714002 0.707107008
vn -0.5 0.5 0.707107008
vn -0.477714002 0.521333992 0.707107008
vn -0.454519004 0.541674972 0.707107008
vn -0.430458993 0.560985982 0.707107008
vn -0.405580014 0.579227984 0.707107008
vn -0.379927993 0.596368015 0.707107008
vn -0.353552997 0.612371981 0.707107008
vn -0.326505989 0.627210975 0.707107008
vn -0.298835993 0.640856028 0.707107008
vn -0.270597994 0.653280973 0.707107008
vn -0.241844997 0.664462984 0.707107008
vn -0.212631002 0.674380004 0.707107008
vn -0.183013007 0.683013022 0.707107008
vn -0.153045997 0.690346003 0.707107008
vn -0.122787997 0.696363986 0.707107008
vn -0.0922959968 0.701057017 0.707107008
vn -0.0616284013 0.704415977 0.707107008
vn -0.0308436006 0.706434011 0.707107008
vn -1.96262001e-17 0.707107008 0.707107008
vn 0.0308436006 0.706434011 0.707107008
vn 0.0616284013 0.704415977 0.707107008
vn 0.0922959968 0.701057017 0.707107008
vn 0.122787997 0.696363986 0.707107008
vn 0.153045997 0.690346003 0.707107008
vn 0.183013007 0.683013022 0.707107008
vn 0.212631002 0.674380004 0.707107008
vn 0.241844997 0.664462984 0.707107008
vn 0.270597994 0.653280973 0.707107008
vn 0.298835993 0.640856028 0.707107008
vn 0.326505989 0.627210975 0.707107008
vn 0.353552997 0.612371981 0.707107008
vn 0.379927993 0.596368015 0.707107008
vn 0.405580014 0.579227984 0.707107008
vn 0.430458993 0.560985982 0.707107008
vn 0.454519004 0.541674972 0.707107008
vn 0.477714002 0.521333992 0.707107008
vn 0.5 0.5 0.707107008
vn 0.521333992 0.477714002 0.707107008
vn 0.541674972 0.454519004 0.707107008
vn 0.560985982 0.430458993 0.707107008
vn 0.579227984 0.405580014 0.707107008
vn 0.596368015 0.379927993 0.707107008
vn 0.612371981 0.353552997 0.707107008
vn 0.627210975 0.326505989 0.707107008
vn 0.640856028 0.298835993 0.707107008
vn 0.653280973 0.270597994 0.707107008
vn 0.664462984 0.241844997 0.707107008
vn 0.674380004 0.212631002 0.707107008
vn 0.683013022 0.183013007 0.707107008
vn 0.690346003 0.153045997 0.707107008
vn 0.696363986 0.122787997 0.707107008
vn 0.701057017 0.0922959968 0.707107008
vn 0.704415977 0.0616284013 0.707107008
vn 0.706434011 0.0308436006 0.707107008
vn 0.707107008 2.06075003e-16 0.707107008
vn 0.706434011 -0.0308436006 0.707107008
vn 0.704415977 -0.0616284013 0.707107008
vn 0.701057017 -0.0922959968 0.707107008
vn 0.696363986 -0.122787997 0.707107008
vn 0.690346003 -0.153045997 0.707107008
vn 0.683013022 -0.183013007 0.707107008
vn 0.674380004 -0.212631002 0.707107008
vn 0.664462984 -0.241844997 0.707107008
vn 0.653280973 -0.270597994 0.707107008
vn 0.640856028 -0.298835993 0.707107008
vn 0.627210975 -0.326505989 0.707107008
vn 0.612371981 -0.353552997 0.707107008
vn 0.596368015 -0.379927993 0.707107008
vn 0.579227984 -0.405580014 0.707107008
vn 0.560985982 -0.430458993 0.707107008
vn 0.541674972 -0.454519004 0.707107008
vn 0.521333992 -0.477714002 0.707107008
vn 0.5 -0.5 0.707107008
vn 0.477714002 -0.521333992 0.707107008
vn 0.454519004 -0.541674972 0.707107008
vn 0.430458993 -0.560985982 0.707107008
vn 0.405580014 -0.579227984 0.707107008
vn 0.379927993 -0.596368015 0.707107008
vn 0.353552997 -0.612371981 0.707107008
vn 0.326505989 -0.627210975 0.707107008
vn 0.298835993 -0.640856028 0.707107008
vn 0.270597994 -0.653280973 0.707107008
vn 0.241844997 -0.664462984 0.707107008
vn 0.212631002 -0.674380004 0.707107008
vn 0.183013007 -0.683013022 0.707107008
vn 0.153045997 -0.690346003 0.707107008
vn 0.122787997 -0.696363986 0.707107008
vn 0.0922959968 -0.701057017 0.707107008
vn 0.0616284013 -0.704415977 0.707107008
vn 0.0308436006 -0.706434011 0.707107008
vn 2.06075003e-16 -0.707107008 0.707107008
vn -0.0308436006 -0.706434011 0.707107008
vn -0.0616284013 -0.704415977 0.707107008
vn -0.0922959968 -0.701057017 0.707107008
vn -0.122787997 -0.696363986 0.707107008
vn -0.153045997 -0.690346003 0.707107008
vn -0.183013007 -0.683013022 0.707107008
vn -0.212631002 -0.674380004 0.707107008
vn -0.241844997 -0.664462984 0.707107008
vn -0.270597994 -0.653280973 0.707107008
vn -0.298835993 -0.640856028 0.707107008
vn -0.326505989 -0.627210975 0.707107008
vn -0.353552997 -0.612371981 0.707107008
vn -0.379927993 -0.596368015 0.707107008
vn -0.405580014 -0.579227984 0.707107008
vn -0.430458993 -0.560985982 0.707107008
vn -0.454519004 -0.541674972 0.707107008
vn -0.477714002 -0.521333992 0.707107008
vn -0.5 -0.5 0.707107008
vn -0.521333992 -0.477714002 0.707107008
vn -0.541674972 -0.454519004 0.707107008
vn -0.560985982 -0.430458993 0.707107008
vn -0.579227984 -0.405580014 0.707107008
vn -0.596368015 -0.379927993 0.707107008
vn -0.612371981 -0.353552997 0.707107008
vn -0.627210975 -0.326505989 0.707107008
vn -0.640856028 -0.298835993 0.707107008
vn -0.653280973 -0.270597994 0.707107008
vn -0.664462984 -0.241844997 0.707107008
vn -0.674380004 -0.212631002 0.707107008
vn -0.683013022 -0.183013007 0.707107008
vn -0.690346003 -0.153045997 0.707107008
vn -0.696363986 -0.122787997 0.707107008
vn -0.701057017 -0.0922959968 0.707107008
vn -0.704415977 -0.0616284013 0.707107008
vn -0.706434011 -0.0308436006 0.707107008
vn 0 0 1

# Mesh 'mesh' with 1152 faces
g mesh
usemtl material__980392_0_713725_0_003922_0_000000_0_000000
f  1//1 2//1 3//2
f  4//2 5//2 6//3
f  7//3 8//3 9//4
f  10//4 11//4 12//5
f  13//5 14//5 15//6
f  16//6 17//6 18//7
f  19//7 20//7 21//8
f  22//8 23//8 24//9
f  25//9 26//9 27//10
f  28//10 29//10 30//11
f  31//11 32//11 33//12
f  34//12 35//12 36//13
f  37//13 38//13 39//14
f  40//14 41//14 42//15
f  43//15 44//15 45//16
f  46//16 47//16 48//17
f  49//17 50//17 51//18
f  52//18 53//18 54//19
f  55//19 56//19 57//20
f  58//20 59//20 60//21
f  61//21 62//21 63//22
f  64//22 65//22 66//23
f  67//23 68//23 69//24
f  70//24 71//24 72//25
f  73//25 74//25 75//26
f  76//26 77//26 78//27
f  79//27 80//27 81//28
f  82//28 83//28 84//29
f  85//29 86//29 87//30
f  88//30 89//30 90//31
f  91//31 92//31 93//32
f  94//32 95//32 96//33
f  97//33 98//33 99//34
f  100//34 101//34 102//35
f  103//35 104//35 105//36
f  106//36 107//36 108//37
f  109//37 110//37 111//38
f  112//38 113//38 114//39
f  115//39 116//39 117//40
f  118//40 119//40 120//41
f  121//41 122//41 123//42
f  124//42 125//42 126//43
f  127//43 128//43 129//44
f  130//44 131//44 132//45
f  133//45 134//45 135//46
f  136//46 137//46 138//47
f  139//47 140//47 141//48
f  142//48 143//48 144//49
f  145//49 146//49 147//50
f  148//50 149//50 150//51
f  151//51 152//51 153//52
f  154//52 155//52 156//53
f  157//53 158//53 159//54
f  160//54 161//54 162//55
f  163//55 164//55 165//56
f  166//56 167//56 168//57
f  169//57 170//57 171//58
f  172//58 173//58 174//59
f  175//59 176//59 177//60
f  178//60 179//60 180//61
f  181//61 182//61 183//62
f  184//62 185//62 186//63
f  187//63 188//63 189//64
f  190//64 191//64 192//65
f  193//65 194//65 195//66
f  196//66 197//66 198//67
f  199//67 200//67 201//68
f  202//68 203//68 204//69
f  205//69 206//69 207//70
f  208//70 209//70 210//71
f  211//71 212//71 213//72
f  214//72 215//72 216//73
f  217//73 218//73 219//74
f  220//74 221//74 222//75
f  223//75 224//75 225//76
f  226//76 227//76 228//77
f  229//77 230//77 231//78
f  232//78 233//78 234//79
f  235//79 236//79 237//80
f  238//80 239//80 240//81
f  241//81 242//81 243//82
f  244//82 245//82 246//83
f  247//83 248//83 249//84
f  250//84 251//84 252//85
f  253//85 254//85 255//86
f  256//86 257//86 258//87
f  259//87 260//87 261//88
f  262//88 263//88 264//89
f  265//89 266//89 267//90
f  268//90 269//90 270//91
f  271//91 272//91 273//92
f  274//92 275//92 276//93
f  277//93 278//93 279//94
f  280//94 281//94 282//95
f  283//95 284//95 285//96
f  286//96 287//96 288//97
f  289//97 290//97 291//98
f  292//98 293//98 294//99
f  295//99 296//99 297//100
f  298//100 299//100 300//101
f  301//101 302//101 303//102
f  304//102 305//102 306//103
f  307//103 308//103 309//104
f  310//104 311//104 312//105
f  313//105 314//105 315//106
f  316//106 317//106 318//107
f  319//107 320//107 321//108
f  322//108 323//108 324//109
f  325//109 326//109 327//110
f  328//110 329//110 330//111
f  331//111 332//111 333//112
f  334//112 335//112 336//113
f  337//113 338//113 339//114
f  340//114 341//114 342//115
f  343//115 344//115 345//116
f  346//116 347//116 348//117
f  349//117 350//117 351//118
f  352//118 353//118 354//119
f  355//119 356//119 357//120
f  358//120 359//120 360//121
f  361//121 362//121 363//122
f  364//122 365//122 366//123
f  367//123 368//123 369//124
f  370//124 371//124 372//125
f  373//125 374//125 375//126
f  376//126 377//126 378//127
f  379//127 380//127 381//128
f  382//128 383//128 384//129
f  385//129 386//129 387//130
f  388//130 389//130 390//131
f  391//131 392//131 393//132
f  394//132 395//132 396//133
f  397//133 398//133 399//134
f  400//134 401//134 402//135
f  403//135 404//135 405//136
f  406//136 407//136 408//137
f  409//137 410//137 411//138
f  412//138 413//138 414//139
f  415//139 416//139 417//140
f  418//140 419//140 420//141
f  421//141 422//141 423//142
f  424//142 425//142 426//143
f  427//143 428//143 429//144
f  430//144 431//144 432//1
f  433//1 434//1 435//144
f  436//144 437//144 438//143
f  439//143 440//143 441//142
f  442//142 443//142 444//141
f  445//141 446//141 447//140
f  448//140 449//140 450//139
f  451//139 452//139 453//138
f  454//138 455//138 456//137
f  457//137 458//137 459//136
f  460//136 461//136 462//135
f  463//135 464//135 465//134
f  466//134 467//134 468//133
f  469//133 470//133 471//132
f  472//132 473//132 474//131
f  475//131 476//131 477//130
f  478//130 479//130 480//129
f  481//129 482//129 483//128
f  484//128 485//128 486//127
f  487//127 488//127 489//126
f  490//126 491//126 492//125
f  493//125 494//125 495//124
f  496//124 497//124 498//123
f  499//123 500//123 501//122
f  502//122 503//122 504//121
f  505//121 506//121 507//120
f  508//120 509//120 510//119
f  511//119 512//119 513//118
f  514//118 515//118 516//117
f  517//117 518//117 519//116
f  520//116 521//116 522//115
f  523//115 524//115 525//114
f  526//114 527//114 528//113
f  529//113 530//113 531//112
f  532//112 533//112 534//111
f  535//111 536//111 537//110
f  538//110 539//110 540//109
f  541//109 542//109 543//108
f  544//108 545//108 546//107
f  547//107 548//107 549//106
f  550//106 551//106 552//105
f  553//105 554//105 555//104
f  556//104 557//104 558//103
f  559//103 560//103 561//102
f  562//102 563//102 564//101
f  565//101 566//101 567//100
f  568//100 569//100 570//99
f  571//99 572//99 573//98
f  574//98 575//98 576//97
f  577//97 578//97 579//96
f  580//96 581//96 582//95
f  583//95 584//95 585//94
f  586//94 587//94 588//93
f  589//93 590//93 591//92
f  592//92 593//92 594//91
f  595//91 596//91 597//90
f  598//90 599//90 600//89
f  601//89 602//89 603//88
f  604//88 605//88 606//87
f  607//87 608//87 609//86
f  610//86 611//86 612//85
f  613//85 614//85 615//84
f  616//84 617//84 618//83
f  619//83 620//83 621//82
f  622//82 623//82 624//81
f  625//81 626//81 627//80
f  628//80 629//80 630//79
f  631//79 632//79 633//78
f  634//78 635//78 636//77
f  637//77 638//77 639//76
f  640//76 641//76 642//75
f  643//75 644//75 645//74
f  646//74 647//74 648//73
f  649//73 650//73 651//72
f  652//72 653//72 654//71
f  655//71 656//71 657//70
f  658//70 659//70 660//69
f  661//69 662//69 663//68
f  664//68 665//68 666//67
f  667//67 668//67 669//66
f  670//66 671//66 672//65
f  673//65 674//65 675//64
f  676//64 677//64 678//63
f  679//63 680//63 681//62
f  682//62 683//62 684//61
f  685//61 686//61 687//60
f  688//60 689//60 690//59
f  691//59 692//59 693//58
f  694//58 695//58 696//57
f  697//57 698//57 699//56
f  700//56 701//56 702//55
f  703//55 704//55 705//54
f  706//54 707//54 708//53
f  709//53 710//53 711//52
f  712//52 713//52 714//51
f  715//51 716//51 717//50
f  718//50 719//50 720//49
f  721//49 722//49 723//48
f  724//48 725//48 726//47
f  727//47 728//47 729//46
f  730//46 731//46 732//45
f  733//45 734//45 735//44
f  736//44 737//44 738//43
f  739//43 740//43 741//42
f  742//42 743//42 744//41
f  745//41 746//41 747//40
f  748//40 749//40 750//39
f  751//39 752//39 753//38
f  754//38 755//38 756//37
f  757//37 758//37 759//36
f  760//36 761//36 762//35
f  763//35 764//35 765//34
f  766//34 767//34 768//33
f  769//33 770//33 771//32
f  772//32 773//32 774//31
f  775//31 776//31 777//30
f  778//30 779//30 780//29
f  781//29 782//29 783//28
f  784//28 785//28 786//27
f  787//27 788//27 789//26
f  790//26 791//26 792//25
f  793//25 794//25 795//24
f  796//24 797//24 798//23
f  799//23 800//23 801//22
f  802//22 803//22 804//21
f  805//21 806//21 807//20
f  808//20 809//20 810//19
f  811//19 812//19 813//18
f  814//18 815//18 816//17
f  817//17 818//17 819//16
f  820//16 821//16 822//15
f  823//15 824//15 825//14
f  826//14 827//14 828//13
f  829//13 830//13 831//12
f  832//12 833//12 834//11
f  835//11 836//11 837//10
f  838//10 839//10 840//9
f  841//9 842//9 843//8
f  844//8 845//8 846//7
f  847//7 848//7 849//6
f  850//6 851//6 852//5
f  853//5 854//5 855//4
f  856//4 857//4 858//3
f  859//3 860//3 861//2
f  862//2 863//2 864//1
f  865//145 866//145 867//146
f  868//146 869//146 870//147
f  871//147 872//147 873//148
f  874//148 875//148 876//149
f  877//149 878//149 879//150
f  880//150 881//150 882//151
f  883//151 884//151 885//152
f  886//152 887//152 888//153
f  889//153 890//153 891//154
f  892//154 893//154 894//155
f  895//155 896//155 897//156
f  898//156 899//156 900//157
f  901//157 902//157 903//158
f  904//158 905//158 906//159
f  907//159 908//159 909//160
f  910//160 911//160 912//161
f  913//161 914//161 915//162
f  916//162 917//162 918//163
f  919//163 920//163 921//164
f  922//164 923//164 924//165
f  925//165 926//165 927//166
f  928//166 929//166 930//167
f  931//167 932//167 933//168
f  934//168 935//168 936//169
f  937//169 938//169 939//170
f  940//170 941//170 942//171
f  943//171 944//171 945//172
f  946//172 947//172 948//173
f  949//173 950//173 951//174
f  952//174 953//174 954//175
f  955//175 956//175 957//176
f  958//176 959//176 960//177
f  961//177 962//177 963//178
f  964//178 965//178 966//179
f  967//179 968//179 969//180
f  970//180 971//180 972//181
f  973//181 974//181 975//182
f  976//182 977//182 978//183
f  979//183 980//183 981//184
f  982//184 983//184 984//185
f  985//185 986//185 987//186
f  988//186 989//186 990//187
f  991//187 992//187 993//188
f  994//188 995//188 996//189
f  997//189 998//189 999//190
f  1000//190 1001//190 1002//191
f  1003//191 1004//191 1005//192
f  1006//192 1007//192 1008//193
f  1009//193 1010//193 1011//194
f  1012//194 1013//194 1014//195
f  1015//195 1016//195 1017//196
f  1018//196 1019//196 1020//197
f  1021//197 1022//197 1023//198
f  1024//198 1025//198 1026//199
f  1027//199 1028//199 1029//200
f  1030//200 1031//200 1032//201
f  1033//201 1034//201 1035//202
f  1036//202 1037//202 1038//203
f  1039//203 1040//203 1041//204
f  1042//204 1043//204 1044//205
f  1045//205 1046//205 1047//206
f  1048//206 1049//206 1050//207
f  1051//207 1052//207 1053//208
f  1054//208 1055//208 1056//209
f  1057//209 1058//209 1059//210
f  1060//210 1061//210 1062//211
f  1063//211 1064//211 1065//212
f  1066//212 1067//212 1068//213
f  1069//213 1070//213 1071//214
f  1072//214 1073//214 1074//215
f  1075//215 1076//215 1077//216
f  1078//216 1079//216 1080//217
f  1081//217 1082//217 1083//218
f  1084//218 1085//218 1086//219
f  1087//219 1088//219 1089//220
f  1090//220 1091//220 1092//221
f  1093//221 1094//221 1095//222
f  1096//222 1097//222 1098//223
f  1099//223 1100//223 1101//224
f  1102//224 1103//224 1104//225
f  1105//225 1106//225 1107//226
f  1108//226 1109//226 1110//227
f  1111//227 1112//227 1113//228
f  1114//228 1115//228 1116//229
f  1117//229 1118//229 1119//230
f  1120//230 1121//230 1122//231
f  1123//231 1124//231 1125//232
f  1126//232 1127//232 1128//233
f  1129//233 1130//233 1131//234
f  1132//234 1133//234 1134//235
f  1135//235 1136//235 1137//236
f  1138//236 1139//236 1140//237
f  1141//237 1142//237 1143//238
f  1144//238 1145//238 1146//239
f  1147//239 1148//239 1149//240
f  1150//240 1151//240 1152//241
f  1153//241 1154//241 1155//242
f  1156//242 1157//242 1158//243
f  1159//243 1160//243 1161//244
f  1162//244 1163//244 1164//245
f  1165//245 1166//245 1167//246
f  1168//246 1169//246 1170//247
f  1171//247 1172//247 1173//248
f  1174//248 1175//248 1176//249
f  1177//249 1178//249 1179//250
f  1180//250 1181//250 1182//251
f  1183//251 1184//251 1185//252
f  1186//252 1187//252 1188//253
f  1189//253 1190//253 1191//254
f  1192//254 1193//254 1194//255
f  1195//255 1196//255 1197//256
f  1198//256 1199//256 1200//257
f  1201//257 1202//257 1203//258
f  1204//258 1205//258 1206//259
f  1207//259 1208//259 1209//260
f  1210//260 1211//260 1212//261
f  1213//261 1214//261 1215//262
f  1216//262 1217//262 1218//263
f  1219//263 1220//263 1221//264
f  1222//264 1223//264 1224//265
f  1225//265 1226//265 1227//266
f  1228//266 1229//266 1230//267
f  1231//267 1232//267 1233//268
f  1234//268 1235//268 1236//269
f  1237//269 1238//269 1239//270
f  1240//270 1241//270 1242//271
f  1243//271 1244//271 1245//272
f  1246//272 1247//272 1248//273
f  1249//273 1250//273 1251//274
f  1252//274 1253//274 1254//275
f  1255//275 1256//275 1257//276
f  1258//276 1259//276 1260//277
f  1261//277 1262//277 1263//278
f  1264//278 1265//278 1266//279
f  1267//279 1268//279 1269//280
f  1270//280 1271//280 1272//281
f  1273//281 1274//281 1275//282
f  1276//282 1277//282 1278//283
f  1279//283 1280//283 1281//284
f  1282//284 1283//284 1284//285
f  1285//285 1286//285 1287//286
f  1288//286 1289//286 1290//287
f  1291//287 1292//287 1293//288
f  1294//288 1295//288 1296//145
f  1297//145 1298//145 1299//288
f  1300//288 1301//288 1302//287
f  1303//287 1304//287 1305//286
f  1306//286 1307//286 1308//285
f  1309//285 1310//285 1311//284
f  1312//284 1313//284 1314//283
f  1315//283 1316//283 1317//282
f  1318//282 1319//282 1320//281
f  1321//281 1322//281 1323//280
f  1324//280 1325//280 1326//279
f  1327//279 1328//279 1329//278
f  1330//278 1331//278 1332//277
f  1333//277 1334//277 1335//276
f  1336//276 1337//276 1338//275
f  1339//275 1340//275 1341//274
f  1342//274 1343//274 1344//273
f  1345//273 1346//273 1347//272
f  1348//272 1349//272 1350//271
f  1351//271 1352//271 1353//270
f  1354//270 1355//270 1356//269
f  1357//269 1358//269 1359//268
f  1360//268 1361//268 1362//267
f  1363//267 1364//267 1365//266
f  1366//266 1367//266 1368//265
f  1369//265 1370//265 1371//264
f  1372//264 1373//264 1374//263
f  1375//263 1376//263 1377//262
f  1378//262 1379//262 1380//261
f  1381//261 1382//261 1383//260
f  1384//260 1385//260 1386//259
f  1387//259 1388//259 1389//258
f  1390//258 1391//258 1392//257
f  1393//257 1394//257 1395//256
f  1396//256 1397//256 1398//255
f  1399//255 1400//255 1401//254
f  1402//254 1403//254 1404//253
f  1405//253 1406//253 1407//252
f  1408//252 1409//252 1410//251
f  1411//251 1412//251 1413//250
f  1414//250 1415//250 1416//249
f  1417//249 1418//249 1419//248
f  1420//248 1421//248 1422//247
f  1423//247 1424//247 1425//246
f  1426//246 1427//246 1428//245
f  1429//245 1430//245 1431//244
f  1432//244 1433//244 1434//243
f  1435//243 1436//243 1437//242
f  1438//242 1439//242 1440//241
f  1441//241 1442//241 1443//240
f  1444//240 1445//240 1446//239
f  1447//239 1448//239 1449//238
f  1450//238 1451//238 1452//237
f  1453//237 1454//237 1455//236
f  1456//236 1457//236 1458//235
f  1459//235 1460//235 1461//234
f  1462//234 1463//234 1464//233
f  1465//233 1466//233 1467//232
f  1468//232 1469//232 1470//231
f  1471//231 1472//231 1473//230
f  1474//230 1475//230 1476//229
f  1477//229 1478//229 1479//228
f  1480//228 1481//228 1482//227
f  1483//227 1484//227 1485//226
f  1486//226 1487//226 1488//225
f  1489//225 1490//225 1491//224
f  1492//224 1493//224 1494//223
f  1495//223 1496//223 1497//222
f  1498//222 1499//222 1500//221
f  1501//221 1502//221 1503//220
f  1504//220 1505//220 1506//219
f  1507//219 1508//219 1509//218
f  1510//218 1511//218 1512//217
f  1513//217 1514//217 1515//216
f  1516//216 1517//216 1518//215
f  1519//215 1520//215 1521//214
f  1522//214 1523//214 1524//213
f  1525//213 1526//213 1527//212
f  1528//212 1529//212 1530//211
f  1531//211 1532//211 1533//210
f  1534//210 1535//210 1536//209
f  1537//209 1538//209 1539//208
f  1540//208 1541//208 1542//207
f  1543//207 1544//207 1545//206
f  1546//206 1547//206 1548//205
f  1549//205 1550//205 1551//204
f  1552//204 1553//204 1554//203
f  1555//203 1556//203 1557//202
f  1558//202 1559//202 1560//201
f  1561//201 1562//201 1563//200
f  1564//200 1565//200 1566//199
f  1567//199 1568//199 1569//198
f  1570//198 1571//198 1572//197
f  1573//197 1574//197 1575//196
f  1576//196 1577//196 1578//195
f  1579//195 1580//195 1581//194
f  1582//194 1583//194 1584//193
f  1585//193 1586//193 1587//192
f  1588//192 1589//192 1590//191
f  1591//191 1592//191 1593//190
f  1594//190 1595//190 1596//189
f  1597//189 1598//189 1599//188
f  1600//188 1601//188 1602//187
f  1603//187 1604//187 1605//186
f  1606//186 1607//186 1608//185
f  1609//185 1610//185 1611//184
f  1612//184 1613//184 1614//183
f  1615//183 1616//183 1617//182
f  1618//182 1619//182 1620//181
f  1621//181 1622//181 1623//180
f  1624//180 1625//180 1626//179
f  1627//179 1628//179 1629//178
f  1630//178 1631//178 1632//177
f  1633//177 1634//177 1635//176
f  1636//176 1637//176 1638//175
f  1639//175 1640//175 1641//174
f  1642//174 1643//174 1644//173
f  1645//173 1646//173 1647//172
f  1648//172 1649//172 1650//171
f  1651//171 1652//171 1653//170
f  1654//170 1655//170 1656//169
f  1657//169 1658//169 1659//168
f  1660//168 1661//168 1662//167
f  1663//167 1664//167 1665//166
f  1666//166 1667//166 1668//165
f  1669//165 1670//165 1671//164
f  1672//164 1673//164 1674//163
f  1675//163 1676//163 1677//162
f  1678//162 1679//162 1680//161
f  1681//161 1682//161 1683//160
f  1684//160 1685//160 1686//159
f  1687//159 1688//159 1689//158
f  1690//158 1691//158 1692//157
f  1693//157 1694//157 1695//156
f  1696//156 1697//156 1698//155
f  1699//155 1700//155 1701//154
f  1702//154 1703//154 1704//153
f  1705//153 1706//153 1707//152
f  1708//152 1709//152 1710//151
f  1711//151 1712//151 1713//150
f  1714//150 1715//150 1716//149
f  1717//149 1718//149 1719//148
f  1720//148 1721//148 1722//147
f  1723//147 1724//147 1725//146
f  1726//146 1727//146 1728//145
f  1729//289 1730//289 1731//289
f  1732//289 1733//289 1734//289
f  1735//289 1736//289 1737//289
f  1738//289 1739//289 1740//289
f  1741//289 1742//289 1743//289
f  1744//289 1745//289 1746//289
f  1747//289 1748//289 1749//289
f  1750//289 1751//289 1752//289
f  1753//289 1754//289 1755//289
f  1756//289 1757//289 1758//289
f  1759//289 1760//289 1761//289
f  1762//289 1763//289 1764//289
f  1765//289 1766//289 1767//289
f  1768//289 1769//289 1770//289
f  1771//289 1772//289 1773//289
f  1774//289 1775//289 1776//289
f  1777//289 1778//289 1779//289
f  1780//289 1781//289 1782//289
f  1783//289 1784//289 1785//289
f  1786//289 1787//289 1788//289
f  1789//289 1790//289 1791//289
f  1792//289 1793//289 1794//289
f  1795//289 1796//289 1797//289
f  1798//289 1799//289 1800//289
f  1801//289 1802//289 1803//289
f  1804//289 1805//289 1806//289
f  1807//289 1808//289 1809//289
f  1810//289 1811//289 1812//289
f  1813//289 1814//289 1815//289
f  1816//289 1817//289 1818//289
f  1819//289 1820//289 1821//289
f  1822//289 1823//289 1824//289
f  1825//289 1826//289 1827//289
f  1828//289 1829//289 1830//289
f  1831//289 1832//289 1833//289
f  1834//289 1835//289 1836//289
f  1837//289 1838//289 1839//289
f  1840//289 1841//289 1842//289
f  1843//289 1844//289 1845//289
f  1846//289 1847//289 1848//289
f  1849//289 1850//289 1851//289
f  1852//289 1853//289 1854//289
f  1855//289 1856//289 1857//289
f  1858//289 1859//289 1860//289
f  1861//289 1862//289 1863//289
f  1864//289 1865//289 1866//289
f  1867//289 1868//289 1869//289
f  1870//289 1871//289 1872//289
f  1873//289 1874//289 1875//289
f  1876//289 1877//289 1878//289
f  1879//289 1880//289 1881//289
f  1882//289 1883//289 1884//289
f  1885//289 1886//289 1887//289
f  1888//289 1889//289 1890//289
f  1891//289 1892//289 1893//289
f  1894//289 1895//289 1896//289
f  1897//289 1898//289 1899//289
f  1900//289 1901//289 1902//289
f  1903//289 1904//289 1905//289
f  1906//289 1907//289 1908//289
f  1909//289 1910//289 1911//289
f  1912//289 1913//289 1914//289
f  1915//289 1916//289 1917//289
f  1918//289 1919//289 1920//289
f  1921//289 1922//289 1923//289
f  1924//289 1925//289 1926//289
f  1927//289 1928//289 1929//289
f  1930//289 1931//289 1932//289
f  1933//289 1934//289 1935//289
f  1936//289 1937//289 1938//289
f  1939//289 1940//289 1941//289
f  1942//289 1943//289 1944//289
f  1945//289 1946//289 1947//289
f  1948//289 1949//289 1950//289
f  1951//289 1952//289 1953//289
f  1954//289 1955//289 1956//289
f  1957//289 1958//289 1959//289
f  1960//289 1961//289 1962//289
f  1963//289 1964//289 1965//289
f  1966//289 1967//289 1968//289
f  1969//289 1970//289 1971//289
f  1972//289 1973//289 1974//289
f  1975//289 1976//289 1977//289
f  1978//289 1979//289 1980//289
f  1981//289 1982//289 1983//289
f  1984//289 1985//289 1986//289
f  1987//289 1988//289 1989//289
f  1990//289 1991//289 1992//289
f  1993//289 1994//289 1995//289
f  1996//289 1997//289 1998//289
f  1999//289 2000//289 2001//289
f  2002//289 2003//289 2004//289
f  2005//289 2006//289 2007//289
f  2008//289 2009//289 2010//289
f  2011//289 2012//289 2013//289
f  2014//289 2015//289 2016//289
f  2017//289 2018//289 2019//289
f  2020//289 2021//289 2022//289
f  2023//289 2024//289 2025//289
f  2026//289 2027//289 2028//289
f  2029//289 2030//289 2031//289
f  2032//289 2033//289 2034//289
f  2035//289 2036//289 2037//289
f  2038//289 2039//289 2040//289
f  2041//289 2042//289 2043//289
f  2044//289 2045//289 2046//289
f  2047//289 2048//289 2049//289
f  2050//289 2051//289 2052//289
f  2053//289 2054//289 2055//289
f  2056//289 2057//289 2058//289
f  2059//289 2060//289 2061//289
f  2062//289 2063//289 2064//289
f  2065//289 2066//289 2067//289
f  2068//289 2069//289 2070//289
f  2071//289 2072//289 2073//289
f  2074//289 2075//289 2076//289
f  2077//289 2078//289 2079//289
f  2080//289 2081//289 2082//289
f  2083//289 2084//289 2085//289
f  2086//289 2087//289 2088//289
f  2089//289 2090//289 2091//289
f  2092//289 2093//289 2094//289
f  2095//289 2096//289 2097//289
f  2098//289 2099//289 2100//289
f  2101//289 2102//289 2103//289
f  2104//289 2105//289 2106//289
f  2107//289 2108//289 2109//289
f  2110//289 2111//289 2112//289
f  2113//289 2114//289 2115//289
f  2116//289 2117//289 2118//289
f  2119//289 2120//289 2121//289
f  2122//289 2123//289 2124//289
f  2125//289 2126//289 2127//289
f  2128//289 2129//289 2130//289
f  2131//289 2132//289 2133//289
f  2134//289 2135//289 2136//289
f  2137//289 2138//289 2139//289
f  2140//289 2141//289 2142//289
f  2143//289 2144//289 2145//289
f  2146//289 2147//289 2148//289
f  2149//289 2150//289 2151//289
f  2152//289 2153//289 2154//289
f  2155//289 2156//289 2157//289
f  2158//289 2159//289 2160//289
f  2161//290 2162//290 2163//291
f  2164//291 2165//291 2166//292
f  2167//292 2168//292 2169//293
f  2170//293 2171//293 2172//294
f  2173//294 2174//294 2175//295
f  2176//295 2177//295 2178//296
f  2179//296 2180//296 2181//297
f  2182//297 2183//297 2184//298
f  2185//298 2186//298 2187//299
f  2188//299 2189//299 2190//300
f  2191//300 2192//300 2193//301
f  2194//301 2195//301 2196//302
f  2197//302 2198//302 2199//303
f  2200//303 2201//303 2202//304
f  2203//304 2204//304 2205//305
f  2206//305 2207//305 2208//306
f  2209//306 2210//306 2211//307
f  2212//307 2213//307 2214//308
f  2215//308 2216//308 2217//309
f  2218//309 2219//309 2220//310
f  2221//310 2222//310 2223//311
f  2224//311 2225//311 2226//312
f  2227//312 2228//312 2229//313
f  2230//313 2231//313 2232//314
f  2233//314 2234//314 2235//315
f  2236//315 2237//315 2238//316
f  2239//316 2240//316 2241//317
f  2242//317 2243//317 2244//318
f  2245//318 2246//318 2247//319
f  2248//319 2249//319 2250//320
f  2251//320 2252//320 2253//321
f  2254//321 2255//321 2256//322
f  2257//322 2258//322 2259//323
f  2260//323 2261//323 2262//324
f  2263//324 2264//324 2265//325
f  2266//325 2267//325 2268//326
f  2269//326 2270//326 2271//327
f  2272//327 2273//327 2274//328
f  2275//328 2276//328 2277//329
f  2278//329 2279//329 2280//330
f  2281//330 2282//330 2283//331
f  2284//331 2285//331 2286//332
f  2287//332 2288//332 2289//333
f  2290//333 2291//333 2292//334
f  2293//334 2294//334 2295//335
f  2296//335 2297//335 2298//336
f  2299//336 2300//336 2301//337
f  2302//337 2303//337 2304//338
f  2305//338 2306//338 2307//339
f  2308//339 2309//339 2310//340
f  2311//340 2312//340 2313//341
f  2314//341 2315//341 2316//342
f  2317//342 2318//342 2319//343
f  2320//343 2321//343 2322//344
f  2323//344 2324//344 2325//345
f  2326//345 2327//345 2328//346
f  2329//346 2330//346 2331//347
f  2332//347 2333//347 2334//348
f  2335//348 2336//348 2337//349
f  2338//349 2339//349 2340//350
f  2341//350 2342//350 2343//351
f  2344//351 2345//351 2346//352
f  2347//352 2348//352 2349//353
f  2350//353 2351//353 2352//354
f  2353//354 2354//354 2355//355
f  2356//355 2357//355 2358//356
f  2359//356 2360//356 2361//357
f  2362//357 2363//357 2364//358
f  2365//358 2366//358 2367//359
f  2368//359 2369//359 2370//360
f  2371//360 2372//360 2373//361
f  2374//361 2375//361 2376//362
f  2377//362 2378//362 2379//363
f  2380//363 2381//363 2382//364
f  2383//364 2384//364 2385//365
f  2386//365 2387//365 2388//366
f  2389//366 2390//366 2391//367
f  2392//367 2393//367 2394//368
f  2395//368 2396//368 2397//369
f  2398//369 2399//369 2400//370
f  2401//370 2402//370 2403//371
f  2404//371 2405//371 2406//372
f  2407//372 2408//372 2409//373
f  2410//373 2411//373 2412//374
f  2413//374 2414//374 2415//375
f  2416//375 2417//375 2418//376
f  2419//376 2420//376 2421//377
f  2422//377 2423//377 2424//378
f  2425//378 2426//378 2427//379
f  2428//379 2429//379 2430//380
f  2431//380 2432//380 2433//381
f  2434//381 2435//381 2436//382
f  2437//382 2438//382 2439//383
f  2440//383 2441//383 2442//384
f  2443//384 2444//384 2445//385
f  2446//385 2447//385 2448//386
f  2449//386 2450//386 2451//387
f  2452//387 2453//387 2454//388
f  2455//388 2456//388 2457//389
f  2458//389 2459//389 2460//390
f  2461//390 2462//390 2463//391
f  2464//391 2465//391 2466//392
f  2467//392 2468//392 2469//393
f  2470//393 2471//393 2472//394
f  2473//394 2474//394 2475//395
f  2476//395 2477//395 2478//396
f  2479//396 2480//396 2481//397
f  2482//397 2483//397 2484//398
f  2485//398 2486//398 2487//399
f  2488//399 2489//399 2490//400
f  2491//400 2492//400 2493//401
f  2494//401 2495//401 2496//402
f  2497//402 2498//402 2499//403
f  2500//403 2501//403 2502//404
f  2503//404 2504//404 2505//405
f  2506//405 2507//405 2508//406
f  2509//406 2510//406 2511//407
f  2512//407 2513//407 2514//408
f  2515//408 2516//408 2517//409
f  2518//409 2519//409 2520//410
f  2521//410 2522//410 2523//411
f  2524//411 2525//411 2526//412
f  2527//412 2528//412 2529//413
f  2530//413 2531//413 2532//414
f  2533//414 2534//414 2535//415
f  2536//415 2537//415 2538//416
f  2539//416 2540//416 2541//417
f  2542//417 2543//417 2544//418
f  2545//418 2546//418 2547//419
f  2548//419 2549//419 2550//420
f  2551//420 2552//420 2553//421
f  2554//421 2555//421 2556//422
f  2557//422 2558//422 2559//423
f  2560//423 2561//423 2562//424
f  2563//424 2564//424 2565//425
f  2566//425 2567//425 2568//426
f  2569//426 2570//426 2571//427
f  2572//427 2573//427 2574//428
f  2575//428 2576//428 2577//429
f  2578//429 2579//429 2580//430
f  2581//430 2582//430 2583//431
f  2584//431 2585//431 2586//432
f  2587//432 2588//432 2589//433
f  2590//433 2591//433 2592//290
f  2593//290 2594//290 2595//433
f  2596//433 2597//433 2598//432
f  2599//432 2600//432 2601//431
f  2602//431 2603//431 2604//430
f  2605//430 2606//430 2607//429
f  2608//429 2609//429 2610//428
f  2611//428 2612//428 2613//427
f  2614//427 2615//427 2616//426
f  2617//426 2618//426 2619//425
f  2620//425 2621//425 2622//424
f  2623//424 2624//424 2625//423
f  2626//423 2627//423 2628//422
f  2629//422 2630//422 2631//421
f  2632//421 2633//421 2634//420
f  2635//420 2636//420 2637//419
f  2638//419 2639//419 2640//418
f  2641//418 2642//418 2643//417
f  2644//417 2645//417 2646//416
f  2647//416 2648//416 2649//415
f  2650//415 2651//415 2652//414
f  2653//414 2654//414 2655//413
f  2656//413 2657//413 2658//412
f  2659//412 2660//412 2661//411
f  2662//411 2663//411 2664//410
f  2665//410 2666//410 2667//409
f  2668//409 2669//409 2670//408
f  2671//408 2672//408 2673//407
f  2674//407 2675//407 2676//406
f  2677//406 2678//406 2679//405
f  2680//405 2681//405 2682//404
f  2683//404 2684//404 2685//403
f  2686//403 2687//403 2688//402
f  2689//402 2690//402 2691//401
f  2692//401 2693//401 2694//400
f  2695//400 2696//400 2697//399
f  2698//399 2699//399 2700//398
f  2701//398 2702//398 2703//397
f  2704//397 2705//397 2706//396
f  2707//396 2708//396 2709//395
f  2710//395 2711//395 2712//394
f  2713//394 2714//394 2715//393
f  2716//393 2717//393 2718//392
f  2719//392 2720//392 2721//391
f  2722//391 2723//391 2724//390
f  2725//390 2726//390 2727//389
f  2728//389 2729//389 2730//388
f  2731//388 2732//388 2733//387
f  2734//387 2735//387 2736//386
f  2737//386 2738//386 2739//385
f  2740//385 2741//385 2742//384
f  2743//384 2744//384 2745//383
f  2746//383 2747//383 2748//382
f  2749//382 2750//382 2751//381
f  2752//381 2753//381 2754//380
f  2755//380 2756//380 2757//379
f  2758//379 2759//379 2760//378
f  2761//378 2762//378 2763//377
f  2764//377 2765//377 2766//376
f  2767//376 2768//376 2769//375
f  2770//375 2771//375 2772//374
f  2773//374 2774//374 2775//373
f  2776//373 2777//373 2778//372
f  2779//372 2780//372 2781//371
f  2782//371 2783//371 2784//370
f  2785//370 2786//370 2787//369
f  2788//369 2789//369 2790//368
f  2791//368 2792//368 2793//367
f  2794//367 2795//367 2796//366
f  2797//366 2798//366 2799//365
f  2800//365 2801//365 2802//364
f  2803//364 2804//364 2805//363
f  2806//363 2807//363 2808//362
f  2809//362 2810//362 2811//361
f  2812//361 2813//361 2814//360
f  2815//360 2816//360 2817//359
f  2818//359 2819//359 2820//358
f  2821//358 2822//358 2823//357
f  2824//357 2825//357 2826//356
f  2827//356 2828//356 2829//355
f  2830//355 2831//355 2832//354
f  2833//354 2834//354 2835//353
f  2836//353 2837//353 2838//352
f  2839//352 2840//352 2841//351
f  2842//351 2843//351 2844//350
f  2845//350 2846//350 2847//349
f  2848//349 2849//349 2850//348
f  2851//348 2852//348 2853//347
f  2854//347 2855//347 2856//346
f  2857//346 2858//346 2859//345
f  2860//345 2861//345 2862//344
f  2863//344 2864//344 2865//343
f  2866//343 2867//343 2868//342
f  2869//342 2870//342 2871//341
f  2872//341 2873//341 2874//340
f  2875//340 2876//340 2877//339
f  2878//339 2879//339 2880//338
f  2881//338 2882//338 2883//337
f  2884//337 2885//337 2886//336
f  2887//336 2888//336 2889//335
f  2890//335 2891//335 2892//334
f  2893//334 2894//334 2895//333
f  2896//333 2897//333 2898//332
f  2899//332 2900//332 2901//331
f  2902//331 2903//331 2904//330
f  2905//330 2906//330 2907//329
f  2908//329 2909//329 2910//328
f  2911//328 2912//328 2913//327
f  2914//327 2915//327 2916//326
f  2917//326 2918//326 2919//325
f  2920//325 2921//325 2922//324
f  2923//324 2924//324 2925//323
f  2926//323 2927//323 2928//322
f  2929//322 2930//322 2931//321
f  2932//321 2933//321 2934//320
f  2935//320 2936//320 2937//319
f  2938//319 2939//319 2940//318
f  2941//318 2942//318 2943//317
f  2944//317 2945//317 2946//316
f  2947//316 2948//316 2949//315
f  2950//315 2951//315 2952//314
f  2953//314 2954//314 2955//313
f  2956//313 2957//313 2958//312
f  2959//312 2960//312 2961//311
f  2962//311 2963//311 2964//310
f  2965//310 2966//310 2967//309
f  2968//309 2969//309 2970//308
f  2971//308 2972//308 2973//307
f  2974//307 2975//307 2976//306
f  2977//306 2978//306 2979//305
f  2980//305 2981//305 2982//304
f  2983//304 2984//304 2985//303
f  2986//303 2987//303 2988//302
f  2989//302 2990//302 2991//301
f  2992//301 2993//301 2994//300
f  2995//300 2996//300 2997//299
f  2998//299 2999//299 3000//298
f  3001//298 3002//298 3003//297
f  3004//297 3005//297 3006//296
f  3007//296 3008//296 3009//295
f  3010//295 3011//295 3012//294
f  3013//294 3014//294 3015//293
f  3016//293 3017//293 3018//292
f  3019//292 3020//292 3021//291
f  3022//291 3023//291 3024//290
f  3025//434 3026//434 3027//434
f  3028//434 3029//434 3030//434
f  3031//434 3032//434 3033//434
f  3034//434 3035//434 3036//434
f  3037//434 3038//434 3039//434
f  3040//434 3041//434 3042//434
f  3043//434 3044//434 3045//434
f  3046//434 3047//434 3048//434
f  3049//434 3050//434 3051//434
f  3052//434 3053//434 3054//434
f  3055//434 3056//434 3057//434
f  3058//434 3059//434 3060//434
f  3061//434 3062//434 3063//434
f  3064//434 3065//434 3066//434
f  3067//434 3068//434 3069//434
f  3070//434 3071//434 3072//434
f  3073//434 3074//434 3075//434
f  3076//434 3077//434 3078//434
f  3079//434 3080//434 3081//434
f  3082//434 3083//434 3084//434
f  3085//434 3086//434 3087//434
f  3088//434 3089//434 3090//434
f  3091//434 3092//434 3093//434
f  3094//434 3095//434 3096//434
f  3097//434 3098//434 3099//434
f  3100//434 3101//434 3102//434
f  3103//434 3104//434 3105//434
f  3106//434 3107//434 3108//434
f  3109//434 3110//434 3111//434
f  3112//434 3113//434 3114//434
f  3115//434 3116//434 3117//434
f  3118//434 3119//434 3120//434
f  3121//434 3122//434 3123//434
f  3124//434 3125//434 3126//434
f  3127//434 3128//434 3129//434
f  3130//434 3131//434 3132//434
f  3133//434 3134//434 3135//434
f  3136//434 3137//434 3138//434
f  3139//434 3140//434 3141//434
f  3142//434 3143//434 3144//434
f  3145//434 3146//434 3147//434
f  3148//434 3149//434 3150//434
f  3151//434 3152//434 3153//434
f  3154//434 3155//434 3156//434
f  3157//434 3158//434 3159//434
f  3160//434 3161//434 3162//434
f  3163//434 3164//434 3165//434
f  3166//434 3167//434 3168//434
f  3169//434 3170//434 3171//434
f  3172//434 3173//434 3174//434
f  3175//434 3176//434 3177//434
f  3178//434 3179//434 3180//434
f  3181//434 3182//434 3183//434
f  3184//434 3185//434 3186//434
f  3187//434 3188//434 3189//434
f  3190//434 3191//434 3192//434
f  3193//434 3194//434 3195//434
f  3196//434 3197//434 3198//434
f  3199//434 3200//434 3201//434
f  3202//434 3203//434 3204//434
f  3205//434 3206//434 3207//434
f  3208//434 3209//434 3210//434
f  3211//434 3212//434 3213//434
f  3214//434 3215//434 3216//434
f  3217//434 3218//434 3219//434
f  3220//434 3221//434 3222//434
f  3223//434 3224//434 3225//434
f  3226//434 3227//434 3228//434
f  3229//434 3230//434 3231//434
f  3232//434 3233//434 3234//434
f  3235//434 3236//434 3237//434
f  3238//434 3239//434 3240//434
f  3241//434 3242//434 3243//434
f  3244//434 3245//434 3246//434
f  3247//434 3248//434 3249//434
f  3250//434 3251//434 3252//434
f  3253//434 3254//434 3255//434
f  3256//434 3257//434 3258//434
f  3259//434 3260//434 3261//434
f  3262//434 3263//434 3264//434
f  3265//434 3266//434 3267//434
f  3268//434 3269//434 3270//434
f  3271//434 3272//434 3273//434
f  3274//434 3275//434 3276//434
f  3277//434 3278//434 3279//434
f  3280//434 3281//434 3282//434
f  3283//434 3284//434 3285//434
f  3286//434 3287//434 3288//434
f  3289//434 3290//434 3291//434
f  3292//434 3293//434 3294//434
f  3295//434 3296//434 3297//434
f  3298//434 3299//434 3300//434
f  3301//434 3302//434 3303//434
f  3304//434 3305//434 3306//434
f  3307//434 3308//434 3309//434
f  3310//434 3311//434 3312//434
f  3313//434 3314//434 3315//434
f  3316//434 3317//434 3318//434
f  3319//434 3320//434 3321//434
f  3322//434 3323//434 3324//434
f  3325//434 3326//434 3327//434
f  3328//434 3329//434 3330//434
f  3331//434 3332//434 3333//434
f  3334//434 3335//434 3336//434
f  3337//434 3338//434 3339//434
f  3340//434 3341//434 3342//434
f  3343//434 3344//434 3345//434
f  3346//434 3347//434 3348//434
f  3349//434 3350//434 3351//434
f  3352//434 3353//434 3354//434
f  3355//434 3356//434 3357//434
f  3358//434 3359//434 3360//434
f  3361//434 3362//434 3363//434
f  3364//434 3365//434 3366//434
f  3367//434 3368//434 3369//434
f  3370//434 3371//434 3372//434
f  3373//434 3374//434 3375//434
f  3376//434 3377//434 3378//434
f  3379//434 3380//434 3381//434
f  3382//434 3383//434 3384//434
f  3385//434 3386//434 3387//434
f  3388//434 3389//434 3390//434
f  3391//434 3392//434 3393//434
f  3394//434 3395//434 3396//434
f  3397//434 3398//434 3399//434
f  3400//434 3401//434 3402//434
f  3403//434 3404//434 3405//434
f  3406//434 3407//434 3408//434
f  3409//434 3410//434 3411//434
f  3412//434 3413//434 3414//434
f  3415//434 3416//434 3417//434
f  3418//434 3419//434 3420//434
f  3421//434 3422//434 3423//434
f  3424//434 3425//434 3426//434
f  3427//434 3428//434 3429//434
f  3430//434 3431//434 3432//434
f  3433//434 3434//434 3435//434
f  3436//434 3437//434 3438//434
f  3439//434 3440//434 3441//434
f  3442//434 3443//434 3444//434
f  3445//434 3446//434 3447//434
f  3448//434 3449//434 3450//434
f  3451//434 3452//434 3453//434
f  3454//434 3455//434 3456//434

