# File produced by Open Asset Import Library (http://www.assimp.sf.net)
# (assimp v5.4.4108939008)

mtllib horse.mtl

# 9312 vertex positions
v -0.0311139654 0.0111822924 0.0364769138
v -0.0305079035 0.0114861801 0.0373762734
v -0.0307690632 0.0113757076 0.0362862721
v -0.0307690632 0.0113757076 0.0362862721
v -0.0305079035 0.0114861801 0.0373762734
v -0.0303807836 0.0115789631 0.0362610407
v -0.0303807836 0.0115789631 0.0362610407
v -0.0305079035 0.0114861801 0.0373762734
v -0.0300082397 0.0117611187 0.0364050604
v -0.0300082397 0.0117611187 0.0364050604
v -0.0305079035 0.0114861801 0.0373762734
v -0.0297081489 0.0118944403 0.0366964042
v -0.0297081489 0.0118944403 0.0366964042
v -0.0305079035 0.0114861801 0.0373762734
v -0.0295261964 0.0119586326 0.0370907187
v -0.0295261964 0.0119586326 0.0370907187
v -0.0305079035 0.0114861801 0.0373762734
v -0.0294900797 0.0119439205 0.0375279672
v -0.0294900797 0.0119439205 0.0375279672
v -0.0305079035 0.0114861801 0.0373762734
v -0.0296053011 0.0118525457 0.0379415937
v -0.0296053011 0.0118525457 0.0379415937
v -0.0305079035 0.0114861801 0.0373762734
v -0.02985432 0.0116984183 0.038268622
v -0.02985432 0.0116984183 0.038268622
v -0.0305079035 0.0114861801 0.0373762734
v -0.0301992223 0.011505004 0.03845926
v -0.0301992223 0.011505004 0.03845926
v -0.0305079035 0.0114861801 0.0373762734
v -0.0305875 0.0113017466 0.0384844914
v -0.0305875 0.0113017466 0.0384844914
v -0.0305079035 0.0114861801 0.0373762734
v -0.030960042 0.011119592 0.0383404717
v -0.030960042 0.011119592 0.0383404717
v -0.0305079035 0.0114861801 0.0373762734
v -0.0312601365 0.0109862704 0.0380491279
v -0.0312601365 0.0109862704 0.0380491279
v -0.0305079035 0.0114861801 0.0373762734
v -0.0314420871 0.010922079 0.0376548208
v -0.0314420871 0.010922079 0.0376548208
v -0.0305079035 0.0114861801 0.0373762734
v -0.0314782038 0.0109367892 0.0372175649
v -0.0314782038 0.0109367892 0.0372175649
v -0.0305079035 0.0114861801 0.0373762734
v -0.0313629806 0.011028165 0.0368039384
v -0.0313629806 0.011028165 0.0368039384
v -0.0305079035 0.0114861801 0.0373762734
v -0.0311139654 0.0111822924 0.0364769138
v -0.0311139654 -0.0111823222 0.0364769064
v -0.0307690632 -0.0113757374 0.0362862647
v -0.0305079035 -0.0114862099 0.037376266
v -0.0307690632 -0.0113757374 0.0362862647
v -0.0303807836 -0.0115789929 0.0362610333
v -0.0305079035 -0.0114862099 0.037376266
v -0.0303807836 -0.0115789929 0.0362610333
v -0.0300082397 -0.0117611485 0.036405053
v -0.0305079035 -0.0114862099 0.037376266
v -0.0300082397 -0.0117611485 0.036405053
v -0.0297081489 -0.0118944701 0.0366963968
v -0.0305079035 -0.0114862099 0.037376266
v -0.0297081489 -0.0118944701 0.0366963968
v -0.0295261964 -0.0119586624 0.0370907113
v -0.0305079035 -0.0114862099 0.037376266
v -0.0295261964 -0.0119586624 0.0370907113
v -0.0294900797 -0.0119439503 0.0375279598
v -0.0305079035 -0.0114862099 0.037376266
v -0.0294900797 -0.0119439503 0.0375279598
v -0.0296053011 -0.0118525755 0.0379415862
v -0.0305079035 -0.0114862099 0.037376266
v -0.0296053011 -0.0118525755 0.0379415862
v -0.02985432 -0.0116984481 0.0382686146
v -0.0305079035 -0.0114862099 0.037376266
v -0.02985432 -0.0116984481 0.0382686146
v -0.0301992223 -0.0115050338 0.0384592526
v -0.0305079035 -0.0114862099 0.037376266
v -0.0301992223 -0.0115050338 0.0384592526
v -0.0305875 -0.0113017783 0.038484484
v -0.0305079035 -0.0114862099 0.037376266
v -0.0305875 -0.0113017783 0.038484484
v -0.030960042 -0.0111196218 0.0383404642
v -0.0305079035 -0.0114862099 0.037376266
v -0.030960042 -0.0111196218 0.0383404642
v -0.0312601365 -0.0109863002 0.0380491205
v -0.0305079035 -0.0114862099 0.037376266
v -0.0312601365 -0.0109863002 0.0380491205
v -0.0314420871 -0.0109221088 0.0376548134
v -0.0305079035 -0.0114862099 0.037376266
v -0.0314420871 -0.0109221088 0.0376548134
v -0.0314782038 -0.010936819 0.0372175574
v -0.0305079035 -0.0114862099 0.037376266
v -0.0314782038 -0.010936819 0.0372175574
v -0.0313629806 -0.0110281948 0.036803931
v -0.0305079035 -0.0114862099 0.037376266
v -0.0313629806 -0.0110281948 0.036803931
v -0.0311139654 -0.0111823222 0.0364769064
v -0.0305079035 -0.0114862099 0.037376266
v -0.0385802872 -0.00184430182 0.0266741123
v -0.0385774337 -0.00165993057 0.023370754
v -0.0376270302 -0.00504344376 0.0229147524
v -0.0385802872 -0.00184430182 0.0266741123
v -0.0376270302 -0.00504344376 0.0229147524
v -0.0376476422 -0.00544900028 0.0261007361
v -0.0385802872 0.0018442804 0.0266741123
v -0.0376476422 0.00544897979 0.0261007398
v -0.0376270302 0.00504342513 0.0229147561
v -0.0385802872 0.0018442804 0.0266741123
v -0.0376270302 0.00504342513 0.0229147561
v -0.0385774337 0.00165991194 0.023370754
v -0.0376476422 0.00544897979 0.0261007398
v -0.0353244767 0.00867930055 0.0248097777
v -0.0357614122 0.00784112792 0.0222393293
v -0.0376476422 0.00544897979 0.0261007398
v -0.0357614122 0.00784112792 0.0222393293
v -0.0376270302 0.00504342513 0.0229147561
v -0.0376476422 -0.00544900028 0.0261007361
v -0.0376270302 -0.00504344376 0.0229147524
v -0.0357614122 -0.00784114655 0.0222393218
v -0.0376476422 -0.00544900028 0.0261007361
v -0.0357614122 -0.00784114655 0.0222393218
v -0.0353244767 -0.00867932104 0.0248097703
v -0.0318347253 0.0102777146 0.0232721325
v -0.0328557156 0.00924610347 0.0209061112
v -0.0357614122 0.00784112792 0.0222393293
v -0.0318347253 0.0102777146 0.0232721325
v -0.0357614122 0.00784112792 0.0222393293
v -0.0353244767 0.00867930055 0.0248097777
v -0.0318347253 -0.0102777332 0.0232721251
v -0.0353244767 -0.00867932104 0.0248097703
v -0.0357614122 -0.00784114655 0.0222393218
v -0.0318347253 -0.0102777332 0.0232721251
v -0.0357614122 -0.00784114655 0.0222393218
v -0.0328557156 -0.00924612023 0.0209061038
v -0.0284612104 0.010167201 0.02161281
v -0.0299844444 0.00912341569 0.0193992816
v -0.0328557156 0.00924610347 0.0209061112
v -0.0284612104 0.010167201 0.02161281
v -0.0328557156 0.00924610347 0.0209061112
v -0.0318347253 0.0102777146 0.0232721325
v -0.0284612104 -0.0101672178 0.0216128025
v -0.0318347253 -0.0102777332 0.0232721251
v -0.0328557156 -0.00924612023 0.0209061038
v -0.0284612104 -0.0101672178 0.0216128025
v -0.0328557156 -0.00924612023 0.0209061038
v -0.0299844444 -0.00912343059 0.0193992741
v -0.0250856001 0.00828210916 0.0197444428
v -0.0269108396 0.00748986984 0.0176108852
v -0.0299844444 0.00912341569 0.0193992816
v -0.0250856001 0.00828210916 0.0197444428
v -0.0299844444 0.00912341569 0.0193992816
v -0.0284612104 0.010167201 0.02161281
v -0.0250856001 -0.00828212406 0.0197444353
v -0.0284612104 -0.0101672178 0.0216128025
v -0.0299844444 -0.00912343059 0.0193992741
v -0.0250856001 -0.00828212406 0.0197444353
v -0.0299844444 -0.00912343059 0.0193992741
v -0.0269108396 -0.00748988381 0.0176108778
v -0.0230786987 0.005235733 0.0186174382
v -0.0253183264 0.00477084331 0.0161082707
v -0.0269108396 0.00748986984 0.0176108852
v -0.0230786987 0.005235733 0.0186174382
v -0.0269108396 0.00748986984 0.0176108852
v -0.0250856001 0.00828210916 0.0197444428
v -0.0230786987 -0.0052357479 0.0186174344
v -0.0250856001 -0.00828212406 0.0197444353
v -0.0269108396 -0.00748988381 0.0176108778
v -0.0230786987 -0.0052357479 0.0186174344
v -0.0269108396 -0.00748988381 0.0176108778
v -0.0253183264 -0.00477085635 0.016108267
v -0.0221891534 0.00187400915 0.0180916935
v -0.0243719891 0.00147423299 0.0154721383
v -0.0253183264 0.00477084331 0.0161082707
v -0.0221891534 0.00187400915 0.0180916935
v -0.0253183264 0.00477084331 0.0161082707
v -0.0230786987 0.005235733 0.0186174382
v -0.0221891534 -0.00187402358 0.0180916935
v -0.0230786987 -0.0052357479 0.0186174344
v -0.0253183264 -0.00477085635 0.016108267
v -0.0221891534 -0.00187402358 0.0180916935
v -0.0253183264 -0.00477085635 0.016108267
v -0.0243719891 -0.00147424533 0.0154721364
v -0.0385802872 -0.00184430182 0.0266741123
v -0.0385802872 0.0018442804 0.0266741123
v -0.0385774337 0.00165991194 0.023370754
v -0.0385802872 -0.00184430182 0.0266741123
v -0.0385774337 0.00165991194 0.023370754
v -0.0385774337 -0.00165993057 0.023370754
v -0.0221891534 0.00187400915 0.0180916935
v -0.0221891534 -0.00187402358 0.0180916935
v -0.0243719891 -0.00147424533 0.0154721364
v -0.0221891534 0.00187400915 0.0180916935
v -0.0243719891 -0.00147424533 0.0154721364
v -0.0243719891 0.00147423299 0.0154721383
v -0.0385774337 0.00165991194 0.023370754
v -0.0376270302 0.00504342513 0.0229147561
v -0.0368830822 0.00455357367 0.0197531879
v -0.0385774337 0.00165991194 0.023370754
v -0.0368830822 0.00455357367 0.0197531879
v -0.037606582 0.00138194882 0.0196002945
v -0.0385774337 -0.00165993057 0.023370754
v -0.037606582 -0.00138196442 0.0196002945
v -0.0368830822 -0.0045535895 0.0197531842
v -0.0385774337 -0.00165993057 0.023370754
v -0.0368830822 -0.0045535895 0.0197531842
v -0.0376270302 -0.00504344376 0.0229147524
v -0.0376270302 0.00504342513 0.0229147561
v -0.0357614122 0.00784112792 0.0222393293
v -0.0357886814 0.00692006014 0.0202071816
v -0.0376270302 0.00504342513 0.0229147561
v -0.0357886814 0.00692006014 0.0202071816
v -0.0368830822 0.00455357367 0.0197531879
v -0.0376270302 -0.00504344376 0.0229147524
v -0.0368830822 -0.0045535895 0.0197531842
v -0.0357886814 -0.00692007598 0.0202071778
v -0.0376270302 -0.00504344376 0.0229147524
v -0.0357886814 -0.00692007598 0.0202071778
v -0.0357614122 -0.00784114655 0.0222393218
v -0.0328557156 0.00924610347 0.0209061112
v -0.033688169 0.0075498689 0.0185177661
v -0.0357886814 0.00692006014 0.0202071816
v -0.0328557156 0.00924610347 0.0209061112
v -0.0357886814 0.00692006014 0.0202071816
v -0.0357614122 0.00784112792 0.0222393293
v -0.0328557156 -0.00924612023 0.0209061038
v -0.0357614122 -0.00784114655 0.0222393218
v -0.0357886814 -0.00692007598 0.0202071778
v -0.0328557156 -0.00924612023 0.0209061038
v -0.0357886814 -0.00692007598 0.0202071778
v -0.033688169 -0.0075498838 0.0185177587
v -0.0299844444 0.00912341569 0.0193992816
v -0.0311865453 0.00712997559 0.0167996138
v -0.033688169 0.0075498689 0.0185177661
v -0.0299844444 0.00912341569 0.0193992816
v -0.033688169 0.0075498689 0.0185177661
v -0.0328557156 0.00924610347 0.0209061112
v -0.0299844444 -0.00912343059 0.0193992741
v -0.0328557156 -0.00924612023 0.0209061038
v -0.033688169 -0.0075498838 0.0185177587
v -0.0299844444 -0.00912343059 0.0193992741
v -0.033688169 -0.0075498838 0.0185177587
v -0.0311865453 -0.00712998863 0.0167996064
v -0.0299844444 0.00912341569 0.0193992816
v -0.0269108396 0.00748986984 0.0176108852
v -0.0288539268 0.00615623547 0.015723832
v -0.0299844444 0.00912341569 0.0193992816
v -0.0288539268 0.00615623547 0.015723832
v -0.0311865453 0.00712997559 0.0167996138
v -0.0299844444 -0.00912343059 0.0193992741
v -0.0311865453 -0.00712998863 0.0167996064
v -0.0288539268 -0.00615624757 0.0157238282
v -0.0299844444 -0.00912343059 0.0193992741
v -0.0288539268 -0.00615624757 0.0157238282
v -0.0269108396 -0.00748988381 0.0176108778
v -0.0253183264 0.00477084331 0.0161082707
v -0.0278388932 0.00405343622 0.0145322764
v -0.0288539268 0.00615623547 0.015723832
v -0.0253183264 0.00477084331 0.0161082707
v -0.0288539268 0.00615623547 0.015723832
v -0.0269108396 0.00748986984 0.0176108852
v -0.0253183264 -0.00477085635 0.016108267
v -0.0269108396 -0.00748988381 0.0176108778
v -0.0288539268 -0.00615624757 0.0157238282
v -0.0253183264 -0.00477085635 0.016108267
v -0.0288539268 -0.00615624757 0.0157238282
v -0.0278388932 -0.0040534474 0.0145322727
v -0.0243719891 0.00147423299 0.0154721383
v -0.0274269152 0.00128952938 0.0137559371
v -0.0278388932 0.00405343622 0.0145322764
v -0.0243719891 0.00147423299 0.0154721383
v -0.0278388932 0.00405343622 0.0145322764
v -0.0253183264 0.00477084331 0.0161082707
v -0.0243719891 -0.00147424533 0.0154721364
v -0.0253183264 -0.00477085635 0.016108267
v -0.0278388932 -0.0040534474 0.0145322727
v -0.0243719891 -0.00147424533 0.0154721364
v -0.0278388932 -0.0040534474 0.0145322727
v -0.0274269152 -0.00128954032 0.0137559352
v -0.0320425779 0.00124092086 0.0139248045
v -0.031837754 0.00424755411 0.0148963416
v -0.0278388932 0.00405343622 0.0145322764
v -0.0320425779 0.00124092086 0.0139248045
v -0.0278388932 0.00405343622 0.0145322764
v -0.0274269152 0.00128952938 0.0137559371
v -0.0320425779 -0.00124093203 0.0139248027
v -0.0274269152 -0.00128954032 0.0137559352
v -0.0278388932 -0.0040534474 0.0145322727
v -0.0320425779 -0.00124093203 0.0139248027
v -0.0278388932 -0.0040534474 0.0145322727
v -0.031837754 -0.00424756622 0.0148963379
v -0.0346307829 -0.00430858834 0.0166399982
v -0.033688169 -0.0075498838 0.0185177587
v -0.0357886814 -0.00692007598 0.0202071778
v -0.0346307829 -0.00430858834 0.0166399982
v -0.0357886814 -0.00692007598 0.0202071778
v -0.0368830822 -0.0045535895 0.0197531842
v -0.0346307829 0.0043085753 0.0166400019
v -0.0368830822 0.00455357367 0.0197531879
v -0.0357886814 0.00692006014 0.0202071816
v -0.0346307829 0.0043085753 0.0166400019
v -0.0357886814 0.00692006014 0.0202071816
v -0.033688169 0.0075498689 0.0185177661
v -0.0350895151 0.00122543983 0.0159261953
v -0.0346307829 0.0043085753 0.0166400019
v -0.031837754 0.00424755411 0.0148963416
v -0.0350895151 0.00122543983 0.0159261953
v -0.031837754 0.00424755411 0.0148963416
v -0.0320425779 0.00124092086 0.0139248045
v -0.0350895151 -0.00122545264 0.0159261953
v -0.0320425779 -0.00124093203 0.0139248027
v -0.031837754 -0.00424756622 0.0148963379
v -0.0350895151 -0.00122545264 0.0159261953
v -0.031837754 -0.00424756622 0.0148963379
v -0.0346307829 -0.00430858834 0.0166399982
v -0.037606582 -0.00138196442 0.0196002945
v -0.0350895151 -0.00122545264 0.0159261953
v -0.0346307829 -0.00430858834 0.0166399982
v -0.037606582 -0.00138196442 0.0196002945
v -0.0346307829 -0.00430858834 0.0166399982
v -0.0368830822 -0.0045535895 0.0197531842
v -0.037606582 0.00138194882 0.0196002945
v -0.0368830822 0.00455357367 0.0197531879
v -0.0346307829 0.0043085753 0.0166400019
v -0.037606582 0.00138194882 0.0196002945
v -0.0346307829 0.0043085753 0.0166400019
v -0.0350895151 0.00122543983 0.0159261953
v -0.0346307829 0.0043085753 0.0166400019
v -0.033688169 0.0075498689 0.0185177661
v -0.0311865453 0.00712997559 0.0167996138
v -0.0346307829 0.0043085753 0.0166400019
v -0.0311865453 0.00712997559 0.0167996138
v -0.031837754 0.00424755411 0.0148963416
v -0.0346307829 -0.00430858834 0.0166399982
v -0.031837754 -0.00424756622 0.0148963379
v -0.0311865453 -0.00712998863 0.0167996064
v -0.0346307829 -0.00430858834 0.0166399982
v -0.0311865453 -0.00712998863 0.0167996064
v -0.033688169 -0.0075498838 0.0185177587
v -0.031837754 0.00424755411 0.0148963416
v -0.0311865453 0.00712997559 0.0167996138
v -0.0288539268 0.00615623547 0.015723832
v -0.031837754 0.00424755411 0.0148963416
v -0.0288539268 0.00615623547 0.015723832
v -0.0278388932 0.00405343622 0.0145322764
v -0.031837754 -0.00424756622 0.0148963379
v -0.0278388932 -0.0040534474 0.0145322727
v -0.0288539268 -0.00615624757 0.0157238282
v -0.031837754 -0.00424756622 0.0148963379
v -0.0288539268 -0.00615624757 0.0157238282
v -0.0311865453 -0.00712998863 0.0167996064
v -0.0243719891 0.00147423299 0.0154721383
v -0.0243719891 -0.00147424533 0.0154721364
v -0.0274269152 -0.00128954032 0.0137559352
v -0.0243719891 0.00147423299 0.0154721383
v -0.0274269152 -0.00128954032 0.0137559352
v -0.0274269152 0.00128952938 0.0137559371
v -0.0274269152 0.00128952938 0.0137559371
v -0.0274269152 -0.00128954032 0.0137559352
v -0.0320425779 -0.00124093203 0.0139248027
v -0.0274269152 0.00128952938 0.0137559371
v -0.0320425779 -0.00124093203 0.0139248027
v -0.0320425779 0.00124092086 0.0139248045
v -0.0320425779 0.00124092086 0.0139248045
v -0.0320425779 -0.00124093203 0.0139248027
v -0.0350895151 -0.00122545264 0.0159261953
v -0.0320425779 0.00124092086 0.0139248045
v -0.0350895151 -0.00122545264 0.0159261953
v -0.0350895151 0.00122543983 0.0159261953
v -0.037606582 -0.00138196442 0.0196002945
v -0.037606582 0.00138194882 0.0196002945
v -0.0350895151 0.00122543983 0.0159261953
v -0.037606582 -0.00138196442 0.0196002945
v -0.0350895151 0.00122543983 0.0159261953
v -0.0350895151 -0.00122545264 0.0159261953
v -0.0385774337 -0.00165993057 0.023370754
v -0.0385774337 0.00165991194 0.023370754
v -0.037606582 0.00138194882 0.0196002945
v -0.0385774337 -0.00165993057 0.023370754
v -0.037606582 0.00138194882 0.0196002945
v -0.037606582 -0.00138196442 0.0196002945
v -0.0352296755 0.00203863112 0.0419948958
v -0.0359018072 0.00123250822 0.0444497876
v -0.0353103578 0.00361554278 0.0457576588
v -0.0352296755 0.00203863112 0.0419948958
v -0.0353103578 0.00361554278 0.0457576588
v -0.034300413 0.00517180655 0.0438211448
v -0.0352296755 -0.00203866465 0.0419948958
v -0.034300413 -0.00517184194 0.0438211374
v -0.0353103578 -0.00361557957 0.0457576588
v -0.0352296755 -0.00203866465 0.0419948958
v -0.0353103578 -0.00361557957 0.0457576588
v -0.0359018072 -0.00123254384 0.0444497876
v -0.034300413 0.00517180655 0.0438211448
v -0.0353103578 0.00361554278 0.0457576588
v -0.0344755873 0.00483539328 0.048565954
v -0.034300413 0.00517180655 0.0438211448
v -0.0344755873 0.00483539328 0.048565954
v -0.033019498 0.00607267162 0.0472999178
v -0.034300413 -0.00517184194 0.0438211374
v -0.033019498 -0.0060727098 0.0472999103
v -0.0344755873 -0.0048354324 0.0485659465
v -0.034300413 -0.00517184194 0.0438211374
v -0.0344755873 -0.0048354324 0.0485659465
v -0.0353103578 -0.00361557957 0.0457576588
v -0.0319519415 0.0053401622 0.0502986908
v -0.033019498 0.00607267162 0.0472999178
v -0.0344755873 0.00483539328 0.048565954
v -0.0319519415 0.0053401622 0.0502986908
v -0.0344755873 0.00483539328 0.048565954
v -0.0336433351 0.00456889812 0.0509141125
v -0.0319519415 -0.00534020225 0.0502986833
v -0.0336433351 -0.0045689391 0.0509141125
v -0.0344755873 -0.0048354324 0.0485659465
v -0.0319519415 -0.00534020225 0.0502986833
v -0.0344755873 -0.0048354324 0.0485659465
v -0.033019498 -0.0060727098 0.0472999103
v -0.0330703929 0.00329470728 0.0531703644
v -0.0313199759 0.00371396099 0.0525305271
v -0.0319519415 0.0053401622 0.0502986908
v -0.0330703929 0.00329470728 0.0531703644
v -0.0319519415 0.0053401622 0.0502986908
v -0.0336433351 0.00456889812 0.0509141125
v -0.0330703929 -0.00329474965 0.0531703644
v -0.0336433351 -0.0045689391 0.0509141125
v -0.0319519415 -0.00534020225 0.0502986833
v -0.0330703929 -0.00329474965 0.0531703644
v -0.0319519415 -0.00534020225 0.0502986833
v -0.0313199759 -0.0037140029 0.0525305271
v -0.0313199759 0.00371396099 0.0525305271
v -0.0330703929 0.00329470728 0.0531703644
v -0.0327814184 0.00116852508 0.054326538
v -0.0313199759 0.00371396099 0.0525305271
v -0.0327814184 0.00116852508 0.054326538
v -0.031012835 0.00141965121 0.0538200513
v -0.0313199759 -0.0037140029 0.0525305271
v -0.031012835 -0.00141969428 0.0538200513
v -0.0327814184 -0.00116856839 0.054326538
v -0.0313199759 -0.0037140029 0.0525305271
v -0.0327814184 -0.00116856839 0.054326538
v -0.0330703929 -0.00329474965 0.0531703644
v -0.031012835 -0.00141969428 0.0538200513
v -0.031012835 0.00141965121 0.0538200513
v -0.0327814184 0.00116852508 0.054326538
v -0.031012835 -0.00141969428 0.0538200513
v -0.0327814184 0.00116852508 0.054326538
v -0.0327814184 -0.00116856839 0.054326538
v -0.0352296755 0.00203863112 0.0419948958
v -0.0352296755 -0.00203866465 0.0419948958
v -0.0359018072 -0.00123254384 0.0444497876
v -0.0352296755 0.00203863112 0.0419948958
v -0.0359018072 -0.00123254384 0.0444497876
v -0.0359018072 0.00123250822 0.0444497876
v -0.0351524018 0.00585549697 0.0385404006
v -0.0361384787 0.00203306624 0.0383543484
v -0.0352296755 0.00203863112 0.0419948958
v -0.0351524018 0.00585549697 0.0385404006
v -0.0352296755 0.00203863112 0.0419948958
v -0.034300413 0.00517180655 0.0438211448
v -0.0351524018 -0.00585552771 0.0385403931
v -0.034300413 -0.00517184194 0.0438211374
v -0.0352296755 -0.00203866465 0.0419948958
v -0.0351524018 -0.00585552771 0.0385403931
v -0.0352296755 -0.00203866465 0.0419948958
v -0.0361384787 -0.00203309697 0.0383543484
v -0.037036065 0.0059543862 0.0302792527
v -0.0376476422 0.00544897979 0.0261007398
v -0.0385802872 0.0018442804 0.0266741123
v -0.037036065 0.0059543862 0.0302792527
v -0.0385802872 0.0018442804 0.0266741123
v -0.0380376764 0.00199970696 0.0306000244
v -0.037036065 -0.00595441042 0.030279249
v -0.0380376764 -0.00199973164 0.0306000244
v -0.0385802872 -0.00184430182 0.0266741123
v -0.037036065 -0.00595441042 0.030279249
v -0.0385802872 -0.00184430182 0.0266741123
v -0.0376476422 -0.00544900028 0.0261007361
v -0.0353103578 0.00361554278 0.0457576588
v -0.0359018072 0.00123250822 0.0444497876
v -0.037710581 0.000792678271 0.0476306528
v -0.0353103578 0.00361554278 0.0457576588
v -0.037710581 0.000792678271 0.0476306528
v -0.0374004915 0.00254151761 0.0486399308
v -0.0353103578 -0.00361557957 0.0457576588
v -0.0374004915 -0.00254155626 0.0486399308
v -0.037710581 -0.000792716339 0.0476306528
v -0.0353103578 -0.00361557957 0.0457576588
v -0.037710581 -0.000792716339 0.0476306528
v -0.0359018072 -0.00123254384 0.0444497876
v -0.0344755873 0.00483539328 0.048565954
v -0.0353103578 0.00361554278 0.0457576588
v -0.0374004915 0.00254151761 0.0486399308
v -0.0344755873 0.00483539328 0.048565954
v -0.0374004915 0.00254151761 0.0486399308
v -0.0369064249 0.00352308713 0.0506022125
v -0.0344755873 -0.0048354324 0.0485659465
v -0.0369064249 -0.00352312764 0.0506022125
v -0.0374004915 -0.00254155626 0.0486399308
v -0.0344755873 -0.0048354324 0.0485659465
v -0.0374004915 -0.00254155626 0.0486399308
v -0.0353103578 -0.00361557957 0.0457576588
v -0.0344755873 0.00483539328 0.048565954
v -0.0369064249 0.00352308713 0.0506022125
v -0.0362553522 0.0035105464 0.0523360409
v -0.0344755873 0.00483539328 0.048565954
v -0.0362553522 0.0035105464 0.0523360409
v -0.0336433351 0.00456889812 0.0509141125
v -0.0344755873 -0.0048354324 0.0485659465
v -0.0336433351 -0.0045689391 0.0509141125
v -0.0362553522 -0.00351058831 0.0523360409
v -0.0344755873 -0.0048354324 0.0485659465
v -0.0362553522 -0.00351058831 0.0523360409
v -0.0369064249 -0.00352312764 0.0506022125
v -0.0330703929 0.00329470728 0.0531703644
v -0.0357128754 0.00260644406 0.0543916076
v -0.0354119129 0.000850348792 0.0551971234
v -0.0330703929 0.00329470728 0.0531703644
v -0.0354119129 0.000850348792 0.0551971234
v -0.0327814184 0.00116852508 0.054326538
v -0.0330703929 -0.00329474965 0.0531703644
v -0.0327814184 -0.00116856839 0.054326538
v -0.0354119129 -0.000850392913 0.0551971234
v -0.0330703929 -0.00329474965 0.0531703644
v -0.0354119129 -0.000850392913 0.0551971234
v -0.0357128754 -0.00260648737 0.0543916076
v -0.0336433351 0.00456889812 0.0509141125
v -0.0362553522 0.0035105464 0.0523360409
v -0.0357128754 0.00260644406 0.0543916076
v -0.0336433351 0.00456889812 0.0509141125
v -0.0357128754 0.00260644406 0.0543916076
v -0.0330703929 0.00329470728 0.0531703644
v -0.0336433351 -0.0045689391 0.0509141125
v -0.0330703929 -0.00329474965 0.0531703644
v -0.0357128754 -0.00260648737 0.0543916076
v -0.0336433351 -0.0045689391 0.0509141125
v -0.0357128754 -0.00260648737 0.0543916076
v -0.0362553522 -0.00351058831 0.0523360409
v -0.0354119129 0.000850348792 0.0551971234
v -0.0357128754 0.00260644406 0.0543916076
v -0.0382192284 0.00208874722 0.0552984253
v -0.0354119129 0.000850348792 0.0551971234
v -0.0382192284 0.00208874722 0.0552984253
v -0.0379985087 0.000597578532 0.0559235513
v -0.0382192284 0.00208874722 0.0552984253
v -0.0408491865 0.00139406975 0.0561846755
v -0.0406184122 0.000459280855 0.056595698
v -0.0382192284 0.00208874722 0.0552984253
v -0.0406184122 0.000459280855 0.056595698
v -0.0379985087 0.000597578532 0.0559235513
v -0.0382192284 -0.00208879146 0.0552984253
v -0.0379985087 -0.000597623235 0.0559235513
v -0.0406184122 -0.000459326082 0.056595698
v -0.0382192284 -0.00208879146 0.0552984253
v -0.0406184122 -0.000459326082 0.056595698
v -0.0408491865 -0.00139411469 0.0561846755
v -0.0354119129 -0.000850392913 0.0551971234
v -0.0379985087 -0.000597623235 0.0559235513
v -0.0382192284 -0.00208879146 0.0552984253
v -0.0354119129 -0.000850392913 0.0551971234
v -0.0382192284 -0.00208879146 0.0552984253
v -0.0357128754 -0.00260648737 0.0543916076
v -0.0406184122 0.000459280855 0.056595698
v -0.0408491865 0.00139406975 0.0561846755
v -0.0420775935 0.00112436584 0.0563484542
v -0.0406184122 0.000459280855 0.056595698
v -0.0420775935 0.00112436584 0.0563484542
v -0.0422251821 0.000368043402 0.0565177165
v -0.0406184122 -0.000459326082 0.056595698
v -0.0422251821 -0.000368088571 0.0565177165
v -0.0420775935 -0.00112441077 0.0563484542
v -0.0406184122 -0.000459326082 0.056595698
v -0.0420775935 -0.00112441077 0.0563484542
v -0.0408491865 -0.00139411469 0.0561846755
v -0.0422251821 0.000368043402 0.0565177165
v -0.0420775935 0.00112436584 0.0563484542
v -0.04234384 0.00112159143 0.055537954
v -0.0422251821 0.000368043402 0.0565177165
v -0.04234384 0.00112159143 0.055537954
v -0.0426014401 0.000369887828 0.0555494986
v -0.0422251821 -0.000368088571 0.0565177165
v -0.0426014401 -0.000369932182 0.0555494986
v -0.04234384 -0.0011216359 0.055537954
v -0.0422251821 -0.000368088571 0.0565177165
v -0.04234384 -0.0011216359 0.055537954
v -0.0420775935 -0.00112441077 0.0563484542
v -0.0426014401 0.000369887828 0.0555494986
v -0.04234384 0.00112159143 0.055537954
v -0.0414943472 0.00117716088 0.053336218
v -0.0426014401 0.000369887828 0.0555494986
v -0.0414943472 0.00117716088 0.053336218
v -0.0415498838 0.000508576981 0.0531169735
v -0.0426014401 -0.000369932182 0.0555494986
v -0.0415498838 -0.000508619472 0.0531169735
v -0.0414943472 -0.00117720349 0.053336218
v -0.0426014401 -0.000369932182 0.0555494986
v -0.0414943472 -0.00117720349 0.053336218
v -0.04234384 -0.0011216359 0.055537954
v -0.0398434289 0.000661497354 0.0505697578
v -0.0415498838 0.000508576981 0.0531169735
v -0.0414943472 0.00117716088 0.053336218
v -0.0398434289 0.000661497354 0.0505697578
v -0.0414943472 0.00117716088 0.053336218
v -0.0396081582 0.00182817341 0.0509728342
v -0.037710581 0.000792678271 0.0476306528
v -0.0398434289 0.000661497354 0.0505697578
v -0.0396081582 0.00182817341 0.0509728342
v -0.037710581 0.000792678271 0.0476306528
v -0.0396081582 0.00182817341 0.0509728342
v -0.0374004915 0.00254151761 0.0486399308
v -0.037710581 -0.000792716339 0.0476306528
v -0.0374004915 -0.00254155626 0.0486399308
v -0.0396081582 -0.00182821415 0.0509728342
v -0.037710581 -0.000792716339 0.0476306528
v -0.0396081582 -0.00182821415 0.0509728342
v -0.0398434289 -0.00066153775 0.0505697578
v -0.0398434289 -0.00066153775 0.0505697578
v -0.0396081582 -0.00182821415 0.0509728342
v -0.0414943472 -0.00117720349 0.053336218
v -0.0398434289 -0.00066153775 0.0505697578
v -0.0414943472 -0.00117720349 0.053336218
v -0.0415498838 -0.000508619472 0.0531169735
v -0.0369064249 0.00352308713 0.0506022125
v -0.0374004915 0.00254151761 0.0486399308
v -0.0396081582 0.00182817341 0.0509728342
v -0.0369064249 0.00352308713 0.0506022125
v -0.0396081582 0.00182817341 0.0509728342
v -0.0392399356 0.00262824818 0.0524540208
v -0.0369064249 -0.00352312764 0.0506022125
v -0.0392399356 -0.00262829009 0.0524540208
v -0.0396081582 -0.00182821415 0.0509728342
v -0.0369064249 -0.00352312764 0.0506022125
v -0.0396081582 -0.00182821415 0.0509728342
v -0.0374004915 -0.00254155626 0.0486399308
v -0.0362553522 0.0035105464 0.0523360409
v -0.0369064249 0.00352308713 0.0506022125
v -0.0392399356 0.00262824818 0.0524540208
v -0.0362553522 0.0035105464 0.0523360409
v -0.0392399356 0.00262824818 0.0524540208
v -0.0387662649 0.00267925602 0.0538013056
v -0.0362553522 -0.00351058831 0.0523360409
v -0.0387662649 -0.00267929886 0.0538013056
v -0.0392399356 -0.00262829009 0.0524540208
v -0.0362553522 -0.00351058831 0.0523360409
v -0.0392399356 -0.00262829009 0.0524540208
v -0.0369064249 -0.00352312764 0.0506022125
v -0.0362553522 0.0035105464 0.0523360409
v -0.0387662649 0.00267925602 0.0538013056
v -0.0382192284 0.00208874722 0.0552984253
v -0.0362553522 0.0035105464 0.0523360409
v -0.0382192284 0.00208874722 0.0552984253
v -0.0357128754 0.00260644406 0.0543916076
v -0.0362553522 -0.00351058831 0.0523360409
v -0.0357128754 -0.00260648737 0.0543916076
v -0.0382192284 -0.00208879146 0.0552984253
v -0.0362553522 -0.00351058831 0.0523360409
v -0.0382192284 -0.00208879146 0.0552984253
v -0.0387662649 -0.00267929886 0.0538013056
v -0.0382192284 0.00208874722 0.0552984253
v -0.0387662649 0.00267925602 0.0538013056
v -0.0411413759 0.00171579223 0.0551367253
v -0.0382192284 0.00208874722 0.0552984253
v -0.0411413759 0.00171579223 0.0551367253
v -0.0408491865 0.00139406975 0.0561846755
v -0.0382192284 -0.00208879146 0.0552984253
v -0.0408491865 -0.00139411469 0.0561846755
v -0.0411413759 -0.00171583623 0.0551367253
v -0.0382192284 -0.00208879146 0.0552984253
v -0.0411413759 -0.00171583623 0.0551367253
v -0.0387662649 -0.00267929886 0.0538013056
v -0.0411413759 0.00171579223 0.0551367253
v -0.04234384 0.00112159143 0.055537954
v -0.0420775935 0.00112436584 0.0563484542
v -0.0411413759 0.00171579223 0.0551367253
v -0.0420775935 0.00112436584 0.0563484542
v -0.0408491865 0.00139406975 0.0561846755
v -0.0411413759 -0.00171583623 0.0551367253
v -0.0408491865 -0.00139411469 0.0561846755
v -0.0420775935 -0.00112441077 0.0563484542
v -0.0411413759 -0.00171583623 0.0551367253
v -0.0420775935 -0.00112441077 0.0563484542
v -0.04234384 -0.0011216359 0.055537954
v -0.0396081582 0.00182817341 0.0509728342
v -0.0414943472 0.00117716088 0.053336218
v -0.0410013571 0.00177953579 0.0538199954
v -0.0396081582 0.00182817341 0.0509728342
v -0.0410013571 0.00177953579 0.0538199954
v -0.0392399356 0.00262824818 0.0524540208
v -0.0396081582 -0.00182821415 0.0509728342
v -0.0392399356 -0.00262829009 0.0524540208
v -0.0410013571 -0.00177957886 0.0538199954
v -0.0396081582 -0.00182821415 0.0509728342
v -0.0410013571 -0.00177957886 0.0538199954
v -0.0414943472 -0.00117720349 0.053336218
v -0.04234384 0.00112159143 0.055537954
v -0.0411413759 0.00171579223 0.0551367253
v -0.0410013571 0.00177953579 0.0538199954
v -0.04234384 0.00112159143 0.055537954
v -0.0410013571 0.00177953579 0.0538199954
v -0.0414943472 0.00117716088 0.053336218
v -0.04234384 -0.0011216359 0.055537954
v -0.0414943472 -0.00117720349 0.053336218
v -0.0410013571 -0.00177957886 0.0538199954
v -0.04234384 -0.0011216359 0.055537954
v -0.0410013571 -0.00177957886 0.0538199954
v -0.0411413759 -0.00171583623 0.0551367253
v -0.0387662649 0.00267925602 0.0538013056
v -0.0392399356 0.00262824818 0.0524540208
v -0.0410013571 0.00177953579 0.0538199954
v -0.0387662649 0.00267925602 0.0538013056
v -0.0410013571 0.00177953579 0.0538199954
v -0.0411413759 0.00171579223 0.0551367253
v -0.0387662649 -0.00267929886 0.0538013056
v -0.0411413759 -0.00171583623 0.0551367253
v -0.0410013571 -0.00177957886 0.0538199954
v -0.0387662649 -0.00267929886 0.0538013056
v -0.0410013571 -0.00177957886 0.0538199954
v -0.0392399356 -0.00262829009 0.0524540208
v -0.0359018072 0.00123250822 0.0444497876
v -0.0359018072 -0.00123254384 0.0444497876
v -0.037710581 -0.000792716339 0.0476306528
v -0.0359018072 0.00123250822 0.0444497876
v -0.037710581 -0.000792716339 0.0476306528
v -0.037710581 0.000792678271 0.0476306528
v -0.037710581 0.000792678271 0.0476306528
v -0.037710581 -0.000792716339 0.0476306528
v -0.0398434289 -0.00066153775 0.0505697578
v -0.037710581 0.000792678271 0.0476306528
v -0.0398434289 -0.00066153775 0.0505697578
v -0.0398434289 0.000661497354 0.0505697578
v -0.0398434289 0.000661497354 0.0505697578
v -0.0398434289 -0.00066153775 0.0505697578
v -0.0415498838 -0.000508619472 0.0531169735
v -0.0398434289 0.000661497354 0.0505697578
v -0.0415498838 -0.000508619472 0.0531169735
v -0.0415498838 0.000508576981 0.0531169735
v -0.0415498838 0.000508576981 0.0531169735
v -0.0415498838 -0.000508619472 0.0531169735
v -0.0426014401 -0.000369932182 0.0555494986
v -0.0415498838 0.000508576981 0.0531169735
v -0.0426014401 -0.000369932182 0.0555494986
v -0.0426014401 0.000369887828 0.0555494986
v -0.0426014401 0.000369887828 0.0555494986
v -0.0426014401 -0.000369932182 0.0555494986
v -0.0422251821 -0.000368088571 0.0565177165
v -0.0426014401 0.000369887828 0.0555494986
v -0.0422251821 -0.000368088571 0.0565177165
v -0.0422251821 0.000368043402 0.0565177165
v -0.0406184122 -0.000459326082 0.056595698
v -0.0406184122 0.000459280855 0.056595698
v -0.0422251821 0.000368043402 0.0565177165
v -0.0406184122 -0.000459326082 0.056595698
v -0.0422251821 0.000368043402 0.0565177165
v -0.0422251821 -0.000368088571 0.0565177165
v -0.0379985087 -0.000597623235 0.0559235513
v -0.0379985087 0.000597578532 0.0559235513
v -0.0406184122 0.000459280855 0.056595698
v -0.0379985087 -0.000597623235 0.0559235513
v -0.0406184122 0.000459280855 0.056595698
v -0.0406184122 -0.000459326082 0.056595698
v -0.0354119129 -0.000850392913 0.0551971234
v -0.0354119129 0.000850348792 0.0551971234
v -0.0379985087 0.000597578532 0.0559235513
v -0.0354119129 -0.000850392913 0.0551971234
v -0.0379985087 0.000597578532 0.0559235513
v -0.0379985087 -0.000597623235 0.0559235513
v -0.0327814184 -0.00116856839 0.054326538
v -0.0327814184 0.00116852508 0.054326538
v -0.0354119129 0.000850348792 0.0551971234
v -0.0327814184 -0.00116856839 0.054326538
v -0.0354119129 0.000850348792 0.0551971234
v -0.0354119129 -0.000850392913 0.0551971234
v -0.0352296755 -0.00203866465 0.0419948958
v -0.0352296755 0.00203863112 0.0419948958
v -0.0361384787 0.00203306624 0.0383543484
v -0.0352296755 -0.00203866465 0.0419948958
v -0.0361384787 0.00203306624 0.0383543484
v -0.0361384787 -0.00203309697 0.0383543484
v -0.0380376764 -0.00199973164 0.0306000244
v -0.0380376764 0.00199970696 0.0306000244
v -0.0385802872 0.0018442804 0.0266741123
v -0.0380376764 -0.00199973164 0.0306000244
v -0.0385802872 0.0018442804 0.0266741123
v -0.0385802872 -0.00184430182 0.0266741123
v -0.0308720507 0.00829418935 0.0474949479
v -0.033019498 0.00607267162 0.0472999178
v -0.0319519415 0.0053401622 0.0502986908
v -0.0308720507 0.00829418935 0.0474949479
v -0.0319519415 0.0053401622 0.0502986908
v -0.0297640711 0.006957212 0.0504956655
v -0.0308720507 -0.0082942266 0.0474949405
v -0.0297640711 -0.00695725204 0.0504956581
v -0.0319519415 -0.00534020225 0.0502986833
v -0.0308720507 -0.0082942266 0.0474949405
v -0.0319519415 -0.00534020225 0.0502986833
v -0.033019498 -0.0060727098 0.0472999103
v -0.0283372458 0.010168897 0.0487022884
v -0.0308720507 0.00829418935 0.0474949479
v -0.0297640711 0.006957212 0.0504956655
v -0.0283372458 0.010168897 0.0487022884
v -0.0297640711 0.006957212 0.0504956655
v -0.0277818628 0.00843046419 0.0516452417
v -0.0283372458 -0.0101689361 0.048702281
v -0.0277818628 -0.00843050517 0.0516452342
v -0.0297640711 -0.00695725204 0.0504956581
v -0.0283372458 -0.0101689361 0.048702281
v -0.0297640711 -0.00695725204 0.0504956581
v -0.0308720507 -0.0082942266 0.0474949405
v -0.0283372458 0.010168897 0.0487022884
v -0.0277818628 0.00843046419 0.0516452417
v -0.0271237772 0.0096872393 0.0525706671
v -0.0283372458 0.010168897 0.0487022884
v -0.0271237772 0.0096872393 0.0525706671
v -0.0271278918 0.0113173965 0.0500014238
v -0.0283372458 -0.0101689361 0.048702281
v -0.0271278918 -0.0113174357 0.0500014164
v -0.0271237772 -0.00968728215 0.0525706597
v -0.0283372458 -0.0101689361 0.048702281
v -0.0271237772 -0.00968728215 0.0525706597
v -0.0277818628 -0.00843050517 0.0516452342
v -0.0260270033 0.00743268384 0.0539563224
v -0.0261547752 0.0090319179 0.0547681339
v -0.0271237772 0.0096872393 0.0525706671
v -0.0260270033 0.00743268384 0.0539563224
v -0.0271237772 0.0096872393 0.0525706671
v -0.0277818628 0.00843046419 0.0516452417
v -0.0260270033 -0.00743272668 0.0539563149
v -0.0277818628 -0.00843050517 0.0516452342
v -0.0271237772 -0.00968728215 0.0525706597
v -0.0260270033 -0.00743272668 0.0539563149
v -0.0271237772 -0.00968728215 0.0525706597
v -0.0261547752 -0.00903196074 0.0547681265
v -0.0283372458 0.010168897 0.0487022884
v -0.0271278918 0.0113173965 0.0500014238
v -0.0261020847 0.0129541764 0.0490481406
v -0.0283372458 0.010168897 0.0487022884
v -0.0261020847 0.0129541764 0.0490481406
v -0.0262018424 0.0121723376 0.0467666276
v -0.0283372458 -0.0101689361 0.048702281
v -0.0262018424 -0.0121723749 0.0467666201
v -0.0261020847 -0.0129542155 0.0490481332
v -0.0283372458 -0.0101689361 0.048702281
v -0.0261020847 -0.0129542155 0.0490481332
v -0.0271278918 -0.0113174357 0.0500014164
v -0.0262018424 0.0121723376 0.0467666276
v -0.0261020847 0.0129541764 0.0490481406
v -0.0232537873 0.0135067459 0.0486344472
v -0.0262018424 0.0121723376 0.0467666276
v -0.0232537873 0.0135067459 0.0486344472
v -0.0226549506 0.0130021926 0.0465281233
v -0.0262018424 -0.0121723749 0.0467666201
v -0.0226549506 -0.0130022299 0.0465281159
v -0.0232537873 -0.013506785 0.0486344397
v -0.0262018424 -0.0121723749 0.0467666201
v -0.0232537873 -0.013506785 0.0486344397
v -0.0261020847 -0.0129542155 0.0490481332
v -0.0231817458 0.00776681071 0.0548967868
v -0.0238867197 0.00933723431 0.0558475144
v -0.0261547752 0.0090319179 0.0547681339
v -0.0231817458 0.00776681071 0.0548967868
v -0.0261547752 0.0090319179 0.0547681339
v -0.0260270033 0.00743268384 0.0539563224
v -0.0231817458 -0.00776685448 0.0548967794
v -0.0260270033 -0.00743272668 0.0539563149
v -0.0261547752 -0.00903196074 0.0547681265
v -0.0231817458 -0.00776685448 0.0548967794
v -0.0261547752 -0.00903196074 0.0547681265
v -0.0238867197 -0.00933727901 0.055847507
v -0.0189534929 0.0126050813 0.0478469804
v -0.0226549506 0.0130021926 0.0465281233
v -0.0232537873 0.0135067459 0.0486344472
v -0.0189534929 0.0126050813 0.0478469804
v -0.0232537873 0.0135067459 0.0486344472
v -0.0204418283 0.01307547 0.0497670993
v -0.0189534929 -0.0126051204 0.0478469729
v -0.0204418283 -0.0130755091 0.0497670919
v -0.0232537873 -0.013506785 0.0486344397
v -0.0189534929 -0.0126051204 0.0478469729
v -0.0232537873 -0.013506785 0.0486344397
v -0.0226549506 -0.0130022299 0.0465281159
v -0.0189534929 0.0126050813 0.0478469804
v -0.0204418283 0.01307547 0.0497670993
v -0.0189646427 0.0120333536 0.0514711142
v -0.0189534929 0.0126050813 0.0478469804
v -0.0189646427 0.0120333536 0.0514711142
v -0.0171918441 0.0110275 0.0503282435
v -0.0189534929 -0.0126051204 0.0478469729
v -0.0171918441 -0.011027541 0.0503282361
v -0.0189646427 -0.0120333945 0.0514711067
v -0.0189534929 -0.0126051204 0.0478469729
v -0.0189646427 -0.0120333945 0.0514711067
v -0.0204418283 -0.0130755091 0.0497670919
v -0.0179710463 0.00947308633 0.0526146777
v -0.0171918441 0.0110275 0.0503282435
v -0.0189646427 0.0120333536 0.0514711142
v -0.0179710463 0.00947308633 0.0526146777
v -0.0189646427 0.0120333536 0.0514711142
v -0.0193491261 0.0108395359 0.0535378866
v -0.0179710463 -0.00947312918 0.0526146702
v -0.0193491261 -0.0108395787 0.0535378791
v -0.0189646427 -0.0120333945 0.0514711067
v -0.0179710463 -0.00947312918 0.0526146702
v -0.0189646427 -0.0120333945 0.0514711067
v -0.0171918441 -0.011027541 0.0503282361
v -0.0206111968 0.00836380851 0.0542629734
v -0.0216459893 0.00988847669 0.0550531782
v -0.0238867197 0.00933723431 0.0558475144
v -0.0206111968 0.00836380851 0.0542629734
v -0.0238867197 0.00933723431 0.0558475144
v -0.0231817458 0.00776681071 0.0548967868
v -0.0206111968 -0.00836385135 0.0542629659
v -0.0231817458 -0.00776685448 0.0548967794
v -0.0238867197 -0.00933727901 0.055847507
v -0.0206111968 -0.00836385135 0.0542629659
v -0.0238867197 -0.00933727901 0.055847507
v -0.0216459893 -0.0098885214 0.0550531708
v -0.0206111968 0.00836380851 0.0542629734
v -0.0179710463 0.00947308633 0.0526146777
v -0.0193491261 0.0108395359 0.0535378866
v -0.0206111968 0.00836380851 0.0542629734
v -0.0193491261 0.0108395359 0.0535378866
v -0.0216459893 0.00988847669 0.0550531782
v -0.0206111968 -0.00836385135 0.0542629659
v -0.0216459893 -0.0098885214 0.0550531708
v -0.0193491261 -0.0108395787 0.0535378791
v -0.0206111968 -0.00836385135 0.0542629659
v -0.0193491261 -0.0108395787 0.0535378791
v -0.0179710463 -0.00947312918 0.0526146702
v -0.0289489105 0.0028808068 0.0539153442
v -0.0313199759 0.00371396099 0.0525305271
v -0.031012835 0.00141965121 0.0538200513
v -0.0289489105 0.0028808068 0.0539153442
v -0.031012835 0.00141965121 0.0538200513
v -0.0296149831 0.00087940658 0.0544559695
v -0.0289489105 -0.00288085011 0.0539153442
v -0.0296149831 -0.000879450119 0.0544559695
v -0.031012835 -0.00141969428 0.0538200513
v -0.0289489105 -0.00288085011 0.0539153442
v -0.031012835 -0.00141969428 0.0538200513
v -0.0313199759 -0.0037140029 0.0525305271
v -0.0289489105 0.0028808068 0.0539153442
v -0.0296149831 0.00087940658 0.0544559695
v -0.0284913722 0.000760110503 0.0556926988
v -0.0289489105 0.0028808068 0.0539153442
v -0.0284913722 0.000760110503 0.0556926988
v -0.0279980041 0.00238436949 0.0554153658
v -0.0289489105 -0.00288085011 0.0539153442
v -0.0279980041 -0.00238441373 0.0554153658
v -0.0284913722 -0.000760154973 0.0556926988
v -0.0289489105 -0.00288085011 0.0539153442
v -0.0284913722 -0.000760154973 0.0556926988
v -0.0296149831 -0.000879450119 0.0544559695
v -0.0313199759 0.00371396099 0.0525305271
v -0.0285169091 0.00567357196 0.0524634309
v -0.0297640711 0.006957212 0.0504956655
v -0.0313199759 0.00371396099 0.0525305271
v -0.0297640711 0.006957212 0.0504956655
v -0.0319519415 0.0053401622 0.0502986908
v -0.0313199759 -0.0037140029 0.0525305271
v -0.0319519415 -0.00534020225 0.0502986833
v -0.0297640711 -0.00695725204 0.0504956581
v -0.0313199759 -0.0037140029 0.0525305271
v -0.0297640711 -0.00695725204 0.0504956581
v -0.0285169091 -0.00567361386 0.0524634235
v -0.0313199759 0.00371396099 0.0525305271
v -0.0289489105 0.0028808068 0.0539153442
v -0.0272869971 0.00451356545 0.053772632
v -0.0313199759 0.00371396099 0.0525305271
v -0.0272869971 0.00451356545 0.053772632
v -0.0285169091 0.00567357196 0.0524634309
v -0.0313199759 -0.0037140029 0.0525305271
v -0.0285169091 -0.00567361386 0.0524634235
v -0.0272869971 -0.00451360829 0.053772632
v -0.0313199759 -0.0037140029 0.0525305271
v -0.0272869971 -0.00451360829 0.053772632
v -0.0289489105 -0.00288085011 0.0539153442
v -0.0260270033 0.00743268384 0.0539563224
v -0.0277818628 0.00843046419 0.0516452417
v -0.0297640711 0.006957212 0.0504956655
v -0.0260270033 0.00743268384 0.0539563224
v -0.0297640711 0.006957212 0.0504956655
v -0.0285169091 0.00567357196 0.0524634309
v -0.0260270033 -0.00743272668 0.0539563149
v -0.0285169091 -0.00567361386 0.0524634235
v -0.0297640711 -0.00695725204 0.0504956581
v -0.0260270033 -0.00743272668 0.0539563149
v -0.0297640711 -0.00695725204 0.0504956581
v -0.0277818628 -0.00843050517 0.0516452342
v -0.0260270033 0.00743268384 0.0539563224
v -0.0285169091 0.00567357196 0.0524634309
v -0.0272869971 0.00451356545 0.053772632
v -0.0260270033 0.00743268384 0.0539563224
v -0.0272869971 0.00451356545 0.053772632
v -0.0251062196 0.0060118027 0.0546472147
v -0.0260270033 -0.00743272668 0.0539563149
v -0.0251062196 -0.00601184648 0.0546472073
v -0.0272869971 -0.00451360829 0.053772632
v -0.0260270033 -0.00743272668 0.0539563149
v -0.0272869971 -0.00451360829 0.053772632
v -0.0285169091 -0.00567361386 0.0524634235
v -0.0260270033 0.00743268384 0.0539563224
v -0.0251062196 0.0060118027 0.0546472147
v -0.0229080524 0.00695916498 0.055067312
v -0.0260270033 0.00743268384 0.0539563224
v -0.0229080524 0.00695916498 0.055067312
v -0.0231817458 0.00776681071 0.0548967868
v -0.0260270033 -0.00743272668 0.0539563149
v -0.0231817458 -0.00776685448 0.0548967794
v -0.0229080524 -0.00695920875 0.0550673045
v -0.0260270033 -0.00743272668 0.0539563149
v -0.0229080524 -0.00695920875 0.0550673045
v -0.0251062196 -0.00601184648 0.0546472073
v -0.0200063903 0.00714789238 0.054626096
v -0.0206111968 0.00836380851 0.0542629734
v -0.0231817458 0.00776681071 0.0548967868
v -0.0200063903 0.00714789238 0.054626096
v -0.0231817458 0.00776681071 0.0548967868
v -0.0229080524 0.00695916498 0.055067312
v -0.0200063903 -0.00714793615 0.0546260886
v -0.0229080524 -0.00695920875 0.0550673045
v -0.0231817458 -0.00776685448 0.0548967794
v -0.0200063903 -0.00714793615 0.0546260886
v -0.0231817458 -0.00776685448 0.0548967794
v -0.0206111968 -0.00836385135 0.0542629659
v -0.0179710463 0.00947308633 0.0526146777
v -0.0206111968 0.00836380851 0.0542629734
v -0.0200063903 0.00714789238 0.054626096
v -0.0179710463 0.00947308633 0.0526146777
v -0.0200063903 0.00714789238 0.054626096
v -0.0176029559 0.00712146517 0.054068286
v -0.0179710463 -0.00947312918 0.0526146702
v -0.0176029559 -0.00712150801 0.0540682785
v -0.0200063903 -0.00714793615 0.0546260886
v -0.0179710463 -0.00947312918 0.0526146702
v -0.0200063903 -0.00714793615 0.0546260886
v -0.0206111968 -0.00836385135 0.0542629659
v -0.0272869971 0.00451356545 0.053772632
v -0.0289489105 0.0028808068 0.0539153442
v -0.0279980041 0.00238436949 0.0554153658
v -0.0272869971 0.00451356545 0.053772632
v -0.0279980041 0.00238436949 0.0554153658
v -0.0266316123 0.0038972937 0.0554299913
v -0.0272869971 -0.00451360829 0.053772632
v -0.0266316123 -0.00389733794 0.0554299913
v -0.0279980041 -0.00238441373 0.0554153658
v -0.0272869971 -0.00451360829 0.053772632
v -0.0279980041 -0.00238441373 0.0554153658
v -0.0289489105 -0.00288085011 0.0539153442
v -0.0272869971 0.00451356545 0.053772632
v -0.0266316123 0.0038972937 0.0554299913
v -0.02459196 0.00511474721 0.0559657402
v -0.0272869971 0.00451356545 0.053772632
v -0.02459196 0.00511474721 0.0559657402
v -0.0251062196 0.0060118027 0.0546472147
v -0.0272869971 -0.00451360829 0.053772632
v -0.0251062196 -0.00601184648 0.0546472073
v -0.02459196 -0.00511479191 0.0559657328
v -0.0272869971 -0.00451360829 0.053772632
v -0.02459196 -0.00511479191 0.0559657328
v -0.0266316123 -0.00389733794 0.0554299913
v -0.0176029559 0.00712146517 0.054068286
v -0.0200063903 0.00714789238 0.054626096
v -0.0192821026 0.00614111172 0.0559534542
v -0.0176029559 0.00712146517 0.054068286
v -0.0192821026 0.00614111172 0.0559534542
v -0.0168174636 0.00616829703 0.0556213968
v -0.0176029559 -0.00712150801 0.0540682785
v -0.0168174636 -0.00616834173 0.0556213893
v -0.0192821026 -0.00614115642 0.0559534468
v -0.0176029559 -0.00712150801 0.0540682785
v -0.0192821026 -0.00614115642 0.0559534468
v -0.0200063903 -0.00714793615 0.0546260886
v -0.0200063903 0.00714789238 0.054626096
v -0.0229080524 0.00695916498 0.055067312
v -0.0218730513 0.00584565522 0.0561662018
v -0.0200063903 0.00714789238 0.054626096
v -0.0218730513 0.00584565522 0.0561662018
v -0.0192821026 0.00614111172 0.0559534542
v -0.0200063903 -0.00714793615 0.0546260886
v -0.0192821026 -0.00614115642 0.0559534468
v -0.0218730513 -0.00584569992 0.0561661944
v -0.0200063903 -0.00714793615 0.0546260886
v -0.0218730513 -0.00584569992 0.0561661944
v -0.0229080524 -0.00695920875 0.0550673045
v -0.0218730513 0.00584565522 0.0561662018
v -0.0229080524 0.00695916498 0.055067312
v -0.0251062196 0.0060118027 0.0546472147
v -0.0218730513 0.00584565522 0.0561662018
v -0.0251062196 0.0060118027 0.0546472147
v -0.02459196 0.00511474721 0.0559657402
v -0.0218730513 -0.00584569992 0.0561661944
v -0.02459196 -0.00511479191 0.0559657328
v -0.0251062196 -0.00601184648 0.0546472073
v -0.0218730513 -0.00584569992 0.0561661944
v -0.0251062196 -0.00601184648 0.0546472073
v -0.0229080524 -0.00695920875 0.0550673045
v -0.0151262572 0.00681803282 0.0534868538
v -0.0176029559 0.00712146517 0.054068286
v -0.0168174636 0.00616829703 0.0556213968
v -0.0151262572 0.00681803282 0.0534868538
v -0.0168174636 0.00616829703 0.0556213968
v -0.0147602549 0.00598436594 0.0553206615
v -0.0151262572 -0.00681807566 0.0534868464
v -0.0147602549 -0.00598440971 0.0553206541
v -0.0168174636 -0.00616834173 0.0556213893
v -0.0151262572 -0.00681807566 0.0534868464
v -0.0168174636 -0.00616834173 0.0556213893
v -0.0176029559 -0.00712150801 0.0540682785
v -0.0151262572 0.00681803282 0.0534868538
v -0.0147602549 0.00598436594 0.0553206615
v -0.0130258277 0.00574618997 0.0547206514
v -0.0151262572 0.00681803282 0.0534868538
v -0.0130258277 0.00574618997 0.0547206514
v -0.0125318663 0.00599821005 0.0529276915
v -0.0151262572 -0.00681807566 0.0534868464
v -0.0125318663 -0.00599825196 0.052927684
v -0.0130258277 -0.00574623374 0.0547206439
v -0.0151262572 -0.00681807566 0.0534868464
v -0.0130258277 -0.00574623374 0.0547206439
v -0.0147602549 -0.00598440971 0.0553206541
v -0.037036065 0.0059543862 0.0302792527
v -0.0341695249 0.00935053639 0.0286328532
v -0.0353244767 0.00867930055 0.0248097777
v -0.037036065 0.0059543862 0.0302792527
v -0.0353244767 0.00867930055 0.0248097777
v -0.0376476422 0.00544897979 0.0261007398
v -0.037036065 -0.00595441042 0.030279249
v -0.0376476422 -0.00544900028 0.0261007361
v -0.0353244767 -0.00867932104 0.0248097703
v -0.037036065 -0.00595441042 0.030279249
v -0.0353244767 -0.00867932104 0.0248097703
v -0.0341695249 -0.00935055874 0.0286328457
v -0.0341695249 0.00935053639 0.0286328532
v -0.0305180829 0.0111702885 0.0267538708
v -0.0318347253 0.0102777146 0.0232721325
v -0.0341695249 0.00935053639 0.0286328532
v -0.0318347253 0.0102777146 0.0232721325
v -0.0353244767 0.00867930055 0.0248097777
v -0.0341695249 -0.00935055874 0.0286328457
v -0.0353244767 -0.00867932104 0.0248097703
v -0.0318347253 -0.0102777332 0.0232721251
v -0.0341695249 -0.00935055874 0.0286328457
v -0.0318347253 -0.0102777332 0.0232721251
v -0.0305180829 -0.011170309 0.0267538633
v -0.0269404724 -0.0114507983 0.0252069682
v -0.0305180829 -0.011170309 0.0267538633
v -0.0318347253 -0.0102777332 0.0232721251
v -0.0269404724 -0.0114507983 0.0252069682
v -0.0318347253 -0.0102777332 0.0232721251
v -0.0284612104 -0.0101672178 0.0216128025
v -0.0269404724 0.0114507778 0.0252069756
v -0.0284612104 0.010167201 0.02161281
v -0.0318347253 0.0102777146 0.0232721325
v -0.0269404724 0.0114507778 0.0252069756
v -0.0318347253 0.0102777146 0.0232721325
v -0.0305180829 0.0111702885 0.0267538708
v -0.0284612104 0.010167201 0.02161281
v -0.0269404724 0.0114507778 0.0252069756
v -0.0238850769 0.00980277918 0.0229137857
v -0.0284612104 0.010167201 0.02161281
v -0.0238850769 0.00980277918 0.0229137857
v -0.0250856001 0.00828210916 0.0197444428
v -0.0209254436 0.00602532597 0.0214149598
v -0.0230786987 0.005235733 0.0186174382
v -0.0250856001 0.00828210916 0.0197444428
v -0.0209254436 0.00602532597 0.0214149598
v -0.0250856001 0.00828210916 0.0197444428
v -0.0238850769 0.00980277918 0.0229137857
v -0.0209254436 0.00602532597 0.0214149598
v -0.0202136803 0.0019964017 0.020653313
v -0.0221891534 0.00187400915 0.0180916935
v -0.0209254436 0.00602532597 0.0214149598
v -0.0221891534 0.00187400915 0.0180916935
v -0.0230786987 0.005235733 0.0186174382
v -0.0202136803 0.0019964017 0.020653313
v -0.0202136803 -0.001996418 0.020653313
v -0.0221891534 -0.00187402358 0.0180916935
v -0.0202136803 0.0019964017 0.020653313
v -0.0221891534 -0.00187402358 0.0180916935
v -0.0221891534 0.00187400915 0.0180916935
v -0.0209254436 -0.00602534274 0.0214149561
v -0.0230786987 -0.0052357479 0.0186174344
v -0.0221891534 -0.00187402358 0.0180916935
v -0.0209254436 -0.00602534274 0.0214149561
v -0.0221891534 -0.00187402358 0.0180916935
v -0.0202136803 -0.001996418 0.020653313
v -0.0209254436 -0.00602534274 0.0214149561
v -0.0238850769 -0.00980279781 0.0229137782
v -0.0250856001 -0.00828212406 0.0197444353
v -0.0209254436 -0.00602534274 0.0214149561
v -0.0250856001 -0.00828212406 0.0197444353
v -0.0230786987 -0.0052357479 0.0186174344
v -0.0284612104 -0.0101672178 0.0216128025
v -0.0250856001 -0.00828212406 0.0197444353
v -0.0238850769 -0.00980279781 0.0229137782
v -0.0284612104 -0.0101672178 0.0216128025
v -0.0238850769 -0.00980279781 0.0229137782
v -0.0269404724 -0.0114507983 0.0252069682
v -0.0361243077 0.00618790276 0.0343517289
v -0.0370639712 0.00209165318 0.0348841585
v -0.0361384787 0.00203306624 0.0383543484
v -0.0361243077 0.00618790276 0.0343517289
v -0.0361384787 0.00203306624 0.0383543484
v -0.0351524018 0.00585549697 0.0385404006
v -0.0370639712 0.00209165318 0.0348841585
v -0.0361243077 0.00618790276 0.0343517289
v -0.037036065 0.0059543862 0.0302792527
v -0.0370639712 0.00209165318 0.0348841585
v -0.037036065 0.0059543862 0.0302792527
v -0.0380376764 0.00199970696 0.0306000244
v -0.0361243077 -0.00618792977 0.0343517214
v -0.0351524018 -0.00585552771 0.0385403931
v -0.0361384787 -0.00203309697 0.0383543484
v -0.0361243077 -0.00618792977 0.0343517214
v -0.0361384787 -0.00203309697 0.0383543484
v -0.0370639712 -0.00209168112 0.0348841585
v -0.0370639712 -0.00209168112 0.0348841585
v -0.0380376764 -0.00199973164 0.0306000244
v -0.037036065 -0.00595441042 0.030279249
v -0.0370639712 -0.00209168112 0.0348841585
v -0.037036065 -0.00595441042 0.030279249
v -0.0361243077 -0.00618792977 0.0343517214
v -0.0370639712 -0.00209168112 0.0348841585
v -0.0361384787 -0.00203309697 0.0383543484
v -0.0361384787 0.00203306624 0.0383543484
v -0.0370639712 -0.00209168112 0.0348841585
v -0.0361384787 0.00203306624 0.0383543484
v -0.0370639712 0.00209165318 0.0348841585
v -0.0370639712 0.00209165318 0.0348841585
v -0.0380376764 0.00199970696 0.0306000244
v -0.0380376764 -0.00199973164 0.0306000244
v -0.0370639712 0.00209165318 0.0348841585
v -0.0380376764 -0.00199973164 0.0306000244
v -0.0370639712 -0.00209168112 0.0348841585
v -0.0209254436 0.00602532597 0.0214149598
v -0.0187186971 0.0059503112 0.0226060599
v -0.0188139416 0.0020624504 0.0217487998
v -0.0209254436 0.00602532597 0.0214149598
v -0.0188139416 0.0020624504 0.0217487998
v -0.0202136803 0.0019964017 0.020653313
v -0.0209254436 -0.00602534274 0.0214149561
v -0.0202136803 -0.001996418 0.020653313
v -0.0188139416 -0.00206246763 0.0217487998
v -0.0209254436 -0.00602534274 0.0214149561
v -0.0188139416 -0.00206246763 0.0217487998
v -0.0187186971 -0.00595032889 0.0226060562
v -0.0168005992 0.00657171709 0.0224280376
v -0.017319398 0.00244415994 0.0215532295
v -0.0188139416 0.0020624504 0.0217487998
v -0.0168005992 0.00657171709 0.0224280376
v -0.0188139416 0.0020624504 0.0217487998
v -0.0187186971 0.0059503112 0.0226060599
v -0.0168005992 -0.00657173479 0.0224280339
v -0.0187186971 -0.00595032889 0.0226060562
v -0.0188139416 -0.00206246763 0.0217487998
v -0.0168005992 -0.00657173479 0.0224280339
v -0.0188139416 -0.00206246763 0.0217487998
v -0.017319398 -0.00244417717 0.0215532258
v -0.0175770111 0.0102697052 0.0252037514
v -0.0156151522 0.0103913769 0.0245700106
v -0.0168005992 0.00657171709 0.0224280376
v -0.0175770111 0.0102697052 0.0252037514
v -0.0168005992 0.00657171709 0.0224280376
v -0.0187186971 0.0059503112 0.0226060599
v -0.0175770111 -0.0102697257 0.0252037439
v -0.0187186971 -0.00595032889 0.0226060562
v -0.0168005992 -0.00657173479 0.0224280339
v -0.0175770111 -0.0102697257 0.0252037439
v -0.0168005992 -0.00657173479 0.0224280339
v -0.0156151522 -0.0103913974 0.0245700032
v -0.0163137279 0.0126498165 0.028994631
v -0.0140647925 0.012876004 0.0278555937
v -0.0156151522 0.0103913769 0.0245700106
v -0.0163137279 0.0126498165 0.028994631
v -0.0156151522 0.0103913769 0.0245700106
v -0.0175770111 0.0102697052 0.0252037514
v -0.0163137279 -0.0126498388 0.0289946198
v -0.0175770111 -0.0102697257 0.0252037439
v -0.0156151522 -0.0103913974 0.0245700032
v -0.0163137279 -0.0126498388 0.0289946198
v -0.0156151522 -0.0103913974 0.0245700032
v -0.0140647925 -0.0128760263 0.0278555825
v -0.0126513848 0.0139764631 0.0321573652
v -0.0140647925 0.012876004 0.0278555937
v -0.0163137279 0.0126498165 0.028994631
v -0.0126513848 0.0139764631 0.0321573652
v -0.0163137279 0.0126498165 0.028994631
v -0.015037314 0.0138553046 0.0332145691
v -0.0126513848 -0.0139764892 0.0321573578
v -0.015037314 -0.0138553306 0.0332145616
v -0.0163137279 -0.0126498388 0.0289946198
v -0.0126513848 -0.0139764892 0.0321573578
v -0.0163137279 -0.0126498388 0.0289946198
v -0.0140647925 -0.0128760263 0.0278555825
v -0.015037314 0.0138553046 0.0332145691
v -0.0135430153 0.0143402405 0.0377106369
v -0.0112842452 0.0143262614 0.0364217646
v -0.015037314 0.0138553046 0.0332145691
v -0.0112842452 0.0143262614 0.0364217646
v -0.0126513848 0.0139764631 0.0321573652
v -0.015037314 -0.0138553306 0.0332145616
v -0.0126513848 -0.0139764892 0.0321573578
v -0.0112842452 -0.0143262912 0.0364217497
v -0.015037314 -0.0138553306 0.0332145616
v -0.0112842452 -0.0143262912 0.0364217497
v -0.0135430153 -0.0143402703 0.037710622
v -0.00930761825 0.00991311204 0.0479249954
v -0.00702970708 0.00971197896 0.0465035699
v -0.0081347432 0.0124146007 0.0440254398
v -0.00930761825 0.00991311204 0.0479249954
v -0.0081347432 0.0124146007 0.0440254398
v -0.0105858352 0.0126840286 0.04494223
v -0.00930761825 -0.00991315115 0.047924988
v -0.0105858352 -0.012684064 0.0449422225
v -0.00828036573 -0.0125705618 0.0438279621
v -0.00930761825 -0.00991315115 0.047924988
v -0.00828036573 -0.0125705618 0.0438279621
v -0.00702970708 -0.00971201621 0.0465035625
v -0.00581684243 0.0056370995 0.0488287769
v -0.00702970708 0.00971197896 0.0465035699
v -0.00930761825 0.00991311204 0.0479249954
v -0.00581684243 0.0056370995 0.0488287769
v -0.00930761825 0.00991311204 0.0479249954
v -0.00833552796 0.00618684758 0.0502445176
v -0.00581684243 -0.00563713862 0.0488287695
v -0.00833552796 -0.00618688762 0.0502445102
v -0.00930761825 -0.00991315115 0.047924988
v -0.00581684243 -0.00563713862 0.0488287695
v -0.00930761825 -0.00991315115 0.047924988
v -0.00702970708 -0.00971201621 0.0465035625
v -0.0209254436 0.00602532597 0.0214149598
v -0.0238850769 0.00980277918 0.0229137857
v -0.0225674398 0.0116191451 0.0270815641
v -0.0209254436 0.00602532597 0.0214149598
v -0.0225674398 0.0116191451 0.0270815641
v -0.01992549 0.0107470565 0.0258975979
v -0.0209254436 -0.00602534274 0.0214149561
v -0.01992549 -0.0107470769 0.0258975904
v -0.0225674398 -0.0116191674 0.0270815566
v -0.0209254436 -0.00602534274 0.0214149561
v -0.0225674398 -0.0116191674 0.0270815566
v -0.0238850769 -0.00980279781 0.0229137782
v -0.01992549 0.0107470565 0.0258975979
v -0.0175770111 0.0102697052 0.0252037514
v -0.0187186971 0.0059503112 0.0226060599
v -0.01992549 0.0107470565 0.0258975979
v -0.0187186971 0.0059503112 0.0226060599
v -0.0209254436 0.00602532597 0.0214149598
v -0.01992549 -0.0107470769 0.0258975904
v -0.0209254436 -0.00602534274 0.0214149561
v -0.0187186971 -0.00595032889 0.0226060562
v -0.01992549 -0.0107470769 0.0258975904
v -0.0187186971 -0.00595032889 0.0226060562
v -0.0175770111 -0.0102697257 0.0252037439
v -0.0341695249 0.00935053639 0.0286328532
v -0.037036065 0.0059543862 0.0302792527
v -0.0361243077 0.00618790276 0.0343517289
v -0.0341695249 0.00935053639 0.0286328532
v -0.0361243077 0.00618790276 0.0343517289
v -0.0334002413 0.0095173046 0.0335947759
v -0.0341695249 -0.00935055874 0.0286328457
v -0.0334002413 -0.00951733068 0.0335947685
v -0.0361243077 -0.00618792977 0.0343517214
v -0.0341695249 -0.00935055874 0.0286328457
v -0.0361243077 -0.00618792977 0.0343517214
v -0.037036065 -0.00595441042 0.030279249
v -0.0293662231 0.0116933547 0.032491602
v -0.0305180829 0.0111702885 0.0267538708
v -0.0341695249 0.00935053639 0.0286328532
v -0.0293662231 0.0116933547 0.032491602
v -0.0341695249 0.00935053639 0.0286328532
v -0.0334002413 0.0095173046 0.0335947759
v -0.0293662231 -0.0116933808 0.0324915946
v -0.0334002413 -0.00951733068 0.0335947685
v -0.0341695249 -0.00935055874 0.0286328457
v -0.0293662231 -0.0116933808 0.0324915946
v -0.0341695249 -0.00935055874 0.0286328457
v -0.0305180829 -0.011170309 0.0267538633
v -0.0293662231 0.0116933547 0.032491602
v -0.0255591441 0.0124184862 0.0291952826
v -0.0269404724 0.0114507778 0.0252069756
v -0.0293662231 0.0116933547 0.032491602
v -0.0269404724 0.0114507778 0.0252069756
v -0.0305180829 0.0111702885 0.0267538708
v -0.0293662231 -0.0116933808 0.0324915946
v -0.0305180829 -0.011170309 0.0267538633
v -0.0269404724 -0.0114507983 0.0252069682
v -0.0293662231 -0.0116933808 0.0324915946
v -0.0269404724 -0.0114507983 0.0252069682
v -0.0255591441 -0.0124185104 0.0291952714
v -0.0238850769 0.00980277918 0.0229137857
v -0.0269404724 0.0114507778 0.0252069756
v -0.0255591441 0.0124184862 0.0291952826
v -0.0238850769 0.00980277918 0.0229137857
v -0.0255591441 0.0124184862 0.0291952826
v -0.0225674398 0.0116191451 0.0270815641
v -0.0238850769 -0.00980279781 0.0229137782
v -0.0225674398 -0.0116191674 0.0270815566
v -0.0255591441 -0.0124185104 0.0291952714
v -0.0238850769 -0.00980279781 0.0229137782
v -0.0255591441 -0.0124185104 0.0291952714
v -0.0269404724 -0.0114507983 0.0252069682
v -0.0188934151 0.0126924952 0.030030448
v -0.0163137279 0.0126498165 0.028994631
v -0.0175770111 0.0102697052 0.0252037514
v -0.0188934151 0.0126924952 0.030030448
v -0.0175770111 0.0102697052 0.0252037514
v -0.01992549 0.0107470565 0.0258975979
v -0.0188934151 -0.0126925195 0.0300304368
v -0.01992549 -0.0107470769 0.0258975904
v -0.0175770111 -0.0102697257 0.0252037439
v -0.0188934151 -0.0126925195 0.0300304368
v -0.0175770111 -0.0102697257 0.0252037439
v -0.0163137279 -0.0126498388 0.0289946198
v -0.0326971337 0.00954244565 0.0380333364
v -0.0334002413 0.0095173046 0.0335947759
v -0.0361243077 0.00618790276 0.0343517289
v -0.0326971337 0.00954244565 0.0380333364
v -0.0361243077 0.00618790276 0.0343517289
v -0.0351524018 0.00585549697 0.0385404006
v -0.0326971337 -0.00954247545 0.038033329
v -0.0351524018 -0.00585552771 0.0385403931
v -0.0361243077 -0.00618792977 0.0343517214
v -0.0326971337 -0.00954247545 0.038033329
v -0.0361243077 -0.00618792977 0.0343517214
v -0.0334002413 -0.00951733068 0.0335947685
v -0.034300413 0.00517180655 0.0438211448
v -0.0318327658 0.00920815673 0.0432457365
v -0.0326971337 0.00954244565 0.0380333364
v -0.034300413 0.00517180655 0.0438211448
v -0.0326971337 0.00954244565 0.0380333364
v -0.0351524018 0.00585549697 0.0385404006
v -0.034300413 -0.00517184194 0.0438211374
v -0.0351524018 -0.00585552771 0.0385403931
v -0.0326971337 -0.00954247545 0.038033329
v -0.034300413 -0.00517184194 0.0438211374
v -0.0326971337 -0.00954247545 0.038033329
v -0.0318327658 -0.00920819212 0.0432457291
v -0.0318327658 0.00920815673 0.0432457365
v -0.034300413 0.00517180655 0.0438211448
v -0.033019498 0.00607267162 0.0472999178
v -0.0318327658 0.00920815673 0.0432457365
v -0.033019498 0.00607267162 0.0472999178
v -0.0308720507 0.00829418935 0.0474949479
v -0.0318327658 -0.00920819212 0.0432457291
v -0.0308720507 -0.0082942266 0.0474949405
v -0.033019498 -0.0060727098 0.0472999103
v -0.0318327658 -0.00920819212 0.0432457291
v -0.033019498 -0.0060727098 0.0472999103
v -0.034300413 -0.00517184194 0.0438211374
v -0.0287853405 0.0111795403 0.043149136
v -0.0318327658 0.00920815673 0.0432457365
v -0.0308720507 0.00829418935 0.0474949479
v -0.0287853405 0.0111795403 0.043149136
v -0.0308720507 0.00829418935 0.0474949479
v -0.0283372458 0.010168897 0.0487022884
v -0.0287853405 -0.0111795757 0.0431491286
v -0.0283372458 -0.0101689361 0.048702281
v -0.0308720507 -0.0082942266 0.0474949405
v -0.0287853405 -0.0111795757 0.0431491286
v -0.0308720507 -0.0082942266 0.0474949405
v -0.0318327658 -0.00920819212 0.0432457291
v -0.0326971337 0.00954244565 0.0380333364
v -0.0318327658 0.00920815673 0.0432457365
v -0.0287853405 0.0111795403 0.043149136
v -0.0326971337 0.00954244565 0.0380333364
v -0.0287853405 0.0111795403 0.043149136
v -0.0290110167 0.0114131477 0.0385641903
v -0.0326971337 -0.00954247545 0.038033329
v -0.0290110167 -0.0114131793 0.0385641828
v -0.0287853405 -0.0111795757 0.0431491286
v -0.0326971337 -0.00954247545 0.038033329
v -0.0287853405 -0.0111795757 0.0431491286
v -0.0318327658 -0.00920819212 0.0432457291
v -0.0293662231 0.0116933547 0.032491602
v -0.0334002413 0.0095173046 0.0335947759
v -0.0326971337 0.00954244565 0.0380333364
v -0.0293662231 0.0116933547 0.032491602
v -0.0326971337 0.00954244565 0.0380333364
v -0.0290110167 0.0114131477 0.0385641903
v -0.0293662231 -0.0116933808 0.0324915946
v -0.0290110167 -0.0114131793 0.0385641828
v -0.0326971337 -0.00954247545 0.038033329
v -0.0293662231 -0.0116933808 0.0324915946
v -0.0326971337 -0.00954247545 0.038033329
v -0.0334002413 -0.00951733068 0.0335947685
v -0.0175780617 0.0138972336 0.0348375551
v -0.015037314 0.0138553046 0.0332145691
v -0.0163137279 0.0126498165 0.028994631
v -0.0175780617 0.0138972336 0.0348375551
v -0.0163137279 0.0126498165 0.028994631
v -0.0188934151 0.0126924952 0.030030448
v -0.0175780617 -0.0138972616 0.0348375477
v -0.0188934151 -0.0126925195 0.0300304368
v -0.0163137279 -0.0126498388 0.0289946198
v -0.0175780617 -0.0138972616 0.0348375477
v -0.0163137279 -0.0126498388 0.0289946198
v -0.015037314 -0.0138553306 0.0332145616
v -0.0135430153 0.0143402405 0.0377106369
v -0.015037314 0.0138553046 0.0332145691
v -0.0175780617 0.0138972336 0.0348375551
v -0.0135430153 0.0143402405 0.0377106369
v -0.0175780617 0.0138972336 0.0348375551
v -0.0164733604 0.0142798256 0.0390630215
v -0.0135430153 -0.0143402703 0.037710622
v -0.0164733604 -0.0142798573 0.0390630066
v -0.0175780617 -0.0138972616 0.0348375477
v -0.0135430153 -0.0143402703 0.037710622
v -0.0175780617 -0.0138972616 0.0348375477
v -0.015037314 -0.0138553306 0.0332145616
v -0.0120197572 0.010151037 0.0492483266
v -0.00930761825 0.00991311204 0.0479249954
v -0.0105858352 0.0126840286 0.04494223
v -0.0120197572 0.010151037 0.0492483266
v -0.0105858352 0.0126840286 0.04494223
v -0.013360464 0.012763557 0.0460388921
v -0.0120197572 -0.0101510761 0.0492483191
v -0.013360464 -0.0127635943 0.0460388847
v -0.0105858352 -0.012684064 0.0449422225
v -0.0120197572 -0.0101510761 0.0492483191
v -0.0105858352 -0.012684064 0.0449422225
v -0.00930761825 -0.00991315115 0.047924988
v -0.0120197572 0.010151037 0.0492483266
v -0.0106174853 0.00577139808 0.0514508076
v -0.00833552796 0.00618684758 0.0502445176
v -0.0120197572 0.010151037 0.0492483266
v -0.00833552796 0.00618684758 0.0502445176
v -0.00930761825 0.00991311204 0.0479249954
v -0.0120197572 -0.0101510761 0.0492483191
v -0.00930761825 -0.00991315115 0.047924988
v -0.00833552796 -0.00618688762 0.0502445102
v -0.0120197572 -0.0101510761 0.0492483191
v -0.00833552796 -0.00618688762 0.0502445102
v -0.0106174853 -0.00577143906 0.0514508002
v -0.0179710463 0.00947308633 0.0526146777
v -0.0176029559 0.00712146517 0.054068286
v -0.0151262572 0.00681803282 0.0534868538
v -0.0179710463 0.00947308633 0.0526146777
v -0.0151262572 0.00681803282 0.0534868538
v -0.0153079834 0.00912010763 0.0519158542
v -0.0179710463 -0.00947312918 0.0526146702
v -0.0153079834 -0.00912014861 0.0519158468
v -0.0151262572 -0.00681807566 0.0534868464
v -0.0179710463 -0.00947312918 0.0526146702
v -0.0151262572 -0.00681807566 0.0534868464
v -0.0176029559 -0.00712150801 0.0540682785
v -0.0125318663 0.00599821005 0.0529276915
v -0.0133059658 0.00849499088 0.051558882
v -0.0153079834 0.00912010763 0.0519158542
v -0.0125318663 0.00599821005 0.0529276915
v -0.0153079834 0.00912010763 0.0519158542
v -0.0151262572 0.00681803282 0.0534868538
v -0.0125318663 -0.00599825196 0.052927684
v -0.0151262572 -0.00681807566 0.0534868464
v -0.0153079834 -0.00912014861 0.0519158468
v -0.0125318663 -0.00599825196 0.052927684
v -0.0153079834 -0.00912014861 0.0519158468
v -0.0133059658 -0.00849503186 0.0515588745
v -0.0106174853 0.00577139808 0.0514508076
v -0.0120197572 0.010151037 0.0492483266
v -0.0133059658 0.00849499088 0.051558882
v -0.0106174853 0.00577139808 0.0514508076
v -0.0133059658 0.00849499088 0.051558882
v -0.0125318663 0.00599821005 0.0529276915
v -0.0106174853 -0.00577143906 0.0514508002
v -0.0125318663 -0.00599825196 0.052927684
v -0.0133059658 -0.00849503186 0.0515588745
v -0.0106174853 -0.00577143906 0.0514508002
v -0.0133059658 -0.00849503186 0.0515588745
v -0.0120197572 -0.0101510761 0.0492483191
v -0.0125318663 0.00599821005 0.0529276915
v -0.0130258277 0.00574618997 0.0547206514
v -0.0115450928 0.0053014881 0.0560817793
v -0.0125318663 0.00599821005 0.0529276915
v -0.0115450928 0.0053014881 0.0560817793
v -0.0110454904 0.00488655036 0.054766871
v -0.0125318663 -0.00599825196 0.052927684
v -0.0110454904 -0.00488659414 0.0547668636
v -0.0115450928 -0.0053015328 0.0560817719
v -0.0125318663 -0.00599825196 0.052927684
v -0.0115450928 -0.0053015328 0.0560817719
v -0.0130258277 -0.00574623374 0.0547206439
v -0.00919019245 0.00402227882 0.0564873926
v -0.0110454904 0.00488655036 0.054766871
v -0.0115450928 0.0053014881 0.0560817793
v -0.00919019245 0.00402227882 0.0564873926
v -0.0115450928 0.0053014881 0.0560817793
v -0.00978331175 0.00467569521 0.0578439124
v -0.00919019245 -0.00402232353 0.0564873926
v -0.00978331175 -0.00467574177 0.0578439049
v -0.0115450928 -0.0053015328 0.0560817719
v -0.00919019245 -0.00402232353 0.0564873926
v -0.0115450928 -0.0053015328 0.0560817719
v -0.0110454904 -0.00488659414 0.0547668636
v -0.00810208637 0.00342073548 0.0595550984
v -0.00807866082 0.00279687345 0.0576354824
v -0.00919019245 0.00402227882 0.0564873926
v -0.00810208637 0.00342073548 0.0595550984
v -0.00919019245 0.00402227882 0.0564873926
v -0.00978331175 0.00467569521 0.0578439124
v -0.00810208637 -0.00342078297 0.0595550984
v -0.00978331175 -0.00467574177 0.0578439049
v -0.00919019245 -0.00402232353 0.0564873926
v -0.00810208637 -0.00342078297 0.0595550984
v -0.00919019245 -0.00402232353 0.0564873926
v -0.00807866082 -0.00279691955 0.0576354824
v -0.00810208637 0.00342073548 0.0595550984
v -0.00716958102 0.0010859 0.0604471229
v -0.00701373629 0.000968173379 0.0586869381
v -0.00810208637 0.00342073548 0.0595550984
v -0.00701373629 0.000968173379 0.0586869381
v -0.00807866082 0.00279687345 0.0576354824
v -0.00810208637 -0.00342078297 0.0595550984
v -0.00807866082 -0.00279691955 0.0576354824
v -0.00701373629 -0.000968220294 0.0586869381
v -0.00810208637 -0.00342078297 0.0595550984
v -0.00701373629 -0.000968220294 0.0586869381
v -0.00716958102 -0.0010859482 0.0604471229
v -0.0131470347 0.00570529234 0.0576150641
v -0.0115450928 0.0053014881 0.0560817793
v -0.0130258277 0.00574618997 0.0547206514
v -0.0131470347 0.00570529234 0.0576150641
v -0.0130258277 0.00574618997 0.0547206514
v -0.0147602549 0.00598436594 0.0553206615
v -0.0131470347 -0.00570533797 0.0576150566
v -0.0147602549 -0.00598440971 0.0553206541
v -0.0130258277 -0.00574623374 0.0547206439
v -0.0131470347 -0.00570533797 0.0576150566
v -0.0130258277 -0.00574623374 0.0547206439
v -0.0115450928 -0.0053015328 0.0560817719
v -0.0115624508 0.00527682854 0.0595588274
v -0.00978331175 0.00467569521 0.0578439124
v -0.0115450928 0.0053014881 0.0560817793
v -0.0115624508 0.00527682854 0.0595588274
v -0.0115450928 0.0053014881 0.0560817793
v -0.0131470347 0.00570529234 0.0576150641
v -0.0115624508 -0.00527687604 0.05955882
v -0.0131470347 -0.00570533797 0.0576150566
v -0.0115450928 -0.0053015328 0.0560817719
v -0.0115624508 -0.00527687604 0.05955882
v -0.0115450928 -0.0053015328 0.0560817719
v -0.00978331175 -0.00467574177 0.0578439049
v -0.0115624508 0.00527682854 0.0595588274
v -0.00902601331 0.00369407865 0.061636921
v -0.00810208637 0.00342073548 0.0595550984
v -0.0115624508 0.00527682854 0.0595588274
v -0.00810208637 0.00342073548 0.0595550984
v -0.00978331175 0.00467569521 0.0578439124
v -0.0115624508 -0.00527687604 0.05955882
v -0.00978331175 -0.00467574177 0.0578439049
v -0.00810208637 -0.00342078297 0.0595550984
v -0.0115624508 -0.00527687604 0.05955882
v -0.00810208637 -0.00342078297 0.0595550984
v -0.00902601331 -0.00369412801 0.061636921
v -0.00902601331 0.00369407865 0.061636921
v -0.00789066404 0.00115194148 0.0624838099
v -0.00716958102 0.0010859 0.0604471229
v -0.00902601331 0.00369407865 0.061636921
v -0.00716958102 0.0010859 0.0604471229
v -0.00810208637 0.00342073548 0.0595550984
v -0.00902601331 -0.00369412801 0.061636921
v -0.00810208637 -0.00342078297 0.0595550984
v -0.00716958102 -0.0010859482 0.0604471229
v -0.00902601331 -0.00369412801 0.061636921
v -0.00716958102 -0.0010859482 0.0604471229
v -0.00789066404 -0.00115199131 0.0624838099
v -0.0155821787 0.00574752456 0.0582890026
v -0.0131470347 0.00570529234 0.0576150641
v -0.0147602549 0.00598436594 0.0553206615
v -0.0155821787 0.00574752456 0.0582890026
v -0.0147602549 0.00598436594 0.0553206615
v -0.0168174636 0.00616829703 0.0556213968
v -0.0155821787 -0.00574757112 0.0582889952
v -0.0168174636 -0.00616834173 0.0556213893
v -0.0147602549 -0.00598440971 0.0553206541
v -0.0155821787 -0.00574757112 0.0582889952
v -0.0147602549 -0.00598440971 0.0553206541
v -0.0131470347 -0.00570533797 0.0576150566
v -0.0155821787 0.00574752456 0.0582890026
v -0.0136282137 0.00489396136 0.0606046543
v -0.0115624508 0.00527682854 0.0595588274
v -0.0155821787 0.00574752456 0.0582890026
v -0.0115624508 0.00527682854 0.0595588274
v -0.0131470347 0.00570529234 0.0576150641
v -0.0155821787 -0.00574757112 0.0582889952
v -0.0131470347 -0.00570533797 0.0576150566
v -0.0115624508 -0.00527687604 0.05955882
v -0.0155821787 -0.00574757112 0.0582889952
v -0.0115624508 -0.00527687604 0.05955882
v -0.0136282137 -0.00489400979 0.0606046468
v -0.0136282137 0.00489396136 0.0606046543
v -0.0110331727 0.00322052115 0.0627291799
v -0.00902601331 0.00369407865 0.061636921
v -0.0136282137 0.00489396136 0.0606046543
v -0.00902601331 0.00369407865 0.061636921
v -0.0115624508 0.00527682854 0.0595588274
v -0.0136282137 -0.00489400979 0.0606046468
v -0.0115624508 -0.00527687604 0.05955882
v -0.00902601331 -0.00369412801 0.061636921
v -0.0136282137 -0.00489400979 0.0606046468
v -0.00902601331 -0.00369412801 0.061636921
v -0.0110331727 -0.00322057144 0.0627291799
v -0.00902601331 0.00369407865 0.061636921
v -0.0110331727 0.00322052115 0.0627291799
v -0.00998730119 0.00109374814 0.063662827
v -0.00902601331 0.00369407865 0.061636921
v -0.00998730119 0.00109374814 0.063662827
v -0.00789066404 0.00115194148 0.0624838099
v -0.00902601331 -0.00369412801 0.061636921
v -0.00789066404 -0.00115199131 0.0624838099
v -0.00998730119 -0.0010937989 0.063662827
v -0.00902601331 -0.00369412801 0.061636921
v -0.00998730119 -0.0010937989 0.063662827
v -0.0110331727 -0.00322057144 0.0627291799
v -0.0181438066 0.00533256307 0.0588843897
v -0.0155821787 0.00574752456 0.0582890026
v -0.0168174636 0.00616829703 0.0556213968
v -0.0181438066 0.00533256307 0.0588843897
v -0.0168174636 0.00616829703 0.0556213968
v -0.0192821026 0.00614111172 0.0559534542
v -0.0181438066 -0.00533261057 0.0588843822
v -0.0192821026 -0.00614115642 0.0559534468
v -0.0168174636 -0.00616834173 0.0556213893
v -0.0181438066 -0.00533261057 0.0588843822
v -0.0168174636 -0.00616834173 0.0556213893
v -0.0155821787 -0.00574757112 0.0582889952
v -0.0213722549 0.00438729813 0.0593206324
v -0.0181438066 0.00533256307 0.0588843897
v -0.0192821026 0.00614111172 0.0559534542
v -0.0213722549 0.00438729813 0.0593206324
v -0.0192821026 0.00614111172 0.0559534542
v -0.0218730513 0.00584565522 0.0561662018
v -0.0213722549 -0.00438734563 0.0593206324
v -0.0218730513 -0.00584569992 0.0561661944
v -0.0192821026 -0.00614115642 0.0559534468
v -0.0213722549 -0.00438734563 0.0593206324
v -0.0192821026 -0.00614115642 0.0559534468
v -0.0181438066 -0.00533261057 0.0588843822
v -0.0284913722 0.000760110503 0.0556926988
v -0.0273668263 0.000681316073 0.0579166003
v -0.0269918367 0.00199262984 0.0576160364
v -0.0284913722 0.000760110503 0.0556926988
v -0.0269918367 0.00199262984 0.0576160364
v -0.0279980041 0.00238436949 0.0554153658
v -0.0284913722 -0.000760154973 0.0556926988
v -0.0279980041 -0.00238441373 0.0554153658
v -0.0269918367 -0.00199267594 0.0576160364
v -0.0284913722 -0.000760154973 0.0556926988
v -0.0269918367 -0.00199267594 0.0576160364
v -0.0273668263 -0.000681362289 0.0579166003
v -0.0279980041 0.00238436949 0.0554153658
v -0.0269918367 0.00199262984 0.0576160364
v -0.025848167 0.00342054269 0.057251025
v -0.0279980041 0.00238436949 0.0554153658
v -0.025848167 0.00342054269 0.057251025
v -0.0266316123 0.0038972937 0.0554299913
v -0.0279980041 -0.00238441373 0.0554153658
v -0.0266316123 -0.00389733794 0.0554299913
v -0.025848167 -0.00342058833 0.057251025
v -0.0279980041 -0.00238441373 0.0554153658
v -0.025848167 -0.00342058833 0.057251025
v -0.0269918367 -0.00199267594 0.0576160364
v -0.02459196 0.00511474721 0.0559657402
v -0.0266316123 0.0038972937 0.0554299913
v -0.025848167 0.00342054269 0.057251025
v -0.02459196 0.00511474721 0.0559657402
v -0.025848167 0.00342054269 0.057251025
v -0.0241886452 0.00387256686 0.0584380701
v -0.02459196 -0.00511479191 0.0559657328
v -0.0241886452 -0.00387261342 0.0584380701
v -0.025848167 -0.00342058833 0.057251025
v -0.02459196 -0.00511479191 0.0559657328
v -0.025848167 -0.00342058833 0.057251025
v -0.0266316123 -0.00389733794 0.0554299913
v -0.0218730513 0.00584565522 0.0561662018
v -0.02459196 0.00511474721 0.0559657402
v -0.0241886452 0.00387256686 0.0584380701
v -0.0218730513 0.00584565522 0.0561662018
v -0.0241886452 0.00387256686 0.0584380701
v -0.0213722549 0.00438729813 0.0593206324
v -0.0218730513 -0.00584569992 0.0561661944
v -0.0213722549 -0.00438734563 0.0593206324
v -0.0241886452 -0.00387261342 0.0584380701
v -0.0218730513 -0.00584569992 0.0561661944
v -0.0241886452 -0.00387261342 0.0584380701
v -0.02459196 -0.00511479191 0.0559657328
v -0.0136282137 0.00489396136 0.0606046543
v -0.0155821787 0.00574752456 0.0582890026
v -0.0181438066 0.00533256307 0.0588843897
v -0.0136282137 0.00489396136 0.0606046543
v -0.0181438066 0.00533256307 0.0588843897
v -0.0166627299 0.00429669581 0.0609321333
v -0.0136282137 -0.00489400979 0.0606046468
v -0.0166627299 -0.00429674424 0.0609321333
v -0.0181438066 -0.00533261057 0.0588843822
v -0.0136282137 -0.00489400979 0.0606046468
v -0.0181438066 -0.00533261057 0.0588843822
v -0.0155821787 -0.00574757112 0.0582889952
v -0.0110331727 0.00322052115 0.0627291799
v -0.0136282137 0.00489396136 0.0606046543
v -0.0166627299 0.00429669581 0.0609321333
v -0.0110331727 0.00322052115 0.0627291799
v -0.0166627299 0.00429669581 0.0609321333
v -0.0147366896 0.00271288259 0.0630554035
v -0.0110331727 -0.00322057144 0.0627291799
v -0.0147366896 -0.00271293288 0.0630554035
v -0.0166627299 -0.00429674424 0.0609321333
v -0.0110331727 -0.00322057144 0.0627291799
v -0.0166627299 -0.00429674424 0.0609321333
v -0.0136282137 -0.00489400979 0.0606046468
v -0.00998730119 0.00109374814 0.063662827
v -0.0110331727 0.00322052115 0.0627291799
v -0.0147366896 0.00271288259 0.0630554035
v -0.00998730119 0.00109374814 0.063662827
v -0.0147366896 0.00271288259 0.0630554035
v -0.0141974529 0.000890278199 0.0641223192
v -0.00998730119 -0.0010937989 0.063662827
v -0.0141974529 -0.000890329422 0.0641223192
v -0.0147366896 -0.00271293288 0.0630554035
v -0.00998730119 -0.0010937989 0.063662827
v -0.0147366896 -0.00271293288 0.0630554035
v -0.0110331727 -0.00322057144 0.0627291799
v -0.0181438066 0.00533256307 0.0588843897
v -0.0213722549 0.00438729813 0.0593206324
v -0.0191663094 0.0039303489 0.0606484339
v -0.0181438066 0.00533256307 0.0588843897
v -0.0191663094 0.0039303489 0.0606484339
v -0.0166627299 0.00429669581 0.0609321333
v -0.0181438066 -0.00533261057 0.0588843822
v -0.0166627299 -0.00429674424 0.0609321333
v -0.0191663094 -0.00393039733 0.0606484339
v -0.0181438066 -0.00533261057 0.0588843822
v -0.0191663094 -0.00393039733 0.0606484339
v -0.0213722549 -0.00438734563 0.0593206324
v -0.0147366896 0.00271288259 0.0630554035
v -0.0166627299 0.00429669581 0.0609321333
v -0.0191663094 0.0039303489 0.0606484339
v -0.0147366896 0.00271288259 0.0630554035
v -0.0191663094 0.0039303489 0.0606484339
v -0.018824378 0.00235981378 0.0621974505
v -0.0147366896 -0.00271293288 0.0630554035
v -0.018824378 -0.0023598636 0.0621974505
v -0.0191663094 -0.00393039733 0.0606484339
v -0.0147366896 -0.00271293288 0.0630554035
v -0.0191663094 -0.00393039733 0.0606484339
v -0.0166627299 -0.00429674424 0.0609321333
v -0.0141974529 0.000890278199 0.0641223192
v -0.0147366896 0.00271288259 0.0630554035
v -0.018824378 0.00235981378 0.0621974505
v -0.0141974529 0.000890278199 0.0641223192
v -0.018824378 0.00235981378 0.0621974505
v -0.0187609885 0.000657033233 0.0630052686
v -0.0141974529 -0.000890329422 0.0641223192
v -0.0187609885 -0.000657083525 0.0630052686
v -0.018824378 -0.0023598636 0.0621974505
v -0.0141974529 -0.000890329422 0.0641223192
v -0.018824378 -0.0023598636 0.0621974505
v -0.0147366896 -0.00271293288 0.0630554035
v -0.0251953285 0.000621430983 0.0602647215
v -0.024721697 0.00203415798 0.0599271394
v -0.0269918367 0.00199262984 0.0576160364
v -0.0251953285 0.000621430983 0.0602647215
v -0.0269918367 0.00199262984 0.0576160364
v -0.0273668263 0.000681316073 0.0579166003
v -0.0251953285 -0.000621479179 0.0602647215
v -0.0273668263 -0.000681362289 0.0579166003
v -0.0269918367 -0.00199267594 0.0576160364
v -0.0251953285 -0.000621479179 0.0602647215
v -0.0269918367 -0.00199267594 0.0576160364
v -0.024721697 -0.00203420594 0.0599271394
v -0.024721697 0.00203415798 0.0599271394
v -0.0241886452 0.00387256686 0.0584380701
v -0.025848167 0.00342054269 0.057251025
v -0.024721697 0.00203415798 0.0599271394
v -0.025848167 0.00342054269 0.057251025
v -0.0269918367 0.00199262984 0.0576160364
v -0.024721697 -0.00203420594 0.0599271394
v -0.0269918367 -0.00199267594 0.0576160364
v -0.025848167 -0.00342058833 0.057251025
v -0.024721697 -0.00203420594 0.0599271394
v -0.025848167 -0.00342058833 0.057251025
v -0.0241886452 -0.00387261342 0.0584380701
v -0.0222483743 0.000559675274 0.0618183352
v -0.0218982007 0.00224181241 0.0612112731
v -0.024721697 0.00203415798 0.0599271394
v -0.0222483743 0.000559675274 0.0618183352
v -0.024721697 0.00203415798 0.0599271394
v -0.0251953285 0.000621430983 0.0602647215
v -0.0187609885 0.000657033233 0.0630052686
v -0.018824378 0.00235981378 0.0621974505
v -0.0218982007 0.00224181241 0.0612112731
v -0.0187609885 0.000657033233 0.0630052686
v -0.0218982007 0.00224181241 0.0612112731
v -0.0222483743 0.000559675274 0.0618183352
v -0.0187609885 -0.000657083525 0.0630052686
v -0.0222483743 -0.000559724635 0.0618183352
v -0.0218982007 -0.00224186131 0.0612112731
v -0.0187609885 -0.000657083525 0.0630052686
v -0.0218982007 -0.00224186131 0.0612112731
v -0.018824378 -0.0023598636 0.0621974505
v -0.0222483743 -0.000559724635 0.0618183352
v -0.0251953285 -0.000621479179 0.0602647215
v -0.024721697 -0.00203420594 0.0599271394
v -0.0222483743 -0.000559724635 0.0618183352
v -0.024721697 -0.00203420594 0.0599271394
v -0.0218982007 -0.00224186131 0.0612112731
v -0.0218982007 0.00224181241 0.0612112731
v -0.0213722549 0.00438729813 0.0593206324
v -0.0241886452 0.00387256686 0.0584380701
v -0.0218982007 0.00224181241 0.0612112731
v -0.0241886452 0.00387256686 0.0584380701
v -0.024721697 0.00203415798 0.0599271394
v -0.0218982007 -0.00224186131 0.0612112731
v -0.024721697 -0.00203420594 0.0599271394
v -0.0241886452 -0.00387261342 0.0584380701
v -0.0218982007 -0.00224186131 0.0612112731
v -0.0241886452 -0.00387261342 0.0584380701
v -0.0213722549 -0.00438734563 0.0593206324
v -0.0218982007 0.00224181241 0.0612112731
v -0.018824378 0.00235981378 0.0621974505
v -0.0191663094 0.0039303489 0.0606484339
v -0.0218982007 0.00224181241 0.0612112731
v -0.0191663094 0.0039303489 0.0606484339
v -0.0213722549 0.00438729813 0.0593206324
v -0.0218982007 -0.00224186131 0.0612112731
v -0.0213722549 -0.00438734563 0.0593206324
v -0.0191663094 -0.00393039733 0.0606484339
v -0.0218982007 -0.00224186131 0.0612112731
v -0.0191663094 -0.00393039733 0.0606484339
v -0.018824378 -0.0023598636 0.0621974505
v -0.00716958102 0.0010859 0.0604471229
v -0.00716958102 -0.0010859482 0.0604471229
v -0.00701373629 -0.000968220294 0.0586869381
v -0.00716958102 0.0010859 0.0604471229
v -0.00701373629 -0.000968220294 0.0586869381
v -0.00701373629 0.000968173379 0.0586869381
v -0.00789066404 0.00115194148 0.0624838099
v -0.00789066404 -0.00115199131 0.0624838099
v -0.00716958102 -0.0010859482 0.0604471229
v -0.00789066404 0.00115194148 0.0624838099
v -0.00716958102 -0.0010859482 0.0604471229
v -0.00716958102 0.0010859 0.0604471229
v -0.00789066404 -0.00115199131 0.0624838099
v -0.00789066404 0.00115194148 0.0624838099
v -0.00998730119 0.00109374814 0.063662827
v -0.00789066404 -0.00115199131 0.0624838099
v -0.00998730119 0.00109374814 0.063662827
v -0.00998730119 -0.0010937989 0.063662827
v -0.00998730119 -0.0010937989 0.063662827
v -0.00998730119 0.00109374814 0.063662827
v -0.0141974529 0.000890278199 0.0641223192
v -0.00998730119 -0.0010937989 0.063662827
v -0.0141974529 0.000890278199 0.0641223192
v -0.0141974529 -0.000890329422 0.0641223192
v -0.0141974529 -0.000890329422 0.0641223192
v -0.0141974529 0.000890278199 0.0641223192
v -0.0187609885 0.000657033233 0.0630052686
v -0.0141974529 -0.000890329422 0.0641223192
v -0.0187609885 0.000657033233 0.0630052686
v -0.0187609885 -0.000657083525 0.0630052686
v -0.0187609885 -0.000657083525 0.0630052686
v -0.0187609885 0.000657033233 0.0630052686
v -0.0222483743 0.000559675274 0.0618183352
v -0.0187609885 -0.000657083525 0.0630052686
v -0.0222483743 0.000559675274 0.0618183352
v -0.0222483743 -0.000559724635 0.0618183352
v -0.0251953285 0.000621430983 0.0602647215
v -0.0251953285 -0.000621479179 0.0602647215
v -0.0222483743 -0.000559724635 0.0618183352
v -0.0251953285 0.000621430983 0.0602647215
v -0.0222483743 -0.000559724635 0.0618183352
v -0.0222483743 0.000559675274 0.0618183352
v -0.0273668263 0.000681316073 0.0579166003
v -0.0273668263 -0.000681362289 0.0579166003
v -0.0251953285 -0.000621479179 0.0602647215
v -0.0273668263 0.000681316073 0.0579166003
v -0.0251953285 -0.000621479179 0.0602647215
v -0.0251953285 0.000621430983 0.0602647215
v -0.0284913722 0.000760110503 0.0556926988
v -0.0284913722 -0.000760154973 0.0556926988
v -0.0273668263 -0.000681362289 0.0579166003
v -0.0284913722 0.000760110503 0.0556926988
v -0.0273668263 -0.000681362289 0.0579166003
v -0.0273668263 0.000681316073 0.0579166003
v -0.0296149831 0.00087940658 0.0544559695
v -0.0296149831 -0.000879450119 0.0544559695
v -0.0284913722 -0.000760154973 0.0556926988
v -0.0296149831 0.00087940658 0.0544559695
v -0.0284913722 -0.000760154973 0.0556926988
v -0.0284913722 0.000760110503 0.0556926988
v -0.031012835 0.00141965121 0.0538200513
v -0.031012835 -0.00141969428 0.0538200513
v -0.0296149831 -0.000879450119 0.0544559695
v -0.031012835 0.00141965121 0.0538200513
v -0.0296149831 -0.000879450119 0.0544559695
v -0.0296149831 0.00087940658 0.0544559695
v -0.0179710463 0.00947308633 0.0526146777
v -0.0153079834 0.00912010763 0.0519158542
v -0.0151959853 0.0108402018 0.049904976
v -0.0179710463 0.00947308633 0.0526146777
v -0.0151959853 0.0108402018 0.049904976
v -0.0171918441 0.0110275 0.0503282435
v -0.0179710463 -0.00947312918 0.0526146702
v -0.0171918441 -0.011027541 0.0503282361
v -0.0151959853 -0.0108402409 0.0499049686
v -0.0179710463 -0.00947312918 0.0526146702
v -0.0151959853 -0.0108402409 0.0499049686
v -0.0153079834 -0.00912014861 0.0519158468
v -0.0120197572 0.010151037 0.0492483266
v -0.0151959853 0.0108402018 0.049904976
v -0.0153079834 0.00912010763 0.0519158542
v -0.0120197572 0.010151037 0.0492483266
v -0.0153079834 0.00912010763 0.0519158542
v -0.0133059658 0.00849499088 0.051558882
v -0.0120197572 -0.0101510761 0.0492483191
v -0.0133059658 -0.00849503186 0.0515588745
v -0.0153079834 -0.00912014861 0.0519158468
v -0.0120197572 -0.0101510761 0.0492483191
v -0.0153079834 -0.00912014861 0.0519158468
v -0.0151959853 -0.0108402409 0.0499049686
v -0.0168344472 0.0126771461 0.0473750718
v -0.0189534929 0.0126050813 0.0478469804
v -0.0171918441 0.0110275 0.0503282435
v -0.0168344472 0.0126771461 0.0473750718
v -0.0171918441 0.0110275 0.0503282435
v -0.0151959853 0.0108402018 0.049904976
v -0.0168344472 -0.0126771834 0.0473750643
v -0.0151959853 -0.0108402409 0.0499049686
v -0.0171918441 -0.011027541 0.0503282361
v -0.0168344472 -0.0126771834 0.0473750643
v -0.0171918441 -0.011027541 0.0503282361
v -0.0189534929 -0.0126051204 0.0478469729
v -0.013360464 0.012763557 0.0460388921
v -0.0168344472 0.0126771461 0.0473750718
v -0.0151959853 0.0108402018 0.049904976
v -0.013360464 0.012763557 0.0460388921
v -0.0151959853 0.0108402018 0.049904976
v -0.0120197572 0.010151037 0.0492483266
v -0.013360464 -0.0127635943 0.0460388847
v -0.0120197572 -0.0101510761 0.0492483191
v -0.0151959853 -0.0108402409 0.0499049686
v -0.013360464 -0.0127635943 0.0460388847
v -0.0151959853 -0.0108402409 0.0499049686
v -0.0168344472 -0.0126771834 0.0473750643
v -0.0106174853 0.00577139808 0.0514508076
v -0.0125318663 0.00599821005 0.0529276915
v -0.0110454904 0.00488655036 0.054766871
v -0.0106174853 0.00577139808 0.0514508076
v -0.0110454904 0.00488655036 0.054766871
v -0.00915535726 0.00575536443 0.0534225851
v -0.0106174853 -0.00577143906 0.0514508002
v -0.00915535726 -0.00575540727 0.0534225777
v -0.0110454904 -0.00488659414 0.0547668636
v -0.0106174853 -0.00577143906 0.0514508002
v -0.0110454904 -0.00488659414 0.0547668636
v -0.0125318663 -0.00599825196 0.052927684
v -0.0106174853 0.00577139808 0.0514508076
v -0.00915535726 0.00575536443 0.0534225851
v -0.00717703393 0.00618857611 0.0519217215
v -0.0106174853 0.00577139808 0.0514508076
v -0.00717703393 0.00618857611 0.0519217215
v -0.00833552796 0.00618684758 0.0502445176
v -0.0106174853 -0.00577143906 0.0514508002
v -0.00833552796 -0.00618688762 0.0502445102
v -0.00717703393 -0.00618861802 0.0519217141
v -0.0106174853 -0.00577143906 0.0514508002
v -0.00717703393 -0.00618861802 0.0519217141
v -0.00915535726 -0.00575540727 0.0534225777
v -0.00833552796 0.00618684758 0.0502445176
v -0.00717703393 0.00618857611 0.0519217215
v -0.00530406833 0.00565729802 0.0506521501
v -0.00833552796 0.00618684758 0.0502445176
v -0.00530406833 0.00565729802 0.0506521501
v -0.00581684243 0.0056370995 0.0488287769
v -0.00833552796 -0.00618688762 0.0502445102
v -0.00581684243 -0.00563713862 0.0488287695
v -0.00530406833 -0.00565733807 0.0506521426
v -0.00833552796 -0.00618688762 0.0502445102
v -0.00530406833 -0.00565733807 0.0506521426
v -0.00717703393 -0.00618861802 0.0519217141
v -0.00329358061 0.00479209144 0.0502108745
v -0.00581684243 0.0056370995 0.0488287769
v -0.00530406833 0.00565729802 0.0506521501
v -0.00329358061 0.00479209144 0.0502108745
v -0.00530406833 0.00565729802 0.0506521501
v -0.00338938064 0.00530169066 0.051797092
v -0.00329358061 -0.00479213148 0.0502108671
v -0.00338938064 -0.00530173164 0.0517970845
v -0.00530406833 -0.00565733807 0.0506521426
v -0.00329358061 -0.00479213148 0.0502108671
v -0.00530406833 -0.00565733807 0.0506521426
v -0.00581684243 -0.00563713862 0.0488287695
v 0.00208607991 0.00114352605 0.0550746843
v 0.00272074412 0.000844302354 0.0529370345
v 0.00164514862 0.0027406523 0.052395802
v 0.00208607991 0.00114352605 0.0550746843
v 0.00164514862 0.0027406523 0.052395802
v 0.00105238205 0.00310877897 0.0543232188
v 0.00208607991 -0.00114357006 0.0550746843
v 0.00105238205 -0.00310882227 0.0543232188
v 0.00164514862 -0.00274069421 0.052395802
v 0.00208607991 -0.00114357006 0.0550746843
v 0.00164514862 -0.00274069421 0.052395802
v 0.00272074412 -0.000844344613 0.0529370345
v -0.00915535726 0.00575536443 0.0534225851
v -0.0110454904 0.00488655036 0.054766871
v -0.00919019245 0.00402227882 0.0564873926
v -0.00915535726 0.00575536443 0.0534225851
v -0.00919019245 0.00402227882 0.0564873926
v -0.00711739343 0.00472198799 0.0560250282
v -0.00915535726 -0.00575540727 0.0534225777
v -0.00711739343 -0.0047220327 0.0560250208
v -0.00919019245 -0.00402232353 0.0564873926
v -0.00915535726 -0.00575540727 0.0534225777
v -0.00919019245 -0.00402232353 0.0564873926
v -0.0110454904 -0.00488659414 0.0547668636
v -0.00551810395 0.00306085194 0.0579677932
v -0.00711739343 0.00472198799 0.0560250282
v -0.00919019245 0.00402227882 0.0564873926
v -0.00551810395 0.00306085194 0.0579677932
v -0.00919019245 0.00402227882 0.0564873926
v -0.00807866082 0.00279687345 0.0576354824
v -0.00551810395 -0.00306089805 0.0579677932
v -0.00807866082 -0.00279691955 0.0576354824
v -0.00919019245 -0.00402232353 0.0564873926
v -0.00551810395 -0.00306089805 0.0579677932
v -0.00919019245 -0.00402232353 0.0564873926
v -0.00711739343 -0.0047220327 0.0560250208
v -0.00551810395 0.00306085194 0.0579677932
v -0.00807866082 0.00279687345 0.0576354824
v -0.00701373629 0.000968173379 0.0586869381
v -0.00551810395 0.00306085194 0.0579677932
v -0.00701373629 0.000968173379 0.0586869381
v -0.00482199667 0.00102245144 0.0591218658
v -0.00551810395 -0.00306089805 0.0579677932
v -0.00482199667 -0.00102249871 0.0591218658
v -0.00701373629 -0.000968220294 0.0586869381
v -0.00551810395 -0.00306089805 0.0579677932
v -0.00701373629 -0.000968220294 0.0586869381
v -0.00807866082 -0.00279691955 0.0576354824
v 0.00135204988 0.00114095584 0.0574583262
v 0.00208607991 0.00114352605 0.0550746843
v 0.00105238205 0.00310877897 0.0543232188
v 0.00135204988 0.00114095584 0.0574583262
v 0.00105238205 0.00310877897 0.0543232188
v -2.88902374e-05 0.00319674076 0.0564007238
v 0.00135204988 -0.0011410017 0.0574583262
v -2.88902374e-05 -0.00319678592 0.0564007238
v 0.00105238205 -0.00310882227 0.0543232188
v 0.00135204988 -0.0011410017 0.0574583262
v 0.00105238205 -0.00310882227 0.0543232188
v 0.00208607991 -0.00114357006 0.0550746843
v -0.00145888864 0.00106171728 0.0589059405
v 0.00135204988 0.00114095584 0.0574583262
v -2.88902374e-05 0.00319674076 0.0564007238
v -0.00145888864 0.00106171728 0.0589059405
v -2.88902374e-05 0.00319674076 0.0564007238
v -0.00251840614 0.00315153738 0.0576778352
v -0.00145888864 -0.00106176431 0.0589059405
v -0.00251840614 -0.00315158349 0.0576778352
v -2.88902374e-05 -0.00319678592 0.0564007238
v -0.00145888864 -0.00106176431 0.0589059405
v -2.88902374e-05 -0.00319678592 0.0564007238
v 0.00135204988 -0.0011410017 0.0574583262
v -0.00145888864 0.00106171728 0.0589059405
v -0.00251840614 0.00315153738 0.0576778352
v -0.00551810395 0.00306085194 0.0579677932
v -0.00145888864 0.00106171728 0.0589059405
v -0.00551810395 0.00306085194 0.0579677932
v -0.00482199667 0.00102245144 0.0591218658
v -0.00145888864 -0.00106176431 0.0589059405
v -0.00482199667 -0.00102249871 0.0591218658
v -0.00551810395 -0.00306089805 0.0579677932
v -0.00145888864 -0.00106176431 0.0589059405
v -0.00551810395 -0.00306089805 0.0579677932
v -0.00251840614 -0.00315158349 0.0576778352
v -0.00462764781 0.00521323783 0.0551602021
v -0.00717703393 0.00618857611 0.0519217215
v -0.00915535726 0.00575536443 0.0534225851
v -0.00462764781 0.00521323783 0.0551602021
v -0.00915535726 0.00575536443 0.0534225851
v -0.00711739343 0.00472198799 0.0560250282
v -0.00462764781 -0.00521328161 0.0551601946
v -0.00711739343 -0.0047220327 0.0560250208
v -0.00915535726 -0.00575540727 0.0534225777
v -0.00462764781 -0.00521328161 0.0551601946
v -0.00915535726 -0.00575540727 0.0534225777
v -0.00717703393 -0.00618861802 0.0519217141
v -0.00462764781 0.00521323783 0.0551602021
v -0.00338938064 0.00530169066 0.051797092
v -0.00530406833 0.00565729802 0.0506521501
v -0.00462764781 0.00521323783 0.0551602021
v -0.00530406833 0.00565729802 0.0506521501
v -0.00717703393 0.00618857611 0.0519217215
v -0.00462764781 -0.00521328161 0.0551601946
v -0.00717703393 -0.00618861802 0.0519217141
v -0.00530406833 -0.00565733807 0.0506521426
v -0.00462764781 -0.00521328161 0.0551601946
v -0.00530406833 -0.00565733807 0.0506521426
v -0.00338938064 -0.00530173164 0.0517970845
v -0.000830581703 0.00404639821 0.0513584688
v -0.00329358061 0.00479209144 0.0502108745
v -0.00338938064 0.00530169066 0.051797092
v -0.000830581703 0.00404639821 0.0513584688
v -0.00338938064 0.00530169066 0.051797092
v -0.00109569274 0.00466055702 0.0531230308
v 0.00164514862 0.0027406523 0.052395802
v -0.000830581703 0.00404639821 0.0513584688
v -0.00109569274 0.00466055702 0.0531230308
v 0.00164514862 0.0027406523 0.052395802
v -0.00109569274 0.00466055702 0.0531230308
v 0.00105238205 0.00310877897 0.0543232188
v 0.00164514862 -0.00274069421 0.052395802
v 0.00105238205 -0.00310882227 0.0543232188
v -0.00109569274 -0.00466059987 0.0531230308
v 0.00164514862 -0.00274069421 0.052395802
v -0.00109569274 -0.00466059987 0.0531230308
v -0.000830581703 -0.00404643919 0.0513584688
v -0.000830581703 -0.00404643919 0.0513584688
v -0.00109569274 -0.00466059987 0.0531230308
v -0.00338938064 -0.00530173164 0.0517970845
v -0.000830581703 -0.00404643919 0.0513584688
v -0.00338938064 -0.00530173164 0.0517970845
v -0.00329358061 -0.00479213148 0.0502108671
v -0.00462764781 0.00521323783 0.0551602021
v -0.00161158515 0.0046195481 0.0546956174
v -0.00109569274 0.00466055702 0.0531230308
v -0.00462764781 0.00521323783 0.0551602021
v -0.00109569274 0.00466055702 0.0531230308
v -0.00338938064 0.00530169066 0.051797092
v -0.00462764781 -0.00521328161 0.0551601946
v -0.00338938064 -0.00530173164 0.0517970845
v -0.00109569274 -0.00466059987 0.0531230308
v -0.00462764781 -0.00521328161 0.0551601946
v -0.00109569274 -0.00466059987 0.0531230308
v -0.00161158515 -0.00461959187 0.0546956174
v 0.00105238205 0.00310877897 0.0543232188
v -0.00109569274 0.00466055702 0.0531230308
v -0.00161158515 0.0046195481 0.0546956174
v 0.00105238205 0.00310877897 0.0543232188
v -0.00161158515 0.0046195481 0.0546956174
v -2.88902374e-05 0.00319674076 0.0564007238
v 0.00105238205 -0.00310882227 0.0543232188
v -2.88902374e-05 -0.00319678592 0.0564007238
v -0.00161158515 -0.00461959187 0.0546956174
v 0.00105238205 -0.00310882227 0.0543232188
v -0.00161158515 -0.00461959187 0.0546956174
v -0.00109569274 -0.00466059987 0.0531230308
v -0.00251840614 0.00315153738 0.0576778352
v -0.00462764781 0.00521323783 0.0551602021
v -0.00711739343 0.00472198799 0.0560250282
v -0.00251840614 0.00315153738 0.0576778352
v -0.00711739343 0.00472198799 0.0560250282
v -0.00551810395 0.00306085194 0.0579677932
v -0.00251840614 -0.00315158349 0.0576778352
v -0.00551810395 -0.00306089805 0.0579677932
v -0.00711739343 -0.0047220327 0.0560250208
v -0.00251840614 -0.00315158349 0.0576778352
v -0.00711739343 -0.0047220327 0.0560250208
v -0.00462764781 -0.00521328161 0.0551601946
v -0.00251840614 0.00315153738 0.0576778352
v -2.88902374e-05 0.00319674076 0.0564007238
v -0.00161158515 0.0046195481 0.0546956174
v -0.00251840614 0.00315153738 0.0576778352
v -0.00161158515 0.0046195481 0.0546956174
v -0.00462764781 0.00521323783 0.0551602021
v -0.00251840614 -0.00315158349 0.0576778352
v -0.00462764781 -0.00521328161 0.0551601946
v -0.00161158515 -0.00461959187 0.0546956174
v -0.00251840614 -0.00315158349 0.0576778352
v -0.00161158515 -0.00461959187 0.0546956174
v -2.88902374e-05 -0.00319678592 0.0564007238
v -0.0287853405 0.0111795403 0.043149136
v -0.0283372458 0.010168897 0.0487022884
v -0.0262018424 0.0121723376 0.0467666276
v -0.0287853405 0.0111795403 0.043149136
v -0.0262018424 0.0121723376 0.0467666276
v -0.026038982 0.012629752 0.0428066589
v -0.0287853405 -0.0111795757 0.0431491286
v -0.026038982 -0.0126297856 0.0428066514
v -0.0262018424 -0.0121723749 0.0467666201
v -0.0287853405 -0.0111795757 0.0431491286
v -0.0262018424 -0.0121723749 0.0467666201
v -0.0283372458 -0.0101689361 0.048702281
v -0.0226549506 0.0130021926 0.0465281233
v -0.0232763849 0.0135032674 0.0420039594
v -0.026038982 0.012629752 0.0428066589
v -0.0226549506 0.0130021926 0.0465281233
v -0.026038982 0.012629752 0.0428066589
v -0.0262018424 0.0121723376 0.0467666276
v -0.0226549506 -0.0130022299 0.0465281159
v -0.0262018424 -0.0121723749 0.0467666201
v -0.026038982 -0.0126297856 0.0428066514
v -0.0226549506 -0.0130022299 0.0465281159
v -0.026038982 -0.0126297856 0.0428066514
v -0.0232763849 -0.013503301 0.042003952
v -0.0287853405 0.0111795403 0.043149136
v -0.026038982 0.012629752 0.0428066589
v -0.0263154842 0.0128103122 0.0385707431
v -0.0287853405 0.0111795403 0.043149136
v -0.0263154842 0.0128103122 0.0385707431
v -0.0290110167 0.0114131477 0.0385641903
v -0.0287853405 -0.0111795757 0.0431491286
v -0.0290110167 -0.0114131793 0.0385641828
v -0.0263154842 -0.0128103439 0.0385707356
v -0.0287853405 -0.0111795757 0.0431491286
v -0.0263154842 -0.0128103439 0.0385707356
v -0.026038982 -0.0126297856 0.0428066514
v -0.0293662231 0.0116933547 0.032491602
v -0.0290110167 0.0114131477 0.0385641903
v -0.0263154842 0.0128103122 0.0385707431
v -0.0293662231 0.0116933547 0.032491602
v -0.0263154842 0.0128103122 0.0385707431
v -0.0264622048 0.0130311027 0.0346887559
v -0.0293662231 -0.0116933808 0.0324915946
v -0.0264622048 -0.0130311307 0.0346887484
v -0.0263154842 -0.0128103439 0.0385707356
v -0.0293662231 -0.0116933808 0.0324915946
v -0.0263154842 -0.0128103439 0.0385707356
v -0.0290110167 -0.0114131793 0.0385641828
v -0.0255591441 0.0124184862 0.0291952826
v -0.0293662231 0.0116933547 0.032491602
v -0.0264622048 0.0130311027 0.0346887559
v -0.0255591441 0.0124184862 0.0291952826
v -0.0264622048 0.0130311027 0.0346887559
v -0.0238815602 0.0132134641 0.0333617032
v -0.0255591441 -0.0124185104 0.0291952714
v -0.0238815602 -0.0132134901 0.0333616957
v -0.0264622048 -0.0130311307 0.0346887484
v -0.0255591441 -0.0124185104 0.0291952714
v -0.0264622048 -0.0130311307 0.0346887484
v -0.0293662231 -0.0116933808 0.0324915946
v -0.0225674398 0.0116191451 0.0270815641
v -0.0255591441 0.0124184862 0.0291952826
v -0.0238815602 0.0132134641 0.0333617032
v -0.0225674398 0.0116191451 0.0270815641
v -0.0238815602 0.0132134641 0.0333617032
v -0.0212300774 0.0130004026 0.0315424278
v -0.0225674398 -0.0116191674 0.0270815566
v -0.0212300774 -0.0130004287 0.0315424204
v -0.0238815602 -0.0132134901 0.0333616957
v -0.0225674398 -0.0116191674 0.0270815566
v -0.0238815602 -0.0132134901 0.0333616957
v -0.0255591441 -0.0124185104 0.0291952714
v -0.0225674398 0.0116191451 0.0270815641
v -0.0212300774 0.0130004026 0.0315424278
v -0.0188934151 0.0126924952 0.030030448
v -0.0225674398 0.0116191451 0.0270815641
v -0.0188934151 0.0126924952 0.030030448
v -0.01992549 0.0107470565 0.0258975979
v -0.0225674398 -0.0116191674 0.0270815566
v -0.01992549 -0.0107470769 0.0258975904
v -0.0188934151 -0.0126925195 0.0300304368
v -0.0225674398 -0.0116191674 0.0270815566
v -0.0188934151 -0.0126925195 0.0300304368
v -0.0212300774 -0.0130004287 0.0315424204
v -0.0175780617 0.0138972336 0.0348375551
v -0.0188934151 0.0126924952 0.030030448
v -0.0212300774 0.0130004026 0.0315424278
v -0.0175780617 0.0138972336 0.0348375551
v -0.0212300774 0.0130004026 0.0315424278
v -0.0200863332 0.0139099956 0.0362817235
v -0.0175780617 -0.0138972616 0.0348375477
v -0.0200863332 -0.0139100254 0.0362817161
v -0.0212300774 -0.0130004287 0.0315424204
v -0.0175780617 -0.0138972616 0.0348375477
v -0.0212300774 -0.0130004287 0.0315424204
v -0.0188934151 -0.0126925195 0.0300304368
v -0.0200863332 0.0139099956 0.0362817235
v -0.0212300774 0.0130004026 0.0315424278
v -0.0238815602 0.0132134641 0.0333617032
v -0.0200863332 0.0139099956 0.0362817235
v -0.0238815602 0.0132134641 0.0333617032
v -0.023493709 0.0135666924 0.0375993624
v -0.0200863332 -0.0139100254 0.0362817161
v -0.023493709 -0.0135667222 0.037599355
v -0.0238815602 -0.0132134901 0.0333616957
v -0.0200863332 -0.0139100254 0.0362817161
v -0.0238815602 -0.0132134901 0.0333616957
v -0.0212300774 -0.0130004287 0.0315424204
v -0.023493709 0.0135666924 0.0375993624
v -0.0238815602 0.0132134641 0.0333617032
v -0.0264622048 0.0130311027 0.0346887559
v -0.023493709 0.0135666924 0.0375993624
v -0.0264622048 0.0130311027 0.0346887559
v -0.0263154842 0.0128103122 0.0385707431
v -0.023493709 -0.0135667222 0.037599355
v -0.0263154842 -0.0128103439 0.0385707356
v -0.0264622048 -0.0130311307 0.0346887484
v -0.023493709 -0.0135667222 0.037599355
v -0.0264622048 -0.0130311307 0.0346887484
v -0.0238815602 -0.0132134901 0.0333616957
v -0.023493709 0.0135666924 0.0375993624
v -0.0263154842 0.0128103122 0.0385707431
v -0.026038982 0.012629752 0.0428066589
v -0.023493709 0.0135666924 0.0375993624
v -0.026038982 0.012629752 0.0428066589
v -0.0232763849 0.0135032674 0.0420039594
v -0.023493709 -0.0135667222 0.037599355
v -0.0232763849 -0.013503301 0.042003952
v -0.026038982 -0.0126297856 0.0428066514
v -0.023493709 -0.0135667222 0.037599355
v -0.026038982 -0.0126297856 0.0428066514
v -0.0263154842 -0.0128103439 0.0385707356
v -0.0164733604 0.0142798256 0.0390630215
v -0.0175780617 0.0138972336 0.0348375551
v -0.0200863332 0.0139099956 0.0362817235
v -0.0164733604 0.0142798256 0.0390630215
v -0.0200863332 0.0139099956 0.0362817235
v -0.019192148 0.0141764805 0.0405324921
v -0.0164733604 -0.0142798573 0.0390630066
v -0.019192148 -0.0141765121 0.0405324772
v -0.0200863332 -0.0139100254 0.0362817161
v -0.0164733604 -0.0142798573 0.0390630066
v -0.0200863332 -0.0139100254 0.0362817161
v -0.0175780617 -0.0138972616 0.0348375477
v -0.019192148 0.0141764805 0.0405324921
v -0.0200863332 0.0139099956 0.0362817235
v -0.023493709 0.0135666924 0.0375993624
v -0.019192148 0.0141764805 0.0405324921
v -0.023493709 0.0135666924 0.0375993624
v -0.0232763849 0.0135032674 0.0420039594
v -0.019192148 -0.0141765121 0.0405324772
v -0.0232763849 -0.013503301 0.042003952
v -0.023493709 -0.0135667222 0.037599355
v -0.019192148 -0.0141765121 0.0405324772
v -0.023493709 -0.0135667222 0.037599355
v -0.0200863332 -0.0139100254 0.0362817161
v -0.0181612223 0.0137954019 0.0441974811
v -0.0226549506 0.0130021926 0.0465281233
v -0.0189534929 0.0126050813 0.0478469804
v -0.0181612223 0.0137954019 0.0441974811
v -0.0189534929 0.0126050813 0.0478469804
v -0.0168344472 0.0126771461 0.0473750718
v -0.0181612223 -0.0137954373 0.0441974737
v -0.0168344472 -0.0126771834 0.0473750643
v -0.0189534929 -0.0126051204 0.0478469729
v -0.0181612223 -0.0137954373 0.0441974737
v -0.0189534929 -0.0126051204 0.0478469729
v -0.0226549506 -0.0130022299 0.0465281159
v -0.0226549506 0.0130021926 0.0465281233
v -0.0181612223 0.0137954019 0.0441974811
v -0.019192148 0.0141764805 0.0405324921
v -0.0226549506 0.0130021926 0.0465281233
v -0.019192148 0.0141764805 0.0405324921
v -0.0232763849 0.0135032674 0.0420039594
v -0.0226549506 -0.0130022299 0.0465281159
v -0.0232763849 -0.013503301 0.042003952
v -0.019192148 -0.0141765121 0.0405324772
v -0.0226549506 -0.0130022299 0.0465281159
v -0.019192148 -0.0141765121 0.0405324772
v -0.0181612223 -0.0137954373 0.0441974737
v -0.00961717311 0.0141847376 0.0401223265
v -0.0112842452 0.0143262614 0.0364217646
v -0.0135430153 0.0143402405 0.0377106369
v -0.00961717311 0.0141847376 0.0401223265
v -0.0135430153 0.0143402405 0.0377106369
v -0.0120738959 0.0141002899 0.0411761962
v -0.00961717311 0.0141847376 0.0401223265
v -0.0120738959 0.0141002899 0.0411761962
v -0.0105858352 0.0126840286 0.04494223
v -0.00961717311 0.0141847376 0.0401223265
v -0.0105858352 0.0126840286 0.04494223
v -0.0081347432 0.0124146007 0.0440254398
v -0.0121913869 -0.014101631 0.0412115902
v -0.00980468746 -0.0141205313 0.0401838757
v -0.00828036573 -0.0125705618 0.0438279621
v -0.0121913869 -0.014101631 0.0412115902
v -0.00828036573 -0.0125705618 0.0438279621
v -0.0105858352 -0.012684064 0.0449422225
v -0.00980468746 -0.0141205313 0.0401838757
v -0.0121913869 -0.014101631 0.0412115902
v -0.0135430153 -0.0143402703 0.037710622
v -0.00980468746 -0.0141205313 0.0401838757
v -0.0135430153 -0.0143402703 0.037710622
v -0.0112842452 -0.0143262912 0.0364217497
v -0.0164733604 0.0142798256 0.0390630215
v -0.0148083661 0.0139763346 0.0426649339
v -0.0120738959 0.0141002899 0.0411761962
v -0.0164733604 0.0142798256 0.0390630215
v -0.0120738959 0.0141002899 0.0411761962
v -0.0135430153 0.0143402405 0.0377106369
v -0.0120738959 0.0141002899 0.0411761962
v -0.0148083661 0.0139763346 0.0426649339
v -0.013360464 0.012763557 0.0460388921
v -0.0120738959 0.0141002899 0.0411761962
v -0.013360464 0.012763557 0.0460388921
v -0.0105858352 0.0126840286 0.04494223
v -0.0105858352 -0.012684064 0.0449422225
v -0.013360464 -0.0127635943 0.0460388847
v -0.0148083661 -0.0139763681 0.0426649265
v -0.0105858352 -0.012684064 0.0449422225
v -0.0148083661 -0.0139763681 0.0426649265
v -0.0121913869 -0.014101631 0.0412115902
v -0.0164733604 -0.0142798573 0.0390630066
v -0.0135430153 -0.0143402703 0.037710622
v -0.0121913869 -0.014101631 0.0412115902
v -0.0164733604 -0.0142798573 0.0390630066
v -0.0121913869 -0.014101631 0.0412115902
v -0.0148083661 -0.0139763681 0.0426649265
v -0.013360464 0.012763557 0.0460388921
v -0.0148083661 0.0139763346 0.0426649339
v -0.0181612223 0.0137954019 0.0441974811
v -0.013360464 0.012763557 0.0460388921
v -0.0181612223 0.0137954019 0.0441974811
v -0.0168344472 0.0126771461 0.0473750718
v -0.013360464 -0.0127635943 0.0460388847
v -0.0168344472 -0.0126771834 0.0473750643
v -0.0181612223 -0.0137954373 0.0441974737
v -0.013360464 -0.0127635943 0.0460388847
v -0.0181612223 -0.0137954373 0.0441974737
v -0.0148083661 -0.0139763681 0.0426649265
v -0.0148083661 0.0139763346 0.0426649339
v -0.0164733604 0.0142798256 0.0390630215
v -0.019192148 0.0141764805 0.0405324921
v -0.0148083661 0.0139763346 0.0426649339
v -0.019192148 0.0141764805 0.0405324921
v -0.0181612223 0.0137954019 0.0441974811
v -0.0148083661 -0.0139763681 0.0426649265
v -0.0181612223 -0.0137954373 0.0441974737
v -0.019192148 -0.0141765121 0.0405324772
v -0.0148083661 -0.0139763681 0.0426649265
v -0.019192148 -0.0141765121 0.0405324772
v -0.0164733604 -0.0142798573 0.0390630066
v -0.00581684243 0.0056370995 0.0488287769
v -0.00260144495 0.00614807475 0.0460880846
v -0.0040914393 0.00954813976 0.0447491854
v -0.00581684243 0.0056370995 0.0488287769
v -0.0040914393 0.00954813976 0.0447491854
v -0.00702970708 0.00971197896 0.0465035699
v -0.00581684243 -0.00563713862 0.0488287695
v -0.00702970708 -0.00971201621 0.0465035625
v -0.0040914393 -0.00954817515 0.044749178
v -0.00581684243 -0.00563713862 0.0488287695
v -0.0040914393 -0.00954817515 0.044749178
v -0.00295860693 -0.00656784 0.0461965092
v -0.0040914393 0.00954813976 0.0447491854
v -0.00260144495 0.00614807475 0.0460880846
v 0.000673860312 0.00629177177 0.0443459153
v -0.0040914393 0.00954813976 0.0447491854
v 0.000673860312 0.00629177177 0.0443459153
v -0.000265029346 0.00930635352 0.0426181257
v -0.000265029346 -0.00930638704 0.0426181182
v 0.000673860312 -0.00629180716 0.0443459079
v -0.00295860693 -0.00656784 0.0461965092
v -0.000265029346 -0.00930638704 0.0426181182
v -0.00295860693 -0.00656784 0.0461965092
v -0.0040914393 -0.00954817515 0.044749178
v -0.000265029346 0.00930635352 0.0426181257
v 0.000673860312 0.00629177177 0.0443459153
v 0.00447873678 0.00600889325 0.0430133641
v -0.000265029346 0.00930635352 0.0426181257
v 0.00447873678 0.00600889325 0.0430133641
v 0.00465046521 0.00887034647 0.0410119593
v -0.000265029346 -0.00930638704 0.0426181182
v 0.00465046521 -0.00887038 0.0410119519
v 0.00447873678 -0.00600892771 0.0430133566
v -0.000265029346 -0.00930638704 0.0426181182
v 0.00447873678 -0.00600892771 0.0430133566
v 0.000673860312 -0.00629180716 0.0443459079
v 0.0088228425 0.00804340001 0.0397854373
v 0.00465046521 0.00887034647 0.0410119593
v 0.00447873678 0.00600889325 0.0430133641
v 0.0088228425 0.00804340001 0.0397854373
v 0.00447873678 0.00600889325 0.0430133641
v 0.00728893746 0.00486544799 0.042187538
v 0.0088228425 -0.00804343168 0.0397854298
v 0.00728893746 -0.00486548152 0.0421875305
v 0.00447873678 -0.00600892771 0.0430133566
v 0.0088228425 -0.00804343168 0.0397854298
v 0.00447873678 -0.00600892771 0.0430133566
v 0.00465046521 -0.00887038 0.0410119519
v 0.0088228425 0.00804340001 0.0397854373
v 0.00728893746 0.00486544799 0.042187538
v 0.0094044283 0.00329410844 0.0418248959
v 0.0088228425 0.00804340001 0.0397854373
v 0.0094044283 0.00329410844 0.0418248959
v 0.0119927032 0.0042593698 0.0398836695
v 0.0088228425 -0.00804343168 0.0397854298
v 0.0119927032 -0.00425940147 0.0398836695
v 0.0094044283 -0.00329414196 0.0418248959
v 0.0088228425 -0.00804343168 0.0397854298
v 0.0094044283 -0.00329414196 0.0418248959
v 0.00728893746 -0.00486548152 0.0421875305
v 0.0119927032 0.0042593698 0.0398836695
v 0.0094044283 0.00329410844 0.0418248959
v 0.0104576964 0.00114169274 0.0416620336
v 0.0119927032 0.0042593698 0.0398836695
v 0.0104576964 0.00114169274 0.0416620336
v 0.0130780386 0.00119980157 0.0397978649
v 0.0119927032 -0.00425940147 0.0398836695
v 0.0130780386 -0.00119983347 0.0397978649
v 0.0104576964 -0.00114172604 0.0416620336
v 0.0119927032 -0.00425940147 0.0398836695
v 0.0104576964 -0.00114172604 0.0416620336
v 0.0094044283 -0.00329414196 0.0418248959
v 0.00944139902 0.003211617 0.0434193946
v 0.0103066405 0.00095231639 0.0431164429
v 0.0104576964 0.00114169274 0.0416620336
v 0.00944139902 0.003211617 0.0434193946
v 0.0104576964 0.00114169274 0.0416620336
v 0.0094044283 0.00329410844 0.0418248959
v 0.00944139902 -0.00321165146 0.0434193946
v 0.0094044283 -0.00329414196 0.0418248959
v 0.0104576964 -0.00114172604 0.0416620336
v 0.00944139902 -0.00321165146 0.0434193946
v 0.0104576964 -0.00114172604 0.0416620336
v 0.0103066405 -0.000952350849 0.0431164429
v 0.00728893746 0.00486544799 0.042187538
v 0.00795432553 0.00475271977 0.0437202528
v 0.00944139902 0.003211617 0.0434193946
v 0.00728893746 0.00486544799 0.042187538
v 0.00944139902 0.003211617 0.0434193946
v 0.0094044283 0.00329410844 0.0418248959
v 0.00728893746 -0.00486548152 0.0421875305
v 0.0094044283 -0.00329414196 0.0418248959
v 0.00944139902 -0.00321165146 0.0434193946
v 0.00728893746 -0.00486548152 0.0421875305
v 0.00944139902 -0.00321165146 0.0434193946
v 0.00795432553 -0.00475275517 0.0437202454
v 0.00447873678 0.00600889325 0.0430133641
v 0.00535950344 0.00571815576 0.044765953
v 0.00795432553 0.00475271977 0.0437202528
v 0.00447873678 0.00600889325 0.0430133641
v 0.00795432553 0.00475271977 0.0437202528
v 0.00728893746 0.00486544799 0.042187538
v 0.00447873678 -0.00600892771 0.0430133566
v 0.00728893746 -0.00486548152 0.0421875305
v 0.00795432553 -0.00475275517 0.0437202454
v 0.00447873678 -0.00600892771 0.0430133566
v 0.00795432553 -0.00475275517 0.0437202454
v 0.00535950344 -0.00571819115 0.0447659455
v 0.000673860312 0.00629177177 0.0443459153
v 0.00206022919 0.00567092979 0.0460955165
v 0.00535950344 0.00571815576 0.044765953
v 0.000673860312 0.00629177177 0.0443459153
v 0.00535950344 0.00571815576 0.044765953
v 0.00447873678 0.00600889325 0.0430133641
v 0.000673860312 -0.00629180716 0.0443459079
v 0.00447873678 -0.00600892771 0.0430133566
v 0.00535950344 -0.00571819115 0.0447659455
v 0.000673860312 -0.00629180716 0.0443459079
v 0.00535950344 -0.00571819115 0.0447659455
v 0.00206022919 -0.00567096705 0.0460955091
v 0.000673860312 0.00629177177 0.0443459153
v -0.00260144495 0.00614807475 0.0460880846
v -0.00111600908 0.0052693733 0.047699105
v 0.000673860312 0.00629177177 0.0443459153
v -0.00111600908 0.0052693733 0.047699105
v 0.00206022919 0.00567092979 0.0460955165
v 0.000673860312 -0.00629180716 0.0443459079
v 0.00206022919 -0.00567096705 0.0460955091
v -0.00111600908 -0.00526941149 0.0476990975
v 0.000673860312 -0.00629180716 0.0443459079
v -0.00111600908 -0.00526941149 0.0476990975
v -0.00295860693 -0.00656784 0.0461965092
v -0.00581684243 0.0056370995 0.0488287769
v -0.00329358061 0.00479209144 0.0502108745
v -0.00111600908 0.0052693733 0.047699105
v -0.00581684243 0.0056370995 0.0488287769
v -0.00111600908 0.0052693733 0.047699105
v -0.00260144495 0.00614807475 0.0460880846
v -0.00581684243 -0.00563713862 0.0488287695
v -0.00295860693 -0.00656784 0.0461965092
v -0.00111600908 -0.00526941149 0.0476990975
v -0.00581684243 -0.00563713862 0.0488287695
v -0.00111600908 -0.00526941149 0.0476990975
v -0.00329358061 -0.00479213148 0.0502108671
v 0.00208607991 0.00114352605 0.0550746843
v 0.00208607991 -0.00114357006 0.0550746843
v 0.00272074412 -0.000844344613 0.0529370345
v 0.00208607991 0.00114352605 0.0550746843
v 0.00272074412 -0.000844344613 0.0529370345
v 0.00272074412 0.000844302354 0.0529370345
v 0.00208607991 -0.00114357006 0.0550746843
v 0.00208607991 0.00114352605 0.0550746843
v 0.00135204988 0.00114095584 0.0574583262
v 0.00208607991 -0.00114357006 0.0550746843
v 0.00135204988 0.00114095584 0.0574583262
v 0.00135204988 -0.0011410017 0.0574583262
v 0.00135204988 -0.0011410017 0.0574583262
v 0.00135204988 0.00114095584 0.0574583262
v -0.00145888864 0.00106171728 0.0589059405
v 0.00135204988 -0.0011410017 0.0574583262
v -0.00145888864 0.00106171728 0.0589059405
v -0.00145888864 -0.00106176431 0.0589059405
v -0.00145888864 -0.00106176431 0.0589059405
v -0.00145888864 0.00106171728 0.0589059405
v -0.00482199667 0.00102245144 0.0591218658
v -0.00145888864 -0.00106176431 0.0589059405
v -0.00482199667 0.00102245144 0.0591218658
v -0.00482199667 -0.00102249871 0.0591218658
v -0.00482199667 -0.00102249871 0.0591218658
v -0.00482199667 0.00102245144 0.0591218658
v -0.00701373629 0.000968173379 0.0586869381
v -0.00482199667 -0.00102249871 0.0591218658
v -0.00701373629 0.000968173379 0.0586869381
v -0.00701373629 -0.000968220294 0.0586869381
v -0.00111600908 0.0052693733 0.047699105
v -0.00329358061 0.00479209144 0.0502108745
v -0.000830581703 0.00404639821 0.0513584688
v -0.00111600908 0.0052693733 0.047699105
v -0.000830581703 0.00404639821 0.0513584688
v 0.00143182219 0.00452914555 0.0495952293
v -0.00111600908 -0.00526941149 0.0476990975
v 0.00143182219 -0.00452918559 0.0495952293
v -0.000830581703 -0.00404643919 0.0513584688
v -0.00111600908 -0.00526941149 0.0476990975
v -0.000830581703 -0.00404643919 0.0513584688
v -0.00329358061 -0.00479213148 0.0502108671
v 0.00143182219 0.00452914555 0.0495952293
v -0.000830581703 0.00404639821 0.0513584688
v 0.00164514862 0.0027406523 0.052395802
v 0.00143182219 0.00452914555 0.0495952293
v 0.00164514862 0.0027406523 0.052395802
v 0.00370856584 0.00303109689 0.0510169379
v 0.00143182219 -0.00452918559 0.0495952293
v 0.00370856584 -0.00303113787 0.0510169379
v 0.00164514862 -0.00274069421 0.052395802
v 0.00143182219 -0.00452918559 0.0495952293
v 0.00164514862 -0.00274069421 0.052395802
v -0.000830581703 -0.00404643919 0.0513584688
v 0.00370856584 0.00303109689 0.0510169379
v 0.00164514862 0.0027406523 0.052395802
v 0.00272074412 0.000844302354 0.0529370345
v 0.00370856584 0.00303109689 0.0510169379
v 0.00272074412 0.000844302354 0.0529370345
v 0.0047375625 0.000879732019 0.0516961738
v 0.00370856584 -0.00303113787 0.0510169379
v 0.0047375625 -0.000879773346 0.0516961738
v 0.00272074412 -0.000844344613 0.0529370345
v 0.00370856584 -0.00303113787 0.0510169379
v 0.00272074412 -0.000844344613 0.0529370345
v 0.00164514862 -0.00274069421 0.052395802
v -0.00111600908 0.0052693733 0.047699105
v 0.00143182219 0.00452914555 0.0495952293
v 0.00409952831 0.00481639663 0.0480386987
v -0.00111600908 0.0052693733 0.047699105
v 0.00409952831 0.00481639663 0.0480386987
v 0.00206022919 0.00567092979 0.0460955165
v -0.00111600908 -0.00526941149 0.0476990975
v 0.00206022919 -0.00567096705 0.0460955091
v 0.00409952831 -0.00481643481 0.0480386913
v -0.00111600908 -0.00526941149 0.0476990975
v 0.00409952831 -0.00481643481 0.0480386913
v 0.00143182219 -0.00452918559 0.0495952293
v 0.00143182219 0.00452914555 0.0495952293
v 0.00370856584 0.00303109689 0.0510169379
v 0.00591857312 0.00317459856 0.0494193621
v 0.00143182219 0.00452914555 0.0495952293
v 0.00591857312 0.00317459856 0.0494193621
v 0.00409952831 0.00481639663 0.0480386987
v 0.00143182219 -0.00452918559 0.0495952293
v 0.00409952831 -0.00481643481 0.0480386913
v 0.00591857312 -0.00317463814 0.0494193621
v 0.00143182219 -0.00452918559 0.0495952293
v 0.00591857312 -0.00317463814 0.0494193621
v 0.00370856584 -0.00303113787 0.0510169379
v 0.00370856584 0.00303109689 0.0510169379
v 0.0047375625 0.000879732019 0.0516961738
v 0.0069298856 0.00103977101 0.0499704666
v 0.00370856584 0.00303109689 0.0510169379
v 0.0069298856 0.00103977101 0.0499704666
v 0.00591857312 0.00317459856 0.0494193621
v 0.00370856584 -0.00303113787 0.0510169379
v 0.00591857312 -0.00317463814 0.0494193621
v 0.0069298856 -0.00103981083 0.0499704666
v 0.00370856584 -0.00303113787 0.0510169379
v 0.0069298856 -0.00103981083 0.0499704666
v 0.0047375625 -0.000879773346 0.0516961738
v 0.00206022919 0.00567092979 0.0460955165
v 0.00409952831 0.00481639663 0.0480386987
v 0.00685131317 0.00492675463 0.0463390611
v 0.00206022919 0.00567092979 0.0460955165
v 0.00685131317 0.00492675463 0.0463390611
v 0.00535950344 0.00571815576 0.044765953
v 0.00206022919 -0.00567096705 0.0460955091
v 0.00535950344 -0.00571819115 0.0447659455
v 0.00685131317 -0.00492679188 0.0463390537
v 0.00206022919 -0.00567096705 0.0460955091
v 0.00685131317 -0.00492679188 0.0463390537
v 0.00409952831 -0.00481643481 0.0480386913
v 0.00535950344 0.00571815576 0.044765953
v 0.00685131317 0.00492675463 0.0463390611
v 0.00835687015 0.00467319926 0.0449775085
v 0.00535950344 0.00571815576 0.044765953
v 0.00835687015 0.00467319926 0.0449775085
v 0.00795432553 0.00475271977 0.0437202528
v 0.00535950344 -0.00571819115 0.0447659455
v 0.00795432553 -0.00475275517 0.0437202454
v 0.00835687015 -0.00467323558 0.044977501
v 0.00535950344 -0.00571819115 0.0447659455
v 0.00835687015 -0.00467323558 0.044977501
v 0.00685131317 -0.00492679188 0.0463390537
v 0.00944139902 0.003211617 0.0434193946
v 0.00795432553 0.00475271977 0.0437202528
v 0.00835687015 0.00467319926 0.0449775085
v 0.00944139902 0.003211617 0.0434193946
v 0.00835687015 0.00467319926 0.0449775085
v 0.00987920072 0.00319094653 0.045260869
v 0.00944139902 -0.00321165146 0.0434193946
v 0.00987920072 -0.00319098285 0.045260869
v 0.00835687015 -0.00467323558 0.044977501
v 0.00944139902 -0.00321165146 0.0434193946
v 0.00835687015 -0.00467323558 0.044977501
v 0.00795432553 -0.00475275517 0.0437202454
v 0.0103066405 0.00095231639 0.0431164429
v 0.00944139902 0.003211617 0.0434193946
v 0.00987920072 0.00319094653 0.045260869
v 0.0103066405 0.00095231639 0.0431164429
v 0.00987920072 0.00319094653 0.045260869
v 0.0105331 0.000982253347 0.0454554893
v 0.0103066405 -0.000952350849 0.0431164429
v 0.0105331 -0.000982289668 0.0454554893
v 0.00987920072 -0.00319098285 0.045260869
v 0.0103066405 -0.000952350849 0.0431164429
v 0.00987920072 -0.00319098285 0.045260869
v 0.00944139902 -0.00321165146 0.0434193946
v 0.00591857312 0.00317459856 0.0494193621
v 0.0069298856 0.00103977101 0.0499704666
v 0.00931806117 0.00109710847 0.0476831645
v 0.00591857312 0.00317459856 0.0494193621
v 0.00931806117 0.00109710847 0.0476831645
v 0.00859038066 0.00316759222 0.0474131703
v 0.00591857312 -0.00317463814 0.0494193621
v 0.00859038066 -0.00316762994 0.0474131703
v 0.00931806117 -0.00109714665 0.0476831645
v 0.00591857312 -0.00317463814 0.0494193621
v 0.00931806117 -0.00109714665 0.0476831645
v 0.0069298856 -0.00103981083 0.0499704666
v 0.0105331 0.000982253347 0.0454554893
v 0.00987920072 0.00319094653 0.045260869
v 0.00859038066 0.00316759222 0.0474131703
v 0.0105331 0.000982253347 0.0454554893
v 0.00859038066 0.00316759222 0.0474131703
v 0.00931806117 0.00109710847 0.0476831645
v 0.0105331 -0.000982289668 0.0454554893
v 0.00931806117 -0.00109714665 0.0476831645
v 0.00859038066 -0.00316762994 0.0474131703
v 0.0105331 -0.000982289668 0.0454554893
v 0.00859038066 -0.00316762994 0.0474131703
v 0.00987920072 -0.00319098285 0.045260869
v 0.00591857312 0.00317459856 0.0494193621
v 0.00859038066 0.00316759222 0.0474131703
v 0.00685131317 0.00492675463 0.0463390611
v 0.00591857312 0.00317459856 0.0494193621
v 0.00685131317 0.00492675463 0.0463390611
v 0.00409952831 0.00481639663 0.0480386987
v 0.00591857312 -0.00317463814 0.0494193621
v 0.00409952831 -0.00481643481 0.0480386913
v 0.00685131317 -0.00492679188 0.0463390537
v 0.00591857312 -0.00317463814 0.0494193621
v 0.00685131317 -0.00492679188 0.0463390537
v 0.00859038066 -0.00316762994 0.0474131703
v 0.00859038066 0.00316759222 0.0474131703
v 0.00987920072 0.00319094653 0.045260869
v 0.00835687015 0.00467319926 0.0449775085
v 0.00859038066 0.00316759222 0.0474131703
v 0.00835687015 0.00467319926 0.0449775085
v 0.00685131317 0.00492675463 0.0463390611
v 0.00859038066 -0.00316762994 0.0474131703
v 0.00685131317 -0.00492679188 0.0463390537
v 0.00835687015 -0.00467323558 0.044977501
v 0.00859038066 -0.00316762994 0.0474131703
v 0.00835687015 -0.00467323558 0.044977501
v 0.00987920072 -0.00319098285 0.045260869
v 0.0130780386 -0.00119983347 0.0397978649
v 0.0130780386 0.00119980157 0.0397978649
v 0.0104576964 0.00114169274 0.0416620336
v 0.0130780386 -0.00119983347 0.0397978649
v 0.0104576964 0.00114169274 0.0416620336
v 0.0104576964 -0.00114172604 0.0416620336
v 0.0104576964 -0.00114172604 0.0416620336
v 0.0104576964 0.00114169274 0.0416620336
v 0.0103066405 0.00095231639 0.0431164429
v 0.0104576964 -0.00114172604 0.0416620336
v 0.0103066405 0.00095231639 0.0431164429
v 0.0103066405 -0.000952350849 0.0431164429
v 0.0105331 0.000982253347 0.0454554893
v 0.0105331 -0.000982289668 0.0454554893
v 0.0103066405 -0.000952350849 0.0431164429
v 0.0105331 0.000982253347 0.0454554893
v 0.0103066405 -0.000952350849 0.0431164429
v 0.0103066405 0.00095231639 0.0431164429
v 0.00931806117 0.00109710847 0.0476831645
v 0.00931806117 -0.00109714665 0.0476831645
v 0.0105331 -0.000982289668 0.0454554893
v 0.00931806117 0.00109710847 0.0476831645
v 0.0105331 -0.000982289668 0.0454554893
v 0.0105331 0.000982253347 0.0454554893
v 0.00931806117 -0.00109714665 0.0476831645
v 0.00931806117 0.00109710847 0.0476831645
v 0.0069298856 0.00103977101 0.0499704666
v 0.00931806117 -0.00109714665 0.0476831645
v 0.0069298856 0.00103977101 0.0499704666
v 0.0069298856 -0.00103981083 0.0499704666
v 0.0069298856 -0.00103981083 0.0499704666
v 0.0069298856 0.00103977101 0.0499704666
v 0.0047375625 0.000879732019 0.0516961738
v 0.0069298856 -0.00103981083 0.0499704666
v 0.0047375625 0.000879732019 0.0516961738
v 0.0047375625 -0.000879773346 0.0516961738
v 0.0047375625 -0.000879773346 0.0516961738
v 0.0047375625 0.000879732019 0.0516961738
v 0.00272074412 0.000844302354 0.0529370345
v 0.0047375625 -0.000879773346 0.0516961738
v 0.00272074412 0.000844302354 0.0529370345
v 0.00272074412 -0.000844344613 0.0529370345
v -0.0261547752 0.0090319179 0.0547681339
v -0.0238867197 0.00933723431 0.0558475144
v -0.0246320292 0.0118700089 0.0576116554
v -0.0261547752 0.0090319179 0.0547681339
v -0.0246320292 0.0118700089 0.0576116554
v -0.0263246316 0.0118484823 0.0570894852
v -0.0261547752 -0.00903196074 0.0547681265
v -0.0263246316 -0.011848527 0.0570894778
v -0.0246320292 -0.0118700555 0.057611648
v -0.0261547752 -0.00903196074 0.0547681265
v -0.0246320292 -0.0118700555 0.057611648
v -0.0238867197 -0.00933727901 0.055847507
v -0.0246320292 0.0118700089 0.0576116554
v -0.0253769159 0.0150919389 0.0593568981
v -0.0263922792 0.0149357459 0.0587722287
v -0.0246320292 0.0118700089 0.0576116554
v -0.0263922792 0.0149357459 0.0587722287
v -0.0263246316 0.0118484823 0.0570894852
v -0.0246320292 -0.0118700555 0.057611648
v -0.0263246316 -0.011848527 0.0570894778
v -0.0263922792 -0.0149357924 0.0587722138
v -0.0246320292 -0.0118700555 0.057611648
v -0.0263922792 -0.0149357924 0.0587722138
v -0.0253769159 -0.0150919855 0.0593568832
v -0.0232537873 0.0135067459 0.0486344472
v -0.0261020847 0.0129541764 0.0490481406
v -0.0258716904 0.015044691 0.0505722873
v -0.0232537873 0.0135067459 0.0486344472
v -0.0258716904 0.015044691 0.0505722873
v -0.0243300833 0.0154157225 0.0505106933
v -0.0232537873 -0.013506785 0.0486344397
v -0.0243300833 -0.0154157635 0.0505106784
v -0.0258716904 -0.015044732 0.0505722724
v -0.0232537873 -0.013506785 0.0486344397
v -0.0258716904 -0.015044732 0.0505722724
v -0.0261020847 -0.0129542155 0.0490481332
v -0.0243300833 0.0154157225 0.0505106933
v -0.0258716904 0.015044691 0.0505722873
v -0.0263413619 0.0183043219 0.0527452789
v -0.0243300833 0.0154157225 0.0505106933
v -0.0263413619 0.0183043219 0.0527452789
v -0.0255488995 0.018626174 0.0524971746
v -0.0243300833 -0.0154157635 0.0505106784
v -0.0255488995 -0.0186262149 0.0524971597
v -0.0263413619 -0.0183043629 0.052745264
v -0.0243300833 -0.0154157635 0.0505106784
v -0.0263413619 -0.0183043629 0.052745264
v -0.0258716904 -0.015044732 0.0505722724
v -0.026667852 0.012421201 0.0551178157
v -0.0263246316 0.0118484823 0.0570894852
v -0.0263922792 0.0149357459 0.0587722287
v -0.026667852 0.012421201 0.0551178157
v -0.0263922792 0.0149357459 0.0587722287
v -0.0266727507 0.0154960938 0.0571155883
v -0.026667852 -0.0124212457 0.0551178083
v -0.0266727507 -0.0154961385 0.0571155734
v -0.0263922792 -0.0149357924 0.0587722138
v -0.026667852 -0.0124212457 0.0551178083
v -0.0263922792 -0.0149357924 0.0587722138
v -0.0263246316 -0.011848527 0.0570894778
v -0.026667852 0.012421201 0.0551178157
v -0.0266727507 0.0154960938 0.0571155883
v -0.0265110265 0.0168518517 0.0545646325
v -0.026667852 0.012421201 0.0551178157
v -0.0265110265 0.0168518517 0.0545646325
v -0.0263286512 0.0140196988 0.0523636676
v -0.0263413619 0.0183043219 0.0527452789
v -0.0258716904 0.015044691 0.0505722873
v -0.0263286512 0.0140196988 0.0523636676
v -0.0263413619 0.0183043219 0.0527452789
v -0.0263286512 0.0140196988 0.0523636676
v -0.0265110265 0.0168518517 0.0545646325
v -0.0263413619 -0.0183043629 0.052745264
v -0.0265110265 -0.0168518964 0.0545646176
v -0.0263286512 -0.0140197398 0.0523636527
v -0.0263413619 -0.0183043629 0.052745264
v -0.0263286512 -0.0140197398 0.0523636527
v -0.0258716904 -0.015044732 0.0505722724
v -0.026667852 -0.0124212457 0.0551178083
v -0.0263286512 -0.0140197398 0.0523636527
v -0.0265110265 -0.0168518964 0.0545646176
v -0.026667852 -0.0124212457 0.0551178083
v -0.0265110265 -0.0168518964 0.0545646176
v -0.0266727507 -0.0154961385 0.0571155734
v -0.0263286512 0.0140196988 0.0523636676
v -0.0258716904 0.015044691 0.0505722873
v -0.0261020847 0.0129541764 0.0490481406
v -0.0263286512 0.0140196988 0.0523636676
v -0.0261020847 0.0129541764 0.0490481406
v -0.0271278918 0.0113173965 0.0500014238
v -0.0263286512 -0.0140197398 0.0523636527
v -0.0271278918 -0.0113174357 0.0500014164
v -0.0261020847 -0.0129542155 0.0490481332
v -0.0263286512 -0.0140197398 0.0523636527
v -0.0261020847 -0.0129542155 0.0490481332
v -0.0258716904 -0.015044732 0.0505722724
v -0.026667852 0.012421201 0.0551178157
v -0.0263286512 0.0140196988 0.0523636676
v -0.0271278918 0.0113173965 0.0500014238
v -0.026667852 0.012421201 0.0551178157
v -0.0271278918 0.0113173965 0.0500014238
v -0.0271237772 0.0096872393 0.0525706671
v -0.026667852 -0.0124212457 0.0551178083
v -0.0271237772 -0.00968728215 0.0525706597
v -0.0271278918 -0.0113174357 0.0500014164
v -0.026667852 -0.0124212457 0.0551178083
v -0.0271278918 -0.0113174357 0.0500014164
v -0.0263286512 -0.0140197398 0.0523636527
v -0.0261547752 0.0090319179 0.0547681339
v -0.0263246316 0.0118484823 0.0570894852
v -0.026667852 0.012421201 0.0551178157
v -0.0261547752 0.0090319179 0.0547681339
v -0.026667852 0.012421201 0.0551178157
v -0.0271237772 0.0096872393 0.0525706671
v -0.0261547752 -0.00903196074 0.0547681265
v -0.0271237772 -0.00968728215 0.0525706597
v -0.026667852 -0.0124212457 0.0551178083
v -0.0261547752 -0.00903196074 0.0547681265
v -0.026667852 -0.0124212457 0.0551178083
v -0.0263246316 -0.011848527 0.0570894778
v -0.0255488995 0.018626174 0.0524971746
v -0.0263413619 0.0183043219 0.0527452789
v -0.0266269762 0.0203065388 0.054602962
v -0.0255488995 0.018626174 0.0524971746
v -0.0266269762 0.0203065388 0.054602962
v -0.0258748233 0.0208228026 0.0544801913
v -0.0255488995 -0.0186262149 0.0524971597
v -0.0258748233 -0.0208228473 0.0544801764
v -0.0266269762 -0.0203065835 0.0546029471
v -0.0255488995 -0.0186262149 0.0524971597
v -0.0266269762 -0.0203065835 0.0546029471
v -0.0263413619 -0.0183043629 0.052745264
v -0.0263922792 0.0149357459 0.0587722287
v -0.0253769159 0.0150919389 0.0593568981
v -0.0258427486 0.0178872813 0.0600853413
v -0.0263922792 0.0149357459 0.0587722287
v -0.0258427486 0.0178872813 0.0600853413
v -0.0265357178 0.0178786218 0.0594218858
v -0.0263922792 -0.0149357924 0.0587722138
v -0.0265357178 -0.0178786702 0.0594218709
v -0.0258427486 -0.0178873297 0.0600853264
v -0.0263922792 -0.0149357924 0.0587722138
v -0.0258427486 -0.0178873297 0.0600853264
v -0.0253769159 -0.0150919855 0.0593568832
v -0.0263922792 0.0149357459 0.0587722287
v -0.0265357178 0.0178786218 0.0594218858
v -0.0267433915 0.0180981532 0.0580589622
v -0.0263922792 0.0149357459 0.0587722287
v -0.0267433915 0.0180981532 0.0580589622
v -0.0266727507 0.0154960938 0.0571155883
v -0.0263922792 -0.0149357924 0.0587722138
v -0.0266727507 -0.0154961385 0.0571155734
v -0.0267433915 -0.0180981979 0.0580589473
v -0.0263922792 -0.0149357924 0.0587722138
v -0.0267433915 -0.0180981979 0.0580589473
v -0.0265357178 -0.0178786702 0.0594218709
v -0.0263413619 0.0183043219 0.0527452789
v -0.0265110265 0.0168518517 0.0545646325
v -0.0267815553 0.0191724543 0.0559032895
v -0.0263413619 0.0183043219 0.0527452789
v -0.0267815553 0.0191724543 0.0559032895
v -0.0266269762 0.0203065388 0.054602962
v -0.0263413619 -0.0183043629 0.052745264
v -0.0266269762 -0.0203065835 0.0546029471
v -0.0267815553 -0.019172499 0.0559032746
v -0.0263413619 -0.0183043629 0.052745264
v -0.0267815553 -0.019172499 0.0559032746
v -0.0265110265 -0.0168518964 0.0545646176
v -0.0266727507 0.0154960938 0.0571155883
v -0.0267433915 0.0180981532 0.0580589622
v -0.0267815553 0.0191724543 0.0559032895
v -0.0266727507 0.0154960938 0.0571155883
v -0.0267815553 0.0191724543 0.0559032895
v -0.0265110265 0.0168518517 0.0545646325
v -0.0266727507 -0.0154961385 0.0571155734
v -0.0265110265 -0.0168518964 0.0545646176
v -0.0267815553 -0.019172499 0.0559032746
v -0.0266727507 -0.0154961385 0.0571155734
v -0.0267815553 -0.019172499 0.0559032746
v -0.0267433915 -0.0180981979 0.0580589473
v -0.0216459893 0.00988847669 0.0550531782
v -0.0226412751 0.0123907737 0.0565749593
v -0.0246320292 0.0118700089 0.0576116554
v -0.0216459893 0.00988847669 0.0550531782
v -0.0246320292 0.0118700089 0.0576116554
v -0.0238867197 0.00933723431 0.0558475144
v -0.0216459893 -0.0098885214 0.0550531708
v -0.0238867197 -0.00933727901 0.055847507
v -0.0246320292 -0.0118700555 0.057611648
v -0.0216459893 -0.0098885214 0.0550531708
v -0.0246320292 -0.0118700555 0.057611648
v -0.0226412751 -0.0123908184 0.0565749519
v -0.0204418283 0.01307547 0.0497670993
v -0.0232537873 0.0135067459 0.0486344472
v -0.0243300833 0.0154157225 0.0505106933
v -0.0204418283 0.01307547 0.0497670993
v -0.0243300833 0.0154157225 0.0505106933
v -0.022040315 0.0146928187 0.0515168086
v -0.0204418283 -0.0130755091 0.0497670919
v -0.022040315 -0.0146928597 0.0515167937
v -0.0243300833 -0.0154157635 0.0505106784
v -0.0204418283 -0.0130755091 0.0497670919
v -0.0243300833 -0.0154157635 0.0505106784
v -0.0232537873 -0.013506785 0.0486344397
v -0.0189646427 0.0120333536 0.0514711142
v -0.0204418283 0.01307547 0.0497670993
v -0.022040315 0.0146928187 0.0515168086
v -0.0189646427 0.0120333536 0.0514711142
v -0.022040315 0.0146928187 0.0515168086
v -0.0209545102 0.0141214961 0.0532119758
v -0.0189646427 -0.0120333945 0.0514711067
v -0.0209545102 -0.014121539 0.0532119609
v -0.022040315 -0.0146928597 0.0515167937
v -0.0189646427 -0.0120333945 0.0514711067
v -0.022040315 -0.0146928597 0.0515167937
v -0.0204418283 -0.0130755091 0.0497670919
v -0.0193491261 0.0108395359 0.0535378866
v -0.0189646427 0.0120333536 0.0514711142
v -0.0209545102 0.0141214961 0.0532119758
v -0.0193491261 0.0108395359 0.0535378866
v -0.0209545102 0.0141214961 0.0532119758
v -0.0210488811 0.013189639 0.0551070571
v -0.0193491261 -0.0108395787 0.0535378791
v -0.0210488811 -0.0131896837 0.0551070496
v -0.0209545102 -0.014121539 0.0532119609
v -0.0193491261 -0.0108395787 0.0535378791
v -0.0209545102 -0.014121539 0.0532119609
v -0.0189646427 -0.0120333945 0.0514711067
v -0.0193491261 0.0108395359 0.0535378866
v -0.0210488811 0.013189639 0.0551070571
v -0.0226412751 0.0123907737 0.0565749593
v -0.0193491261 0.0108395359 0.0535378866
v -0.0226412751 0.0123907737 0.0565749593
v -0.0216459893 0.00988847669 0.0550531782
v -0.0193491261 -0.0108395787 0.0535378791
v -0.0216459893 -0.0098885214 0.0550531708
v -0.0226412751 -0.0123908184 0.0565749519
v -0.0193491261 -0.0108395787 0.0535378791
v -0.0226412751 -0.0123908184 0.0565749519
v -0.0210488811 -0.0131896837 0.0551070496
v -0.0243300833 0.0154157225 0.0505106933
v -0.0255488995 0.018626174 0.0524971746
v -0.0239534564 0.0179025885 0.0531246103
v -0.0243300833 0.0154157225 0.0505106933
v -0.0239534564 0.0179025885 0.0531246103
v -0.022040315 0.0146928187 0.0515168086
v -0.0243300833 -0.0154157635 0.0505106784
v -0.022040315 -0.0146928597 0.0515167937
v -0.0239534564 -0.0179026294 0.0531245954
v -0.0243300833 -0.0154157635 0.0505106784
v -0.0239534564 -0.0179026294 0.0531245954
v -0.0255488995 -0.0186262149 0.0524971597
v -0.0255488995 0.018626174 0.0524971746
v -0.0258748233 0.0208228026 0.0544801913
v -0.0247674957 0.020096017 0.0547414273
v -0.0255488995 0.018626174 0.0524971746
v -0.0247674957 0.020096017 0.0547414273
v -0.0239534564 0.0179025885 0.0531246103
v -0.0255488995 -0.0186262149 0.0524971597
v -0.0239534564 -0.0179026294 0.0531245954
v -0.0247674957 -0.0200960618 0.0547414124
v -0.0255488995 -0.0186262149 0.0524971597
v -0.0247674957 -0.0200960618 0.0547414124
v -0.0258748233 -0.0208228473 0.0544801764
v -0.0253769159 0.0150919389 0.0593568981
v -0.0240634326 0.0154324472 0.0584232248
v -0.0248948466 0.0180267021 0.0593271069
v -0.0253769159 0.0150919389 0.0593568981
v -0.0248948466 0.0180267021 0.0593271069
v -0.0258427486 0.0178872813 0.0600853413
v -0.0253769159 -0.0150919855 0.0593568832
v -0.0258427486 -0.0178873297 0.0600853264
v -0.0248948466 -0.0180267505 0.059327092
v -0.0253769159 -0.0150919855 0.0593568832
v -0.0248948466 -0.0180267505 0.059327092
v -0.0240634326 -0.0154324938 0.0584232099
v -0.0246320292 0.0118700089 0.0576116554
v -0.0226412751 0.0123907737 0.0565749593
v -0.0240634326 0.0154324472 0.0584232248
v -0.0246320292 0.0118700089 0.0576116554
v -0.0240634326 0.0154324472 0.0584232248
v -0.0253769159 0.0150919389 0.0593568981
v -0.0246320292 -0.0118700555 0.057611648
v -0.0253769159 -0.0150919855 0.0593568832
v -0.0240634326 -0.0154324938 0.0584232099
v -0.0246320292 -0.0118700555 0.057611648
v -0.0240634326 -0.0154324938 0.0584232099
v -0.0226412751 -0.0123908184 0.0565749519
v -0.0230055079 0.016368933 0.0569526479
v -0.0240634326 0.0154324472 0.0584232248
v -0.0226412751 0.0123907737 0.0565749593
v -0.0230055079 0.016368933 0.0569526479
v -0.0226412751 0.0123907737 0.0565749593
v -0.0210488811 0.013189639 0.0551070571
v -0.0230055079 -0.0163689777 0.056952633
v -0.0210488811 -0.0131896837 0.0551070496
v -0.0226412751 -0.0123908184 0.0565749519
v -0.0230055079 -0.0163689777 0.056952633
v -0.0226412751 -0.0123908184 0.0565749519
v -0.0240634326 -0.0154324938 0.0584232099
v -0.0209545102 0.0141214961 0.0532119758
v -0.0228226241 0.0172656551 0.055167634
v -0.0230055079 0.016368933 0.0569526479
v -0.0209545102 0.0141214961 0.0532119758
v -0.0230055079 0.016368933 0.0569526479
v -0.0210488811 0.013189639 0.0551070571
v -0.0209545102 -0.014121539 0.0532119609
v -0.0210488811 -0.0131896837 0.0551070496
v -0.0230055079 -0.0163689777 0.056952633
v -0.0209545102 -0.014121539 0.0532119609
v -0.0230055079 -0.0163689777 0.056952633
v -0.0228226241 -0.0172656998 0.0551676191
v -0.0228226241 0.0172656551 0.055167634
v -0.0209545102 0.0141214961 0.0532119758
v -0.022040315 0.0146928187 0.0515168086
v -0.0228226241 0.0172656551 0.055167634
v -0.022040315 0.0146928187 0.0515168086
v -0.0239534564 0.0179025885 0.0531246103
v -0.0228226241 -0.0172656998 0.0551676191
v -0.0239534564 -0.0179026294 0.0531245954
v -0.022040315 -0.0146928597 0.0515167937
v -0.0228226241 -0.0172656998 0.0551676191
v -0.022040315 -0.0146928597 0.0515167937
v -0.0209545102 -0.014121539 0.0532119609
v -0.0239534564 0.0179025885 0.0531246103
v -0.0247674957 0.020096017 0.0547414273
v -0.0240965113 0.0194991678 0.0565569662
v -0.0239534564 0.0179025885 0.0531246103
v -0.0240965113 0.0194991678 0.0565569662
v -0.0228226241 0.0172656551 0.055167634
v -0.0239534564 -0.0179026294 0.0531245954
v -0.0228226241 -0.0172656998 0.0551676191
v -0.0240965113 -0.0194992125 0.0565569513
v -0.0239534564 -0.0179026294 0.0531245954
v -0.0240965113 -0.0194992125 0.0565569513
v -0.0247674957 -0.0200960618 0.0547414124
v -0.0230055079 0.016368933 0.0569526479
v -0.0228226241 0.0172656551 0.055167634
v -0.0240965113 0.0194991678 0.0565569662
v -0.0230055079 0.016368933 0.0569526479
v -0.0240965113 0.0194991678 0.0565569662
v -0.0242759939 0.018756358 0.0581180044
v -0.0230055079 -0.0163689777 0.056952633
v -0.0242759939 -0.0187564027 0.0581179895
v -0.0240965113 -0.0194992125 0.0565569513
v -0.0230055079 -0.0163689777 0.056952633
v -0.0240965113 -0.0194992125 0.0565569513
v -0.0228226241 -0.0172656998 0.0551676191
v -0.0240634326 0.0154324472 0.0584232248
v -0.0230055079 0.016368933 0.0569526479
v -0.0242759939 0.018756358 0.0581180044
v -0.0240634326 0.0154324472 0.0584232248
v -0.0242759939 0.018756358 0.0581180044
v -0.0248948466 0.0180267021 0.0593271069
v -0.0240634326 -0.0154324938 0.0584232099
v -0.0248948466 -0.0180267505 0.059327092
v -0.0242759939 -0.0187564027 0.0581179895
v -0.0240634326 -0.0154324938 0.0584232099
v -0.0242759939 -0.0187564027 0.0581179895
v -0.0230055079 -0.0163689777 0.056952633
v -0.0265357178 0.0178786218 0.0594218858
v -0.0266979821 0.0198179055 0.0594969206
v -0.0268385373 0.0198596455 0.0584242046
v -0.0265357178 0.0178786218 0.0594218858
v -0.0268385373 0.0198596455 0.0584242046
v -0.0267433915 0.0180981532 0.0580589622
v -0.0265357178 -0.0178786702 0.0594218709
v -0.0267433915 -0.0180981979 0.0580589473
v -0.0268385373 -0.0198596939 0.0584241897
v -0.0265357178 -0.0178786702 0.0594218709
v -0.0268385373 -0.0198596939 0.0584241897
v -0.0266979821 -0.0198179539 0.0594969057
v -0.0266269762 0.0203065388 0.054602962
v -0.0267815553 0.0191724543 0.0559032895
v -0.0269073453 0.020639617 0.0569996499
v -0.0266269762 0.0203065388 0.054602962
v -0.0269073453 0.020639617 0.0569996499
v -0.0267345384 0.0214473698 0.0562891625
v -0.0266269762 -0.0203065835 0.0546029471
v -0.0267345384 -0.0214474145 0.0562891476
v -0.0269073453 -0.0206396617 0.056999635
v -0.0266269762 -0.0203065835 0.0546029471
v -0.0269073453 -0.0206396617 0.056999635
v -0.0267815553 -0.019172499 0.0559032746
v -0.0267815553 -0.019172499 0.0559032746
v -0.0269073453 -0.0206396617 0.056999635
v -0.0268385373 -0.0198596939 0.0584241897
v -0.0267815553 -0.019172499 0.0559032746
v -0.0268385373 -0.0198596939 0.0584241897
v -0.0267433915 -0.0180981979 0.0580589473
v -0.0267815553 0.0191724543 0.0559032895
v -0.0267433915 0.0180981532 0.0580589622
v -0.0268385373 0.0198596455 0.0584242046
v -0.0267815553 0.0191724543 0.0559032895
v -0.0268385373 0.0198596455 0.0584242046
v -0.0269073453 0.020639617 0.0569996499
v -0.0262442213 0.0199277103 0.060277354
v -0.0266979821 0.0198179055 0.0594969206
v -0.0265357178 0.0178786218 0.0594218858
v -0.0262442213 0.0199277103 0.060277354
v -0.0265357178 0.0178786218 0.0594218858
v -0.0258427486 0.0178872813 0.0600853413
v -0.0262442213 -0.0199277587 0.0602773391
v -0.0258427486 -0.0178873297 0.0600853264
v -0.0265357178 -0.0178786702 0.0594218709
v -0.0262442213 -0.0199277587 0.0602773391
v -0.0265357178 -0.0178786702 0.0594218709
v -0.0266979821 -0.0198179539 0.0594969057
v -0.0266269762 0.0203065388 0.054602962
v -0.0267345384 0.0214473698 0.0562891625
v -0.0259971004 0.0219793599 0.0560062937
v -0.0266269762 0.0203065388 0.054602962
v -0.0259971004 0.0219793599 0.0560062937
v -0.0258748233 0.0208228026 0.0544801913
v -0.0266269762 -0.0203065835 0.0546029471
v -0.0258748233 -0.0208228473 0.0544801764
v -0.0259971004 -0.0219794046 0.0560062788
v -0.0266269762 -0.0203065835 0.0546029471
v -0.0259971004 -0.0219794046 0.0560062788
v -0.0267345384 -0.0214474145 0.0562891476
v -0.0268385373 0.0198596455 0.0584242046
v -0.0267304368 0.0220130216 0.0589282662
v -0.0267796051 0.0221407972 0.0583877042
v -0.0268385373 0.0198596455 0.0584242046
v -0.0267796051 0.0221407972 0.0583877042
v -0.0269073453 0.020639617 0.0569996499
v -0.0268385373 -0.0198596939 0.0584241897
v -0.0269073453 -0.0206396617 0.056999635
v -0.0267796051 -0.0221408457 0.0583876893
v -0.0268385373 -0.0198596939 0.0584241897
v -0.0267796051 -0.0221408457 0.0583876893
v -0.0267304368 -0.0220130701 0.0589282513
v -0.0268385373 0.0198596455 0.0584242046
v -0.0266979821 0.0198179055 0.0594969206
v -0.0266888514 0.0214317665 0.0593530983
v -0.0268385373 0.0198596455 0.0584242046
v -0.0266888514 0.0214317665 0.0593530983
v -0.0267304368 0.0220130216 0.0589282662
v -0.0268385373 -0.0198596939 0.0584241897
v -0.0267304368 -0.0220130701 0.0589282513
v -0.0266888514 -0.0214318149 0.0593530834
v -0.0268385373 -0.0198596939 0.0584241897
v -0.0266888514 -0.0214318149 0.0593530834
v -0.0266979821 -0.0198179539 0.0594969057
v -0.0269073453 0.020639617 0.0569996499
v -0.0267796051 0.0221407972 0.0583877042
v -0.026751928 0.0220499188 0.0576123632
v -0.0269073453 0.020639617 0.0569996499
v -0.026751928 0.0220499188 0.0576123632
v -0.0267345384 0.0214473698 0.0562891625
v -0.0269073453 -0.0206396617 0.056999635
v -0.0267345384 -0.0214474145 0.0562891476
v -0.026751928 -0.0220499635 0.0576123483
v -0.0269073453 -0.0206396617 0.056999635
v -0.026751928 -0.0220499635 0.0576123483
v -0.0267796051 -0.0221408457 0.0583876893
v -0.0263938811 0.0217328835 0.060173694
v -0.0266888514 0.0214317665 0.0593530983
v -0.0266979821 0.0198179055 0.0594969206
v -0.0263938811 0.0217328835 0.060173694
v -0.0266979821 0.0198179055 0.0594969206
v -0.0262442213 0.0199277103 0.060277354
v -0.0263938811 -0.021732932 0.0601736791
v -0.0262442213 -0.0199277587 0.0602773391
v -0.0266979821 -0.0198179539 0.0594969057
v -0.0263938811 -0.021732932 0.0601736791
v -0.0266979821 -0.0198179539 0.0594969057
v -0.0266888514 -0.0214318149 0.0593530834
v -0.0264689997 0.0227203779 0.0595794655
v -0.0267304368 0.0220130216 0.0589282662
v -0.0266888514 0.0214317665 0.0593530983
v -0.0264689997 0.0227203779 0.0595794655
v -0.0266888514 0.0214317665 0.0593530983
v -0.0263938811 0.0217328835 0.060173694
v -0.0264689997 -0.0227204263 0.0595794506
v -0.0263938811 -0.021732932 0.0601736791
v -0.0266888514 -0.0214318149 0.0593530834
v -0.0264689997 -0.0227204263 0.0595794506
v -0.0266888514 -0.0214318149 0.0593530834
v -0.0267304368 -0.0220130701 0.0589282513
v -0.0259971004 0.0219793599 0.0560062937
v -0.0267345384 0.0214473698 0.0562891625
v -0.026751928 0.0220499188 0.0576123632
v -0.0259971004 0.0219793599 0.0560062937
v -0.026751928 0.0220499188 0.0576123632
v -0.0261676535 0.0228519719 0.0576006696
v -0.0259971004 -0.0219794046 0.0560062788
v -0.0261676535 -0.0228520166 0.0576006547
v -0.026751928 -0.0220499635 0.0576123483
v -0.0259971004 -0.0219794046 0.0560062788
v -0.026751928 -0.0220499635 0.0576123483
v -0.0267345384 -0.0214474145 0.0562891476
v -0.0263947807 0.0230365694 0.058802668
v -0.0261676535 0.0228519719 0.0576006696
v -0.026751928 0.0220499188 0.0576123632
v -0.0263947807 0.0230365694 0.058802668
v -0.026751928 0.0220499188 0.0576123632
v -0.0267796051 0.0221407972 0.0583877042
v -0.0263947807 -0.0230366178 0.0588026531
v -0.0267796051 -0.0221408457 0.0583876893
v -0.026751928 -0.0220499635 0.0576123483
v -0.0263947807 -0.0230366178 0.0588026531
v -0.026751928 -0.0220499635 0.0576123483
v -0.0261676535 -0.0228520166 0.0576006547
v -0.0263947807 0.0230365694 0.058802668
v -0.0267796051 0.0221407972 0.0583877042
v -0.0267304368 0.0220130216 0.0589282662
v -0.0263947807 0.0230365694 0.058802668
v -0.0267304368 0.0220130216 0.0589282662
v -0.0264689997 0.0227203779 0.0595794655
v -0.0263947807 -0.0230366178 0.0588026531
v -0.0264689997 -0.0227204263 0.0595794506
v -0.0267304368 -0.0220130701 0.0589282513
v -0.0263947807 -0.0230366178 0.0588026531
v -0.0267304368 -0.0220130701 0.0589282513
v -0.0267796051 -0.0221408457 0.0583876893
v -0.0247674957 0.020096017 0.0547414273
v -0.0258748233 0.0208228026 0.0544801913
v -0.0259971004 0.0219793599 0.0560062937
v -0.0247674957 0.020096017 0.0547414273
v -0.0259971004 0.0219793599 0.0560062937
v -0.0254316404 0.0218826868 0.0564433113
v -0.0247674957 -0.0200960618 0.0547414124
v -0.0254316404 -0.0218827315 0.0564432964
v -0.0259971004 -0.0219794046 0.0560062788
v -0.0247674957 -0.0200960618 0.0547414124
v -0.0259971004 -0.0219794046 0.0560062788
v -0.0258748233 -0.0208228473 0.0544801764
v -0.0259971004 0.0219793599 0.0560062937
v -0.0261676535 0.0228519719 0.0576006696
v -0.0257352889 0.0227243453 0.0577313229
v -0.0259971004 0.0219793599 0.0560062937
v -0.0257352889 0.0227243453 0.0577313229
v -0.0254316404 0.0218826868 0.0564433113
v -0.0259971004 -0.0219794046 0.0560062788
v -0.0254316404 -0.0218827315 0.0564432964
v -0.0257352889 -0.02272439 0.057731308
v -0.0259971004 -0.0219794046 0.0560062788
v -0.0257352889 -0.02272439 0.057731308
v -0.0261676535 -0.0228520166 0.0576006547
v -0.0263947807 0.0230365694 0.058802668
v -0.0258605238 0.0229105614 0.0588192381
v -0.0257352889 0.0227243453 0.0577313229
v -0.0263947807 0.0230365694 0.058802668
v -0.0257352889 0.0227243453 0.0577313229
v -0.0261676535 0.0228519719 0.0576006696
v -0.0263947807 -0.0230366178 0.0588026531
v -0.0261676535 -0.0228520166 0.0576006547
v -0.0257352889 -0.02272439 0.057731308
v -0.0263947807 -0.0230366178 0.0588026531
v -0.0257352889 -0.02272439 0.057731308
v -0.0258605238 -0.0229106098 0.0588192232
v -0.0263947807 0.0230365694 0.058802668
v -0.0264689997 0.0227203779 0.0595794655
v -0.0259675682 0.0226571038 0.0595497526
v -0.0263947807 0.0230365694 0.058802668
v -0.0259675682 0.0226571038 0.0595497526
v -0.0258605238 0.0229105614 0.0588192381
v -0.0263947807 -0.0230366178 0.0588026531
v -0.0258605238 -0.0229106098 0.0588192232
v -0.0259675682 -0.0226571523 0.0595497377
v -0.0263947807 -0.0230366178 0.0588026531
v -0.0259675682 -0.0226571523 0.0595497377
v -0.0264689997 -0.0227204263 0.0595794506
v -0.0259675682 0.0226571038 0.0595497526
v -0.0264689997 0.0227203779 0.0595794655
v -0.0263938811 0.0217328835 0.060173694
v -0.0259675682 0.0226571038 0.0595497526
v -0.0263938811 0.0217328835 0.060173694
v -0.0259404089 0.0216061603 0.0600774325
v -0.0259675682 -0.0226571523 0.0595497377
v -0.0259404089 -0.0216062088 0.0600774176
v -0.0263938811 -0.021732932 0.0601736791
v -0.0259675682 -0.0226571523 0.0595497377
v -0.0263938811 -0.021732932 0.0601736791
v -0.0264689997 -0.0227204263 0.0595794506
v -0.0262442213 0.0199277103 0.060277354
v -0.0256007798 0.0202652887 0.0599763915
v -0.0259404089 0.0216061603 0.0600774325
v -0.0262442213 0.0199277103 0.060277354
v -0.0259404089 0.0216061603 0.0600774325
v -0.0263938811 0.0217328835 0.060173694
v -0.0262442213 -0.0199277587 0.0602773391
v -0.0263938811 -0.021732932 0.0601736791
v -0.0259404089 -0.0216062088 0.0600774176
v -0.0262442213 -0.0199277587 0.0602773391
v -0.0259404089 -0.0216062088 0.0600774176
v -0.0256007798 -0.0202653371 0.0599763766
v -0.0248948466 0.0180267021 0.0593271069
v -0.0256007798 0.0202652887 0.0599763915
v -0.0262442213 0.0199277103 0.060277354
v -0.0248948466 0.0180267021 0.0593271069
v -0.0262442213 0.0199277103 0.060277354
v -0.0258427486 0.0178872813 0.0600853413
v -0.0248948466 -0.0180267505 0.059327092
v -0.0258427486 -0.0178873297 0.0600853264
v -0.0262442213 -0.0199277587 0.0602773391
v -0.0248948466 -0.0180267505 0.059327092
v -0.0262442213 -0.0199277587 0.0602773391
v -0.0256007798 -0.0202653371 0.0599763766
v -0.0242759939 0.018756358 0.0581180044
v -0.0250939485 0.0209340639 0.0589799546
v -0.0256007798 0.0202652887 0.0599763915
v -0.0242759939 0.018756358 0.0581180044
v -0.0256007798 0.0202652887 0.0599763915
v -0.0248948466 0.0180267021 0.0593271069
v -0.0242759939 -0.0187564027 0.0581179895
v -0.0248948466 -0.0180267505 0.059327092
v -0.0256007798 -0.0202653371 0.0599763766
v -0.0242759939 -0.0187564027 0.0581179895
v -0.0256007798 -0.0202653371 0.0599763766
v -0.0250939485 -0.0209341124 0.0589799397
v -0.0250939485 0.0209340639 0.0589799546
v -0.0259675682 0.0226571038 0.0595497526
v -0.0259404089 0.0216061603 0.0600774325
v -0.0250939485 0.0209340639 0.0589799546
v -0.0259404089 0.0216061603 0.0600774325
v -0.0256007798 0.0202652887 0.0599763915
v -0.0250939485 -0.0209341124 0.0589799397
v -0.0256007798 -0.0202653371 0.0599763766
v -0.0259404089 -0.0216062088 0.0600774176
v -0.0250939485 -0.0209341124 0.0589799397
v -0.0259404089 -0.0216062088 0.0600774176
v -0.0259675682 -0.0226571523 0.0595497377
v -0.0250939485 0.0209340639 0.0589799546
v -0.0250220578 0.0215586983 0.0576999038
v -0.0258605238 0.0229105614 0.0588192381
v -0.0250939485 0.0209340639 0.0589799546
v -0.0258605238 0.0229105614 0.0588192381
v -0.0259675682 0.0226571038 0.0595497526
v -0.0250939485 -0.0209341124 0.0589799397
v -0.0259675682 -0.0226571523 0.0595497377
v -0.0258605238 -0.0229106098 0.0588192232
v -0.0250939485 -0.0209341124 0.0589799397
v -0.0258605238 -0.0229106098 0.0588192232
v -0.0250220578 -0.021558743 0.0576998889
v -0.0240965113 0.0194991678 0.0565569662
v -0.0250220578 0.0215586983 0.0576999038
v -0.0250939485 0.0209340639 0.0589799546
v -0.0240965113 0.0194991678 0.0565569662
v -0.0250939485 0.0209340639 0.0589799546
v -0.0242759939 0.018756358 0.0581180044
v -0.0240965113 -0.0194992125 0.0565569513
v -0.0242759939 -0.0187564027 0.0581179895
v -0.0250939485 -0.0209341124 0.0589799397
v -0.0240965113 -0.0194992125 0.0565569513
v -0.0250939485 -0.0209341124 0.0589799397
v -0.0250220578 -0.021558743 0.0576998889
v -0.0240965113 0.0194991678 0.0565569662
v -0.0247674957 0.020096017 0.0547414273
v -0.0254316404 0.0218826868 0.0564433113
v -0.0240965113 0.0194991678 0.0565569662
v -0.0254316404 0.0218826868 0.0564433113
v -0.0250220578 0.0215586983 0.0576999038
v -0.0240965113 -0.0194992125 0.0565569513
v -0.0250220578 -0.021558743 0.0576998889
v -0.0254316404 -0.0218827315 0.0564432964
v -0.0240965113 -0.0194992125 0.0565569513
v -0.0254316404 -0.0218827315 0.0564432964
v -0.0247674957 -0.0200960618 0.0547414124
v -0.0250220578 0.0215586983 0.0576999038
v -0.0254316404 0.0218826868 0.0564433113
v -0.0257352889 0.0227243453 0.0577313229
v -0.0250220578 0.0215586983 0.0576999038
v -0.0257352889 0.0227243453 0.0577313229
v -0.0258605238 0.0229105614 0.0588192381
v -0.0250220578 -0.021558743 0.0576998889
v -0.0258605238 -0.0229106098 0.0588192232
v -0.0257352889 -0.02272439 0.057731308
v -0.0250220578 -0.021558743 0.0576998889
v -0.0257352889 -0.02272439 0.057731308
v -0.0254316404 -0.0218827315 0.0564432964
v 0.0119927032 0.0042593698 0.0398836695
v 0.0130780386 0.00119980157 0.0397978649
v 0.0152637679 0.00136222481 0.0386284813
v 0.0119927032 0.0042593698 0.0398836695
v 0.0152637679 0.00136222481 0.0386284813
v 0.0145737464 0.0042462023 0.0385056324
v 0.0119927032 -0.00425940147 0.0398836695
v 0.0145737464 -0.00424623303 0.0385056324
v 0.0152637679 -0.00136225577 0.0386284813
v 0.0119927032 -0.00425940147 0.0398836695
v 0.0152637679 -0.00136225577 0.0386284813
v 0.0130780386 -0.00119983347 0.0397978649
v 0.0145737464 0.0042462023 0.0385056324
v 0.0152637679 0.00136222481 0.0386284813
v 0.0177513584 0.0013190927 0.0372684114
v 0.0145737464 0.0042462023 0.0385056324
v 0.0177513584 0.0013190927 0.0372684114
v 0.0181774553 0.00381664862 0.0366230272
v 0.0145737464 -0.00424623303 0.0385056324
v 0.0181774553 -0.00381667796 0.0366230272
v 0.0177513584 -0.0013191225 0.0372684114
v 0.0145737464 -0.00424623303 0.0385056324
v 0.0177513584 -0.0013191225 0.0372684114
v 0.0152637679 -0.00136225577 0.0386284813
v 0.0181774553 0.00381664862 0.0366230272
v 0.0177513584 0.0013190927 0.0372684114
v 0.0196783748 0.00096959935 0.0361553095
v 0.0181774553 0.00381664862 0.0366230272
v 0.0196783748 0.00096959935 0.0361553095
v 0.0204337146 0.00298805558 0.0353710949
v 0.0181774553 -0.00381667796 0.0366230272
v 0.0204337146 -0.00298808399 0.0353710949
v 0.0196783748 -0.000969628221 0.0361553095
v 0.0181774553 -0.00381667796 0.0366230272
v 0.0196783748 -0.000969628221 0.0361553095
v 0.0177513584 -0.0013191225 0.0372684114
v 0.0196783748 0.00096959935 0.0361553095
v 0.0222904142 0.000847051095 0.0364864841
v 0.0226221085 0.00257978425 0.0356841497
v 0.0196783748 0.00096959935 0.0361553095
v 0.0226221085 0.00257978425 0.0356841497
v 0.0204337146 0.00298805558 0.0353710949
v 0.0196783748 -0.000969628221 0.0361553095
v 0.0204337146 -0.00298808399 0.0353710949
v 0.0226221085 -0.00257981266 0.0356841497
v 0.0196783748 -0.000969628221 0.0361553095
v 0.0226221085 -0.00257981266 0.0356841497
v 0.0222904142 -0.000847080199 0.0364864841
v -0.017319398 0.00244415994 0.0215532295
v -0.017319398 -0.00244417717 0.0215532258
v -0.0188139416 -0.00206246763 0.0217487998
v -0.017319398 0.00244415994 0.0215532295
v -0.0188139416 -0.00206246763 0.0217487998
v -0.0188139416 0.0020624504 0.0217487998
v -0.0188139416 0.0020624504 0.0217487998
v -0.0188139416 -0.00206246763 0.0217487998
v -0.0202136803 -0.001996418 0.020653313
v -0.0188139416 0.0020624504 0.0217487998
v -0.0202136803 -0.001996418 0.020653313
v -0.0202136803 0.0019964017 0.020653313
v -0.0157708693 0.00708009722 0.0203559026
v -0.0168005992 0.00657171709 0.0224280376
v -0.0156151522 0.0103913769 0.0245700106
v -0.0157708693 0.00708009722 0.0203559026
v -0.0156151522 0.0103913769 0.0245700106
v -0.0140297124 0.0112207728 0.0228687637
v -0.0157708693 -0.00708011305 0.0203558952
v -0.0140297124 -0.0112207914 0.0228687562
v -0.0156151522 -0.0103913974 0.0245700032
v -0.0157708693 -0.00708011305 0.0203558952
v -0.0156151522 -0.0103913974 0.0245700032
v -0.0168005992 -0.00657173479 0.0224280339
v -0.0164676886 0.00244293362 0.0190770067
v -0.017319398 0.00244415994 0.0215532295
v -0.0168005992 0.00657171709 0.0224280376
v -0.0164676886 0.00244293362 0.0190770067
v -0.0168005992 0.00657171709 0.0224280376
v -0.0157708693 0.00708009722 0.0203559026
v -0.0164676886 -0.00244294899 0.019077003
v -0.0157708693 -0.00708011305 0.0203558952
v -0.0168005992 -0.00657173479 0.0224280339
v -0.0164676886 -0.00244294899 0.019077003
v -0.0168005992 -0.00657173479 0.0224280339
v -0.017319398 -0.00244417717 0.0215532258
v -0.0120803099 0.0136805233 0.0264797229
v -0.0140297124 0.0112207728 0.0228687637
v -0.0156151522 0.0103913769 0.0245700106
v -0.0120803099 0.0136805233 0.0264797229
v -0.0156151522 0.0103913769 0.0245700106
v -0.0140647925 0.012876004 0.0278555937
v -0.0120803099 -0.0136805438 0.0264797118
v -0.0140647925 -0.0128760263 0.0278555825
v -0.0156151522 -0.0103913974 0.0245700032
v -0.0120803099 -0.0136805438 0.0264797118
v -0.0156151522 -0.0103913974 0.0245700032
v -0.0140297124 -0.0112207914 0.0228687562
v -0.00980809052 0.0148607027 0.0311544519
v -0.0120803099 0.0136805233 0.0264797229
v -0.0140647925 0.012876004 0.0278555937
v -0.00980809052 0.0148607027 0.0311544519
v -0.0140647925 0.012876004 0.0278555937
v -0.0126513848 0.0139764631 0.0321573652
v -0.00980809052 -0.0148607269 0.0311544407
v -0.0126513848 -0.0139764892 0.0321573578
v -0.0140647925 -0.0128760263 0.0278555825
v -0.00980809052 -0.0148607269 0.0311544407
v -0.0140647925 -0.0128760263 0.0278555825
v -0.0120803099 -0.0136805438 0.0264797118
v -0.0112842452 0.0143262614 0.0364217646
v -0.00849877577 0.0149574401 0.0349843949
v -0.00980809052 0.0148607027 0.0311544519
v -0.0112842452 0.0143262614 0.0364217646
v -0.00980809052 0.0148607027 0.0311544519
v -0.0126513848 0.0139764631 0.0321573652
v -0.0112842452 -0.0143262912 0.0364217497
v -0.0126513848 -0.0139764892 0.0321573578
v -0.00980809052 -0.0148607269 0.0311544407
v -0.0112842452 -0.0143262912 0.0364217497
v -0.00980809052 -0.0148607269 0.0311544407
v -0.00849877577 -0.014957468 0.03498438
v -0.0112842452 0.0143262614 0.0364217646
v -0.00961717311 0.0141847376 0.0401223265
v -0.00701299403 0.0144329211 0.0387131721
v -0.0112842452 0.0143262614 0.0364217646
v -0.00701299403 0.0144329211 0.0387131721
v -0.00849877577 0.0149574401 0.0349843949
v -0.00980468746 -0.0141205313 0.0401838757
v -0.0112842452 -0.0143262912 0.0364217497
v -0.00849877577 -0.014957468 0.03498438
v -0.00980468746 -0.0141205313 0.0401838757
v -0.00849877577 -0.014957468 0.03498438
v -0.00701299403 -0.0144329527 0.0387131572
v -0.0081347432 0.0124146007 0.0440254398
v -0.00541416602 0.0125657236 0.042255044
v -0.00701299403 0.0144329211 0.0387131721
v -0.0081347432 0.0124146007 0.0440254398
v -0.00701299403 0.0144329211 0.0387131721
v -0.00961717311 0.0141847376 0.0401223265
v -0.00828036573 -0.0125705618 0.0438279621
v -0.00980468746 -0.0141205313 0.0401838757
v -0.00701299403 -0.0144329527 0.0387131572
v -0.00828036573 -0.0125705618 0.0438279621
v -0.00701299403 -0.0144329527 0.0387131572
v -0.00541416602 -0.0125657571 0.0422550365
v -0.0040914393 0.00954813976 0.0447491854
v -0.00541416602 0.0125657236 0.042255044
v -0.0081347432 0.0124146007 0.0440254398
v -0.0040914393 0.00954813976 0.0447491854
v -0.0081347432 0.0124146007 0.0440254398
v -0.00702970708 0.00971197896 0.0465035699
v -0.00702970708 -0.00971201621 0.0465035625
v -0.00828036573 -0.0125705618 0.0438279621
v -0.00541416602 -0.0125657571 0.0422550365
v -0.00702970708 -0.00971201621 0.0465035625
v -0.00541416602 -0.0125657571 0.0422550365
v -0.0040914393 -0.00954817515 0.044749178
v -0.00154887664 0.0126349274 0.0399992317
v -0.00541416602 0.0125657236 0.042255044
v -0.0040914393 0.00954813976 0.0447491854
v -0.00154887664 0.0126349274 0.0399992317
v -0.0040914393 0.00954813976 0.0447491854
v -0.000265029346 0.00930635352 0.0426181257
v -0.00154887664 -0.0126349591 0.0399992242
v -0.000265029346 -0.00930638704 0.0426181182
v -0.0040914393 -0.00954817515 0.044749178
v -0.00154887664 -0.0126349591 0.0399992242
v -0.0040914393 -0.00954817515 0.044749178
v -0.00541416602 -0.0125657571 0.0422550365
v -0.0164676886 0.00244293362 0.0190770067
v -0.0157708693 0.00708009722 0.0203559026
v -0.015277476 0.00692679314 0.017757101
v -0.0164676886 0.00244293362 0.0190770067
v -0.015277476 0.00692679314 0.017757101
v -0.0159328226 0.00245858915 0.0163100958
v -0.0164676886 -0.00244294899 0.019077003
v -0.0159328226 -0.00245860219 0.0163100921
v -0.015277476 -0.00692680711 0.0177570973
v -0.0164676886 -0.00244294899 0.019077003
v -0.015277476 -0.00692680711 0.0177570973
v -0.0157708693 -0.00708011305 0.0203558952
v -0.0154676083 0.00234067626 0.0135024991
v -0.0159328226 0.00245858915 0.0163100958
v -0.015277476 0.00692679314 0.017757101
v -0.0154676083 0.00234067626 0.0135024991
v -0.015277476 0.00692679314 0.017757101
v -0.0149121946 0.00691920752 0.0153494412
v -0.0154676083 -0.00234068697 0.0135024972
v -0.0149121946 -0.00691921962 0.0153494356
v -0.015277476 -0.00692680711 0.0177570973
v -0.0154676083 -0.00234068697 0.0135024972
v -0.015277476 -0.00692680711 0.0177570973
v -0.0159328226 -0.00245860219 0.0163100921
v -0.0154676083 0.00234067626 0.0135024991
v -0.0149121946 0.00691920752 0.0153494412
v -0.0144785801 0.0072500878 0.014022775
v -0.0154676083 0.00234067626 0.0135024991
v -0.0144785801 0.0072500878 0.014022775
v -0.0146848895 0.00464075664 0.0116263814
v -0.0154676083 -0.00234068697 0.0135024972
v -0.0146848895 -0.00464076595 0.0116263777
v -0.0144785801 -0.00725009898 0.0140227694
v -0.0154676083 -0.00234068697 0.0135024972
v -0.0144785801 -0.00725009898 0.0140227694
v -0.0149121946 -0.00691921962 0.0153494356
v -0.0154676083 0.00234067626 0.0135024991
v -0.0146848895 0.00464075664 0.0116263814
v -0.0138787115 0.00259182975 0.00890233368
v -0.0154676083 0.00234067626 0.0135024991
v -0.0138787115 0.00259182975 0.00890233368
v -0.0145388972 0.00123992923 0.00964053255
v -0.0154676083 -0.00234068697 0.0135024972
v -0.0145388972 -0.00123993692 0.00964053068
v -0.0138787115 -0.00259183673 0.00890233181
v -0.0154676083 -0.00234068697 0.0135024972
v -0.0138787115 -0.00259183673 0.00890233181
v -0.0146848895 -0.00464076595 0.0116263777
v -0.0145388972 0.00123992923 0.00964053255
v -0.0138787115 0.00259182975 0.00890233368
v -0.0113830334 0.00139747665 0.0062902458
v -0.0145388972 0.00123992923 0.00964053255
v -0.0113830334 0.00139747665 0.0062902458
v -0.0117734773 0.000548236945 0.00600645319
v -0.0145388972 -0.00123993692 0.00964053068
v -0.0117734773 -0.000548241718 0.00600645319
v -0.0113830334 -0.00139748177 0.00629024487
v -0.0145388972 -0.00123993692 0.00964053068
v -0.0113830334 -0.00139748177 0.00629024487
v -0.0138787115 -0.00259183673 0.00890233181
v -0.0117734773 0.000548236945 0.00600645319
v -0.0113830334 0.00139747665 0.0062902458
v -0.00780338841 0.00104845536 0.00474482123
v -0.0117734773 0.000548236945 0.00600645319
v -0.00780338841 0.00104845536 0.00474482123
v -0.00780472113 0.000411172048 0.00459664967
v -0.0117734773 -0.000548241718 0.00600645319
v -0.00780472113 -0.000411175715 0.00459664967
v -0.00780338841 -0.00104845909 0.0047448203
v -0.0117734773 -0.000548241718 0.00600645319
v -0.00780338841 -0.00104845909 0.0047448203
v -0.0113830334 -0.00139748177 0.00629024487
v -0.00484030182 0.000598749029 0.00469390396
v -0.00780472113 0.000411172048 0.00459664967
v -0.00780338841 0.00104845536 0.00474482123
v -0.00484030182 0.000598749029 0.00469390396
v -0.00780338841 0.00104845536 0.00474482123
v -0.00505997287 0.00128760398 0.00465451041
v -0.00484030182 -0.000598752755 0.00469390303
v -0.00505997287 -0.00128760771 0.00465450948
v -0.00780338841 -0.00104845909 0.0047448203
v -0.00484030182 -0.000598752755 0.00469390303
v -0.00780338841 -0.00104845909 0.0047448203
v -0.00780472113 -0.000411175715 0.00459664967
v 0.000456652575 0.00100311218 0.00593699655
v -0.00484030182 0.000598749029 0.00469390396
v -0.00505997287 0.00128760398 0.00465451041
v 0.000456652575 0.00100311218 0.00593699655
v -0.00505997287 0.00128760398 0.00465451041
v -0.00144950824 0.00264504878 0.00548690511
v 0.000456652575 -0.00100311683 0.00593699561
v -0.00144950824 -0.00264505297 0.00548690325
v -0.00505997287 -0.00128760771 0.00465450948
v 0.000456652575 -0.00100311683 0.00593699561
v -0.00505997287 -0.00128760771 0.00465450948
v -0.00484030182 -0.000598752755 0.00469390303
v 0.000456652575 0.00100311218 0.00593699655
v -0.00144950824 0.00264504878 0.00548690511
v 0.000816437823 0.00505638309 0.00643232837
v 0.000456652575 0.00100311218 0.00593699655
v 0.000816437823 0.00505638309 0.00643232837
v 0.00269820285 0.0046334262 0.00665809028
v 0.000456652575 -0.00100311683 0.00593699561
v 0.00269820285 -0.00463343179 0.00665808655
v 0.000816437823 -0.00505638868 0.00643232465
v 0.000456652575 -0.00100311683 0.00593699561
v 0.000816437823 -0.00505638868 0.00643232465
v -0.00144950824 -0.00264505297 0.00548690325
v 0.00364428177 0.00897609256 0.00824190956
v 0.00269820285 0.0046334262 0.00665809028
v 0.000816437823 0.00505638309 0.00643232837
v 0.00364428177 0.00897609256 0.00824190956
v 0.000816437823 0.00505638309 0.00643232837
v 0.00165479782 0.00909506157 0.00812679529
v 0.00364428177 -0.00897610001 0.00824190211
v 0.00165479782 -0.00909506716 0.00812678784
v 0.000816437823 -0.00505638868 0.00643232465
v 0.00364428177 -0.00897610001 0.00824190211
v 0.000816437823 -0.00505638868 0.00643232465
v 0.00269820285 -0.00463343179 0.00665808655
v 0.00295546139 0.0130767645 0.011352703
v 0.00364428177 0.00897609256 0.00824190956
v 0.00165479782 0.00909506157 0.00812679529
v 0.00295546139 0.0130767645 0.011352703
v 0.00165479782 0.00909506157 0.00812679529
v 0.000943528663 0.0126838004 0.0105241202
v 0.00295546139 -0.0130767738 0.0113526918
v 0.000943528663 -0.0126838097 0.0105241109
v 0.00165479782 -0.00909506716 0.00812678784
v 0.00295546139 -0.0130767738 0.0113526918
v 0.00165479782 -0.00909506716 0.00812678784
v 0.00364428177 -0.00897610001 0.00824190211
v 0.000135512688 0.0157089774 0.0160111841
v 0.00295546139 0.0130767645 0.011352703
v 0.000943528663 0.0126838004 0.0105241202
v 0.000135512688 0.0157089774 0.0160111841
v 0.000943528663 0.0126838004 0.0105241202
v -0.00150580052 0.0149061885 0.0136572272
v 0.000135512688 -0.0157089885 0.0160111729
v -0.00150580052 -0.0149061996 0.013657216
v 0.000943528663 -0.0126838097 0.0105241109
v 0.000135512688 -0.0157089885 0.0160111729
v 0.000943528663 -0.0126838097 0.0105241109
v 0.00295546139 -0.0130767738 0.0113526918
v -0.0129523994 0.0109716794 0.0178304631
v -0.0126475394 0.0109971054 0.0162352268
v -0.0144785801 0.0072500878 0.014022775
v -0.0129523994 0.0109716794 0.0178304631
v -0.0144785801 0.0072500878 0.014022775
v -0.0149121946 0.00691920752 0.0153494412
v -0.0129523994 -0.0109716943 0.0178304557
v -0.0149121946 -0.00691921962 0.0153494356
v -0.0144785801 -0.00725009898 0.0140227694
v -0.0129523994 -0.0109716943 0.0178304557
v -0.0144785801 -0.00725009898 0.0140227694
v -0.0126475394 -0.0109971184 0.0162352193
v -0.00935270544 0.0141083943 0.0191020332
v -0.00927112624 0.0139462734 0.0168069042
v -0.0126475394 0.0109971054 0.0162352268
v -0.00935270544 0.0141083943 0.0191020332
v -0.0126475394 0.0109971054 0.0162352268
v -0.0129523994 0.0109716794 0.0178304631
v -0.00935270544 -0.0141084092 0.0191020221
v -0.0129523994 -0.0109716943 0.0178304557
v -0.0126475394 -0.0109971184 0.0162352193
v -0.00935270544 -0.0141084092 0.0191020221
v -0.0126475394 -0.0109971184 0.0162352193
v -0.00927112624 -0.0139462864 0.0168068931
v -0.0041662599 0.0157922022 0.0184696652
v -0.00504708942 0.0152352564 0.0158047583
v -0.00927112624 0.0139462734 0.0168069042
v -0.0041662599 0.0157922022 0.0184696652
v -0.00927112624 0.0139462734 0.0168069042
v -0.00935270544 0.0141083943 0.0191020332
v -0.0041662599 -0.0157922171 0.018469654
v -0.00935270544 -0.0141084092 0.0191020221
v -0.00927112624 -0.0139462864 0.0168068931
v -0.0041662599 -0.0157922171 0.018469654
v -0.00927112624 -0.0139462864 0.0168068931
v -0.00504708942 -0.0152352694 0.0158047471
v 0.000135512688 0.0157089774 0.0160111841
v -0.00150580052 0.0149061885 0.0136572272
v -0.00504708942 0.0152352564 0.0158047583
v 0.000135512688 0.0157089774 0.0160111841
v -0.00504708942 0.0152352564 0.0158047583
v -0.0041662599 0.0157922022 0.0184696652
v 0.000135512688 -0.0157089885 0.0160111729
v -0.0041662599 -0.0157922171 0.018469654
v -0.00504708942 -0.0152352694 0.0158047471
v 0.000135512688 -0.0157089885 0.0160111729
v -0.00504708942 -0.0152352694 0.0158047471
v -0.00150580052 -0.0149061996 0.013657216
v -0.015277476 0.00692679314 0.017757101
v -0.0132670114 0.0110309776 0.020011358
v -0.0129523994 0.0109716794 0.0178304631
v -0.015277476 0.00692679314 0.017757101
v -0.0129523994 0.0109716794 0.0178304631
v -0.0149121946 0.00691920752 0.0153494412
v -0.015277476 -0.00692680711 0.0177570973
v -0.0149121946 -0.00691921962 0.0153494356
v -0.0129523994 -0.0109716943 0.0178304557
v -0.015277476 -0.00692680711 0.0177570973
v -0.0129523994 -0.0109716943 0.0178304557
v -0.0132670114 -0.0110309944 0.0200113505
v -0.0140297124 0.0112207728 0.0228687637
v -0.0132670114 0.0110309776 0.020011358
v -0.015277476 0.00692679314 0.017757101
v -0.0140297124 0.0112207728 0.0228687637
v -0.015277476 0.00692679314 0.017757101
v -0.0157708693 0.00708009722 0.0203559026
v -0.0140297124 -0.0112207914 0.0228687562
v -0.0157708693 -0.00708011305 0.0203558952
v -0.015277476 -0.00692680711 0.0177570973
v -0.0140297124 -0.0112207914 0.0228687562
v -0.015277476 -0.00692680711 0.0177570973
v -0.0132670114 -0.0110309944 0.0200113505
v -0.0132670114 0.0110309776 0.020011358
v -0.00892704912 0.0145415468 0.0213538539
v -0.00935270544 0.0141083943 0.0191020332
v -0.0132670114 0.0110309776 0.020011358
v -0.00935270544 0.0141083943 0.0191020332
v -0.0129523994 0.0109716794 0.0178304631
v -0.0132670114 -0.0110309944 0.0200113505
v -0.0129523994 -0.0109716943 0.0178304557
v -0.00935270544 -0.0141084092 0.0191020221
v -0.0132670114 -0.0110309944 0.0200113505
v -0.00935270544 -0.0141084092 0.0191020221
v -0.00892704912 -0.0145415636 0.0213538427
v -0.00352189154 0.0162496548 0.0207592249
v -0.0041662599 0.0157922022 0.0184696652
v -0.00935270544 0.0141083943 0.0191020332
v -0.00352189154 0.0162496548 0.0207592249
v -0.00935270544 0.0141083943 0.0191020332
v -0.00892704912 0.0145415468 0.0213538539
v -0.00352189154 -0.0162496697 0.0207592137
v -0.00892704912 -0.0145415636 0.0213538427
v -0.00935270544 -0.0141084092 0.0191020221
v -0.00352189154 -0.0162496697 0.0207592137
v -0.00935270544 -0.0141084092 0.0191020221
v -0.0041662599 -0.0157922171 0.018469654
v -0.0140297124 0.0112207728 0.0228687637
v -0.00847757421 0.015068789 0.023851214
v -0.00892704912 0.0145415468 0.0213538539
v -0.0140297124 0.0112207728 0.0228687637
v -0.00892704912 0.0145415468 0.0213538539
v -0.0132670114 0.0110309776 0.020011358
v -0.0140297124 -0.0112207914 0.0228687562
v -0.0132670114 -0.0110309944 0.0200113505
v -0.00892704912 -0.0145415636 0.0213538427
v -0.0140297124 -0.0112207914 0.0228687562
v -0.00892704912 -0.0145415636 0.0213538427
v -0.00847757421 -0.0150688076 0.0238512028
v -0.00847757421 0.015068789 0.023851214
v -0.00282244035 0.0166248363 0.0230509527
v -0.00352189154 0.0162496548 0.0207592249
v -0.00847757421 0.015068789 0.023851214
v -0.00352189154 0.0162496548 0.0207592249
v -0.00892704912 0.0145415468 0.0213538539
v -0.00847757421 -0.0150688076 0.0238512028
v -0.00892704912 -0.0145415636 0.0213538427
v -0.00352189154 -0.0162496697 0.0207592137
v -0.00847757421 -0.0150688076 0.0238512028
v -0.00352189154 -0.0162496697 0.0207592137
v -0.00282244035 -0.0166248549 0.0230509378
v 0.00258089881 0.0164432842 0.0180438794
v 0.000135512688 0.0157089774 0.0160111841
v -0.0041662599 0.0157922022 0.0184696652
v 0.00258089881 0.0164432842 0.0180438794
v -0.0041662599 0.0157922022 0.0184696652
v -0.00352189154 0.0162496548 0.0207592249
v 0.00258089881 -0.0164432991 0.0180438645
v -0.00352189154 -0.0162496697 0.0207592137
v -0.0041662599 -0.0157922171 0.018469654
v 0.00258089881 -0.0164432991 0.0180438645
v -0.0041662599 -0.0157922171 0.018469654
v 0.000135512688 -0.0157089885 0.0160111729
v 0.00258089881 0.0164432842 0.0180438794
v -0.00352189154 0.0162496548 0.0207592249
v -0.00282244035 0.0166248363 0.0230509527
v 0.00258089881 0.0164432842 0.0180438794
v -0.00282244035 0.0166248363 0.0230509527
v 0.00269086473 0.0169998743 0.0207506418
v 0.00258089881 -0.0164432991 0.0180438645
v 0.00269086473 -0.0169998892 0.0207506269
v -0.00282244035 -0.0166248549 0.0230509378
v 0.00258089881 -0.0164432991 0.0180438645
v -0.00282244035 -0.0166248549 0.0230509378
v -0.00352189154 -0.0162496697 0.0207592137
v -0.0140297124 0.0112207728 0.0228687637
v -0.0120803099 0.0136805233 0.0264797229
v -0.007705817 0.0155177526 0.0265267864
v -0.0140297124 0.0112207728 0.0228687637
v -0.007705817 0.0155177526 0.0265267864
v -0.00847757421 0.015068789 0.023851214
v -0.0140297124 -0.0112207914 0.0228687562
v -0.00847757421 -0.0150688076 0.0238512028
v -0.007705817 -0.0155177731 0.0265267752
v -0.0140297124 -0.0112207914 0.0228687562
v -0.007705817 -0.0155177731 0.0265267752
v -0.0120803099 -0.0136805438 0.0264797118
v -0.017319398 -0.00244417717 0.0215532258
v -0.017319398 0.00244415994 0.0215532295
v -0.0164676886 0.00244293362 0.0190770067
v -0.017319398 -0.00244417717 0.0215532258
v -0.0164676886 0.00244293362 0.0190770067
v -0.0164676886 -0.00244294899 0.019077003
v -0.0159328226 0.00245858915 0.0163100958
v -0.0159328226 -0.00245860219 0.0163100921
v -0.0164676886 -0.00244294899 0.019077003
v -0.0159328226 0.00245858915 0.0163100958
v -0.0164676886 -0.00244294899 0.019077003
v -0.0164676886 0.00244293362 0.0190770067
v -0.0159328226 -0.00245860219 0.0163100921
v -0.0159328226 0.00245858915 0.0163100958
v -0.0154676083 0.00234067626 0.0135024991
v -0.0159328226 -0.00245860219 0.0163100921
v -0.0154676083 0.00234067626 0.0135024991
v -0.0154676083 -0.00234068697 0.0135024972
v -0.0154676083 -0.00234068697 0.0135024972
v -0.0154676083 0.00234067626 0.0135024991
v -0.0145388972 0.00123992923 0.00964053255
v -0.0154676083 -0.00234068697 0.0135024972
v -0.0145388972 0.00123992923 0.00964053255
v -0.0145388972 -0.00123993692 0.00964053068
v -0.0145388972 -0.00123993692 0.00964053068
v -0.0145388972 0.00123992923 0.00964053255
v -0.0117734773 0.000548236945 0.00600645319
v -0.0145388972 -0.00123993692 0.00964053068
v -0.0117734773 0.000548236945 0.00600645319
v -0.0117734773 -0.000548241718 0.00600645319
v -0.0117734773 -0.000548241718 0.00600645319
v -0.0117734773 0.000548236945 0.00600645319
v -0.00780472113 0.000411172048 0.00459664967
v -0.0117734773 -0.000548241718 0.00600645319
v -0.00780472113 0.000411172048 0.00459664967
v -0.00780472113 -0.000411175715 0.00459664967
v -0.00484030182 0.000598749029 0.00469390396
v -0.00484030182 -0.000598752755 0.00469390303
v -0.00780472113 -0.000411175715 0.00459664967
v -0.00484030182 0.000598749029 0.00469390396
v -0.00780472113 -0.000411175715 0.00459664967
v -0.00780472113 0.000411172048 0.00459664967
v -0.0120803099 0.0136805233 0.0264797229
v -0.00980809052 0.0148607027 0.0311544519
v -0.00659417594 0.0155684547 0.0303225163
v -0.0120803099 0.0136805233 0.0264797229
v -0.00659417594 0.0155684547 0.0303225163
v -0.007705817 0.0155177526 0.0265267864
v -0.0120803099 -0.0136805438 0.0264797118
v -0.007705817 -0.0155177731 0.0265267752
v -0.00659417594 -0.015568479 0.0303225052
v -0.0120803099 -0.0136805438 0.0264797118
v -0.00659417594 -0.015568479 0.0303225052
v -0.00980809052 -0.0148607269 0.0311544407
v -0.00849877577 0.0149574401 0.0349843949
v -0.00489951065 0.015382505 0.0338779986
v -0.00659417594 0.0155684547 0.0303225163
v -0.00849877577 0.0149574401 0.0349843949
v -0.00659417594 0.0155684547 0.0303225163
v -0.00980809052 0.0148607027 0.0311544519
v -0.00849877577 -0.014957468 0.03498438
v -0.00980809052 -0.0148607269 0.0311544407
v -0.00659417594 -0.015568479 0.0303225052
v -0.00849877577 -0.014957468 0.03498438
v -0.00659417594 -0.015568479 0.0303225052
v -0.00489951065 -0.015382533 0.0338779837
v -0.00701299403 0.0144329211 0.0387131721
v -0.0033461058 0.0146414256 0.0369260497
v -0.00489951065 0.015382505 0.0338779986
v -0.00701299403 0.0144329211 0.0387131721
v -0.00489951065 0.015382505 0.0338779986
v -0.00849877577 0.0149574401 0.0349843949
v -0.00701299403 -0.0144329527 0.0387131572
v -0.00849877577 -0.014957468 0.03498438
v -0.00489951065 -0.015382533 0.0338779837
v -0.00701299403 -0.0144329527 0.0387131572
v -0.00489951065 -0.015382533 0.0338779837
v -0.0033461058 -0.0146414554 0.0369260348
v -0.00541416602 0.0125657236 0.042255044
v -0.00154887664 0.0126349274 0.0399992317
v -0.0033461058 0.0146414256 0.0369260497
v -0.00541416602 0.0125657236 0.042255044
v -0.0033461058 0.0146414256 0.0369260497
v -0.00701299403 0.0144329211 0.0387131721
v -0.00541416602 -0.0125657571 0.0422550365
v -0.00701299403 -0.0144329527 0.0387131572
v -0.0033461058 -0.0146414554 0.0369260348
v -0.00541416602 -0.0125657571 0.0422550365
v -0.0033461058 -0.0146414554 0.0369260348
v -0.00154887664 -0.0126349591 0.0399992242
v -0.00847757421 0.015068789 0.023851214
v -0.007705817 0.0155177526 0.0265267864
v -0.00239493721 0.0167537574 0.0254646968
v -0.00847757421 0.015068789 0.023851214
v -0.00239493721 0.0167537574 0.0254646968
v -0.00282244035 0.0166248363 0.0230509527
v -0.00847757421 -0.0150688076 0.0238512028
v -0.00282244035 -0.0166248549 0.0230509378
v -0.00239493721 -0.016753776 0.0254646819
v -0.00847757421 -0.0150688076 0.0238512028
v -0.00239493721 -0.016753776 0.0254646819
v -0.007705817 -0.0155177731 0.0265267752
v 0.00269086473 0.0169998743 0.0207506418
v -0.00282244035 0.0166248363 0.0230509527
v -0.00239493721 0.0167537574 0.0254646968
v 0.00269086473 0.0169998743 0.0207506418
v -0.00239493721 0.0167537574 0.0254646968
v 0.00320207118 0.0173353516 0.0243047047
v 0.00269086473 -0.0169998892 0.0207506269
v 0.00320207118 -0.0173353702 0.0243046898
v -0.00239493721 -0.016753776 0.0254646819
v 0.00269086473 -0.0169998892 0.0207506269
v -0.00239493721 -0.016753776 0.0254646819
v -0.00282244035 -0.0166248549 0.0230509378
v 0.000456652575 0.00100311218 0.00593699655
v 0.00269820285 0.0046334262 0.00665809028
v 0.00629385607 0.00444495119 0.00688839983
v 0.000456652575 0.00100311218 0.00593699655
v 0.00629385607 0.00444495119 0.00688839983
v 0.00605420256 0.00114142988 0.00660550222
v 0.000456652575 -0.00100311683 0.00593699561
v 0.00605420256 -0.00114143523 0.00660550129
v 0.00629385607 -0.00444495678 0.00688839611
v 0.000456652575 -0.00100311683 0.00593699561
v 0.00629385607 -0.00444495678 0.00688839611
v 0.00269820285 -0.00463343179 0.00665808655
v 0.00269820285 0.0046334262 0.00665809028
v 0.00364428177 0.00897609256 0.00824190956
v 0.00633197976 0.00855201855 0.00815901253
v 0.00269820285 0.0046334262 0.00665809028
v 0.00633197976 0.00855201855 0.00815901253
v 0.00629385607 0.00444495119 0.00688839983
v 0.00269820285 -0.00463343179 0.00665808655
v 0.00629385607 -0.00444495678 0.00688839611
v 0.00633197976 -0.00855202414 0.00815900508
v 0.00269820285 -0.00463343179 0.00665808655
v 0.00633197976 -0.00855202414 0.00815900508
v 0.00364428177 -0.00897610001 0.00824190211
v -0.0133584188 0.00361319142 0.00809103251
v -0.0109430086 0.00219907332 0.00546748191
v -0.0113830334 0.00139747665 0.0062902458
v -0.0133584188 0.00361319142 0.00809103251
v -0.0113830334 0.00139747665 0.0062902458
v -0.0138787115 0.00259182975 0.00890233368
v -0.0133584188 -0.00361319794 0.00809102878
v -0.0138787115 -0.00259183673 0.00890233181
v -0.0113830334 -0.00139748177 0.00629024487
v -0.0133584188 -0.00361319794 0.00809102878
v -0.0113830334 -0.00139748177 0.00629024487
v -0.0109430086 -0.00219907751 0.00546748005
v -0.0146848895 0.00464075664 0.0116263814
v -0.0139521621 0.0054291822 0.00998772122
v -0.0133584188 0.00361319142 0.00809103251
v -0.0146848895 0.00464075664 0.0116263814
v -0.0133584188 0.00361319142 0.00809103251
v -0.0138787115 0.00259182975 0.00890233368
v -0.0146848895 -0.00464076595 0.0116263777
v -0.0138787115 -0.00259183673 0.00890233181
v -0.0133584188 -0.00361319794 0.00809102878
v -0.0146848895 -0.00464076595 0.0116263777
v -0.0133584188 -0.00361319794 0.00809102878
v -0.0139521621 -0.00542919058 0.00998771749
v -0.0144785801 0.0072500878 0.014022775
v -0.0136956004 0.00773951318 0.0118206702
v -0.0139521621 0.0054291822 0.00998772122
v -0.0144785801 0.0072500878 0.014022775
v -0.0139521621 0.0054291822 0.00998772122
v -0.0146848895 0.00464075664 0.0116263814
v -0.0144785801 -0.00725009898 0.0140227694
v -0.0146848895 -0.00464076595 0.0116263777
v -0.0139521621 -0.00542919058 0.00998771749
v -0.0144785801 -0.00725009898 0.0140227694
v -0.0139521621 -0.00542919058 0.00998771749
v -0.0136956004 -0.00773952249 0.0118206646
v -0.0126475394 0.0109971054 0.0162352268
v -0.0121436631 0.0108307349 0.0133778146
v -0.0136956004 0.00773951318 0.0118206702
v -0.0126475394 0.0109971054 0.0162352268
v -0.0136956004 0.00773951318 0.0118206702
v -0.0144785801 0.0072500878 0.014022775
v -0.0126475394 -0.0109971184 0.0162352193
v -0.0144785801 -0.00725009898 0.0140227694
v -0.0136956004 -0.00773952249 0.0118206646
v -0.0126475394 -0.0109971184 0.0162352193
v -0.0136956004 -0.00773952249 0.0118206646
v -0.0121436631 -0.010830746 0.0133778052
v -0.0126475394 0.0109971054 0.0162352268
v -0.00927112624 0.0139462734 0.0168069042
v -0.00943814963 0.0133734867 0.0140434774
v -0.0126475394 0.0109971054 0.0162352268
v -0.00943814963 0.0133734867 0.0140434774
v -0.0121436631 0.0108307349 0.0133778146
v -0.0126475394 -0.0109971184 0.0162352193
v -0.0121436631 -0.010830746 0.0133778052
v -0.00943814963 -0.0133734979 0.0140434662
v -0.0126475394 -0.0109971184 0.0162352193
v -0.00943814963 -0.0133734979 0.0140434662
v -0.00927112624 -0.0139462864 0.0168068931
v -0.00927112624 0.0139462734 0.0168069042
v -0.00504708942 0.0152352564 0.0158047583
v -0.005824022 0.0146662071 0.0135273542
v -0.00927112624 0.0139462734 0.0168069042
v -0.005824022 0.0146662071 0.0135273542
v -0.00943814963 0.0133734867 0.0140434774
v -0.00927112624 -0.0139462864 0.0168068931
v -0.00943814963 -0.0133734979 0.0140434662
v -0.005824022 -0.0146662183 0.013527343
v -0.00927112624 -0.0139462864 0.0168068931
v -0.005824022 -0.0146662183 0.013527343
v -0.00504708942 -0.0152352694 0.0158047471
v -0.00150580052 0.0149061885 0.0136572272
v -0.00294631347 0.0142559279 0.0117284236
v -0.005824022 0.0146662071 0.0135273542
v -0.00150580052 0.0149061885 0.0136572272
v -0.005824022 0.0146662071 0.0135273542
v -0.00504708942 0.0152352564 0.0158047583
v -0.00150580052 -0.0149061996 0.013657216
v -0.00504708942 -0.0152352694 0.0158047471
v -0.005824022 -0.0146662183 0.013527343
v -0.00150580052 -0.0149061996 0.013657216
v -0.005824022 -0.0146662183 0.013527343
v -0.00294631347 -0.0142559372 0.0117284125
v -0.00150580052 0.0149061885 0.0136572272
v 0.000943528663 0.0126838004 0.0105241202
v -0.000833745173 0.0123658367 0.00930838007
v -0.00150580052 0.0149061885 0.0136572272
v -0.000833745173 0.0123658367 0.00930838007
v -0.00294631347 0.0142559279 0.0117284236
v -0.00150580052 -0.0149061996 0.013657216
v -0.00294631347 -0.0142559372 0.0117284125
v -0.000833745173 -0.0123658441 0.00930837076
v -0.00150580052 -0.0149061996 0.013657216
v -0.000833745173 -0.0123658441 0.00930837076
v 0.000943528663 -0.0126838097 0.0105241109
v 0.000943528663 0.0126838004 0.0105241202
v 0.00165479782 0.00909506157 0.00812679529
v -3.15210855e-05 0.00933150481 0.00710412068
v 0.000943528663 0.0126838004 0.0105241202
v -3.15210855e-05 0.00933150481 0.00710412068
v -0.000833745173 0.0123658367 0.00930838007
v 0.000943528663 -0.0126838097 0.0105241109
v -0.000833745173 -0.0123658441 0.00930837076
v -3.15210855e-05 -0.0093315104 0.00710411323
v 0.000943528663 -0.0126838097 0.0105241109
v -3.15210855e-05 -0.0093315104 0.00710411323
v 0.00165479782 -0.00909506716 0.00812678784
v 0.00165479782 0.00909506157 0.00812679529
v 0.000816437823 0.00505638309 0.00643232837
v -0.000531028141 0.00627526129 0.00579401013
v 0.00165479782 0.00909506157 0.00812679529
v -0.000531028141 0.00627526129 0.00579401013
v -3.15210855e-05 0.00933150481 0.00710412068
v 0.00165479782 -0.00909506716 0.00812678784
v -3.15210855e-05 -0.0093315104 0.00710411323
v -0.000531028141 -0.00627526594 0.00579400547
v 0.00165479782 -0.00909506716 0.00812678784
v -0.000531028141 -0.00627526594 0.00579400547
v 0.000816437823 -0.00505638868 0.00643232465
v 0.000816437823 0.00505638309 0.00643232837
v -0.00144950824 0.00264504878 0.00548690511
v -0.00257543265 0.00387978577 0.00459029246
v 0.000816437823 0.00505638309 0.00643232837
v -0.00257543265 0.00387978577 0.00459029246
v -0.000531028141 0.00627526129 0.00579401013
v 0.000816437823 -0.00505638868 0.00643232465
v -0.000531028141 -0.00627526594 0.00579400547
v -0.00257543265 -0.0038797895 0.00459028967
v 0.000816437823 -0.00505638868 0.00643232465
v -0.00257543265 -0.0038797895 0.00459028967
v -0.00144950824 -0.00264505297 0.00548690325
v -0.00144950824 0.00264504878 0.00548690511
v -0.00505997287 0.00128760398 0.00465451041
v -0.00532124657 0.00233178609 0.00405887701
v -0.00144950824 0.00264504878 0.00548690511
v -0.00532124657 0.00233178609 0.00405887701
v -0.00257543265 0.00387978577 0.00459029246
v -0.00144950824 -0.00264505297 0.00548690325
v -0.00257543265 -0.0038797895 0.00459028967
v -0.00532124657 -0.00233178935 0.00405887514
v -0.00144950824 -0.00264505297 0.00548690325
v -0.00532124657 -0.00233178935 0.00405887514
v -0.00505997287 -0.00128760771 0.00465450948
v -0.00780338841 0.00104845536 0.00474482123
v -0.0113830334 0.00139747665 0.0062902458
v -0.0109430086 0.00219907332 0.00546748191
v -0.00780338841 0.00104845536 0.00474482123
v -0.0109430086 0.00219907332 0.00546748191
v -0.00800764095 0.00205449341 0.00410110736
v -0.00780338841 -0.00104845909 0.0047448203
v -0.00800764095 -0.00205449667 0.0041011055
v -0.0109430086 -0.00219907751 0.00546748005
v -0.00780338841 -0.00104845909 0.0047448203
v -0.0109430086 -0.00219907751 0.00546748005
v -0.0113830334 -0.00139748177 0.00629024487
v -0.00505997287 0.00128760398 0.00465451041
v -0.00780338841 0.00104845536 0.00474482123
v -0.00800764095 0.00205449341 0.00410110736
v -0.00505997287 0.00128760398 0.00465451041
v -0.00800764095 0.00205449341 0.00410110736
v -0.00532124657 0.00233178609 0.00405887701
v -0.00505997287 -0.00128760771 0.00465450948
v -0.00532124657 -0.00233178935 0.00405887514
v -0.00800764095 -0.00205449667 0.0041011055
v -0.00505997287 -0.00128760771 0.00465450948
v -0.00800764095 -0.00205449667 0.0041011055
v -0.00780338841 -0.00104845909 0.0047448203
v -0.0136956004 0.00773951318 0.0118206702
v -0.0128754908 0.00852981675 0.00795368198
v -0.0130591262 0.00666000368 0.00675056735
v -0.0136956004 0.00773951318 0.0118206702
v -0.0130591262 0.00666000368 0.00675056735
v -0.0139521621 0.0054291822 0.00998772122
v -0.0136956004 -0.00773952249 0.0118206646
v -0.0139521621 -0.00542919058 0.00998771749
v -0.0130591262 -0.00666000927 0.00675056176
v -0.0136956004 -0.00773952249 0.0118206646
v -0.0130591262 -0.00666000927 0.00675056176
v -0.0128759211 -0.00852832478 0.00795351993
v -0.0128754908 0.00852981675 0.00795368198
v -0.0122645339 0.00943916198 0.00478598243
v -0.0124257598 0.00751689123 0.00397777976
v -0.0128754908 0.00852981675 0.00795368198
v -0.0124257598 0.00751689123 0.00397777976
v -0.0130591262 0.00666000368 0.00675056735
v -0.0124257598 0.00751689123 0.00397777976
v -0.0122645339 0.00943916198 0.00478598243
v -0.011606222 0.0101515232 0.00151351711
v -0.0124257598 0.00751689123 0.00397777976
v -0.011606222 0.0101515232 0.00151351711
v -0.0115347765 0.00855552498 0.000769804814
v -0.0124257598 -0.00751689402 0.00397777418
v -0.0115347765 -0.00855552498 0.000769797945
v -0.011606222 -0.010151525 0.00151350896
v -0.0124257598 -0.00751689402 0.00397777418
v -0.011606222 -0.010151525 0.00151350896
v -0.0122645339 -0.0094391657 0.00478597498
v -0.0128759211 -0.00852832478 0.00795351993
v -0.0130591262 -0.00666000927 0.00675056176
v -0.0124257598 -0.00751689402 0.00397777418
v -0.0128759211 -0.00852832478 0.00795351993
v -0.0124257598 -0.00751689402 0.00397777418
v -0.0122645339 -0.0094391657 0.00478597498
v -0.0139521621 0.0054291822 0.00998772122
v -0.0130591262 0.00666000368 0.00675056735
v -0.012542001 0.00489212945 0.00547729386
v -0.0139521621 0.0054291822 0.00998772122
v -0.012542001 0.00489212945 0.00547729386
v -0.0133584188 0.00361319142 0.00809103251
v -0.0139521621 -0.00542919058 0.00998771749
v -0.0133584188 -0.00361319794 0.00809102878
v -0.012542001 -0.00489213411 0.00547729013
v -0.0139521621 -0.00542919058 0.00998771749
v -0.012542001 -0.00489213411 0.00547729013
v -0.0130591262 -0.00666000927 0.00675056176
v -0.0130591262 0.00666000368 0.00675056735
v -0.0124257598 0.00751689123 0.00397777976
v -0.011914039 0.00579177449 0.00319886394
v -0.0130591262 0.00666000368 0.00675056735
v -0.011914039 0.00579177449 0.00319886394
v -0.012542001 0.00489212945 0.00547729386
v -0.0130591262 -0.00666000927 0.00675056176
v -0.012542001 -0.00489213411 0.00547729013
v -0.011914039 -0.00579177728 0.00319885928
v -0.0130591262 -0.00666000927 0.00675056176
v -0.011914039 -0.00579177728 0.00319885928
v -0.0124257598 -0.00751689402 0.00397777418
v -0.0124257598 0.00751689123 0.00397777976
v -0.0115347765 0.00855552498 0.000769804814
v -0.0110565564 0.00715884939 0.000405206811
v -0.0124257598 0.00751689123 0.00397777976
v -0.0110565564 0.00715884939 0.000405206811
v -0.011914039 0.00579177449 0.00319886394
v -0.0124257598 -0.00751689402 0.00397777418
v -0.011914039 -0.00579177728 0.00319885928
v -0.0110565564 -0.00715884939 0.000405201106
v -0.0124257598 -0.00751689402 0.00397777418
v -0.0110565564 -0.00715884939 0.000405201106
v -0.0115347765 -0.00855552498 0.000769797945
v -0.0121436631 0.0108307349 0.0133778146
v -0.0117690153 0.0110348277 0.00911449734
v -0.0128754908 0.00852981675 0.00795368198
v -0.0121436631 0.0108307349 0.0133778146
v -0.0128754908 0.00852981675 0.00795368198
v -0.0136956004 0.00773951318 0.0118206702
v -0.0121436631 -0.010830746 0.0133778052
v -0.0136956004 -0.00773952249 0.0118206646
v -0.0128759211 -0.00852832478 0.00795351993
v -0.0121436631 -0.010830746 0.0133778052
v -0.0128759211 -0.00852832478 0.00795351993
v -0.0117690153 -0.0110348351 0.00911448803
v -0.0117690153 0.0110348277 0.00911449734
v -0.0114576453 0.0112931281 0.00545115815
v -0.0122645339 0.00943916198 0.00478598243
v -0.0117690153 0.0110348277 0.00911449734
v -0.0122645339 0.00943916198 0.00478598243
v -0.0128754908 0.00852981675 0.00795368198
v -0.0117690153 -0.0110348351 0.00911448803
v -0.0128759211 -0.00852832478 0.00795351993
v -0.0122645339 -0.0094391657 0.00478597498
v -0.0117690153 -0.0110348351 0.00911448803
v -0.0122645339 -0.0094391657 0.00478597498
v -0.0114576453 -0.0112931319 0.00545114884
v -0.0122645339 0.00943916198 0.00478598243
v -0.0114576453 0.0112931281 0.00545115815
v -0.0110601019 0.0115525657 0.00215713191
v -0.0122645339 0.00943916198 0.00478598243
v -0.0110601019 0.0115525657 0.00215713191
v -0.011606222 0.0101515232 0.00151351711
v -0.0122645339 -0.0094391657 0.00478597498
v -0.011606222 -0.010151525 0.00151350896
v -0.0110601019 -0.0115525676 0.0021571226
v -0.0122645339 -0.0094391657 0.00478597498
v -0.0110601019 -0.0115525676 0.0021571226
v -0.0114576453 -0.0112931319 0.00545114884
v -0.00943814963 0.0133734867 0.0140434774
v -0.00951130781 0.0132587831 0.00958176516
v -0.0117690153 0.0110348277 0.00911449734
v -0.00943814963 0.0133734867 0.0140434774
v -0.0117690153 0.0110348277 0.00911449734
v -0.0121436631 0.0108307349 0.0133778146
v -0.00943814963 -0.0133734979 0.0140434662
v -0.0121436631 -0.010830746 0.0133778052
v -0.0117690153 -0.0110348351 0.00911448803
v -0.00943814963 -0.0133734979 0.0140434662
v -0.0117690153 -0.0110348351 0.00911448803
v -0.00951130781 -0.0132587906 0.00958175398
v -0.005824022 0.0146662071 0.0135273542
v -0.00696595851 0.0143323503 0.0090309903
v -0.00951130781 0.0132587831 0.00958176516
v -0.005824022 0.0146662071 0.0135273542
v -0.00951130781 0.0132587831 0.00958176516
v -0.00943814963 0.0133734867 0.0140434774
v -0.005824022 -0.0146662183 0.013527343
v -0.00943814963 -0.0133734979 0.0140434662
v -0.00951130781 -0.0132587906 0.00958175398
v -0.005824022 -0.0146662183 0.013527343
v -0.00951130781 -0.0132587906 0.00958175398
v -0.00696595851 -0.0143323578 0.00903097913
v -0.005824022 0.0146662071 0.0135273542
v -0.00294631347 0.0142559279 0.0117284236
v -0.00439201202 0.0140852584 0.00800788496
v -0.005824022 0.0146662071 0.0135273542
v -0.00439201202 0.0140852584 0.00800788496
v -0.00696595851 0.0143323503 0.0090309903
v -0.005824022 -0.0146662183 0.013527343
v -0.00696595851 -0.0143323578 0.00903097913
v -0.00439201202 -0.0140852639 0.00800787378
v -0.005824022 -0.0146662183 0.013527343
v -0.00439201202 -0.0140852639 0.00800787378
v -0.00294631347 -0.0142559372 0.0117284125
v -0.00294631347 0.0142559279 0.0117284236
v -0.000833745173 0.0123658367 0.00930838007
v -0.00249540363 0.0126580326 0.0063375663
v -0.00294631347 0.0142559279 0.0117284236
v -0.00249540363 0.0126580326 0.0063375663
v -0.00439201202 0.0140852584 0.00800788496
v -0.00294631347 -0.0142559372 0.0117284125
v -0.00439201202 -0.0140852639 0.00800787378
v -0.00249540363 -0.0126580382 0.00633755606
v -0.00294631347 -0.0142559372 0.0117284125
v -0.00249540363 -0.0126580382 0.00633755606
v -0.000833745173 -0.0123658441 0.00930837076
v -0.0133584188 0.00361319142 0.00809103251
v -0.012542001 0.00489212945 0.00547729386
v -0.0106516108 0.00342465541 0.00386001822
v -0.0133584188 0.00361319142 0.00809103251
v -0.0106516108 0.00342465541 0.00386001822
v -0.0109430086 0.00219907332 0.00546748191
v -0.0133584188 -0.00361319794 0.00809102878
v -0.0109430086 -0.00219907751 0.00546748005
v -0.0106516108 -0.00342465867 0.00386001542
v -0.0133584188 -0.00361319794 0.00809102878
v -0.0106516108 -0.00342465867 0.00386001542
v -0.012542001 -0.00489213411 0.00547729013
v -0.00800764095 0.00205449341 0.00410110736
v -0.0109430086 0.00219907332 0.00546748191
v -0.0106516108 0.00342465541 0.00386001822
v -0.00800764095 0.00205449341 0.00410110736
v -0.0106516108 0.00342465541 0.00386001822
v -0.00822991226 0.0030641593 0.00272398163
v -0.00800764095 -0.00205449667 0.0041011055
v -0.00822991226 -0.00306416163 0.0027239793
v -0.0106516108 -0.00342465867 0.00386001542
v -0.00800764095 -0.00205449667 0.0041011055
v -0.0106516108 -0.00342465867 0.00386001542
v -0.0109430086 -0.00219907751 0.00546748005
v -0.00532124657 0.00233178609 0.00405887701
v -0.00800764095 0.00205449341 0.00410110736
v -0.00822991226 0.0030641593 0.00272398163
v -0.00532124657 0.00233178609 0.00405887701
v -0.00822991226 0.0030641593 0.00272398163
v -0.00584176695 0.00343261589 0.00232046982
v -0.00532124657 -0.00233178935 0.00405887514
v -0.00584176695 -0.00343261776 0.00232046703
v -0.00822991226 -0.00306416163 0.0027239793
v -0.00532124657 -0.00233178935 0.00405887514
v -0.00822991226 -0.00306416163 0.0027239793
v -0.00800764095 -0.00205449667 0.0041011055
v -0.00257543265 0.00387978577 0.00459029246
v -0.00532124657 0.00233178609 0.00405887701
v -0.00584176695 0.00343261589 0.00232046982
v -0.00257543265 0.00387978577 0.00459029246
v -0.00584176695 0.00343261589 0.00232046982
v -0.00332617573 0.00487105176 0.0027289961
v -0.00257543265 -0.0038797895 0.00459028967
v -0.00332617573 -0.00487105362 0.00272899237
v -0.00584176695 -0.00343261776 0.00232046703
v -0.00257543265 -0.0038797895 0.00459028967
v -0.00584176695 -0.00343261776 0.00232046703
v -0.00532124657 -0.00233178935 0.00405887514
v -0.000531028141 0.00627526129 0.00579401013
v -0.00257543265 0.00387978577 0.00459029246
v -0.00332617573 0.00487105176 0.0027289961
v -0.000531028141 0.00627526129 0.00579401013
v -0.00332617573 0.00487105176 0.0027289961
v -0.0017432234 0.00735249836 0.00351164117
v -0.000531028141 -0.00627526594 0.00579400547
v -0.0017432234 -0.00735250115 0.00351163512
v -0.00332617573 -0.00487105362 0.00272899237
v -0.000531028141 -0.00627526594 0.00579400547
v -0.00332617573 -0.00487105362 0.00272899237
v -0.00257543265 -0.0038797895 0.00459028967
v -3.15210855e-05 0.00933150481 0.00710412068
v -0.000531028141 0.00627526129 0.00579401013
v -0.0017432234 0.00735249836 0.00351164117
v -3.15210855e-05 0.00933150481 0.00710412068
v -0.0017432234 0.00735249836 0.00351164117
v -0.00146202534 0.0101053454 0.00465479773
v -3.15210855e-05 -0.0093315104 0.00710411323
v -0.00146202534 -0.0101053491 0.00465478934
v -0.0017432234 -0.00735250115 0.00351163512
v -3.15210855e-05 -0.0093315104 0.00710411323
v -0.0017432234 -0.00735250115 0.00351163512
v -0.000531028141 -0.00627526594 0.00579400547
v -0.000833745173 0.0123658367 0.00930838007
v -3.15210855e-05 0.00933150481 0.00710412068
v -0.00146202534 0.0101053454 0.00465479773
v -0.000833745173 0.0123658367 0.00930838007
v -0.00146202534 0.0101053454 0.00465479773
v -0.00249540363 0.0126580326 0.0063375663
v -0.000833745173 -0.0123658441 0.00930837076
v -0.00249540363 -0.0126580382 0.00633755606
v -0.00146202534 -0.0101053491 0.00465478934
v -0.000833745173 -0.0123658441 0.00930837076
v -0.00146202534 -0.0101053491 0.00465478934
v -3.15210855e-05 -0.0093315104 0.00710411323
v -0.00951130781 0.0132587831 0.00958176516
v -0.00968031678 0.0131202759 0.00563964294
v -0.0114576453 0.0112931281 0.00545115815
v -0.00951130781 0.0132587831 0.00958176516
v -0.0114576453 0.0112931281 0.00545115815
v -0.0117690153 0.0110348277 0.00911449734
v -0.00951130781 -0.0132587906 0.00958175398
v -0.0117690153 -0.0110348351 0.00911448803
v -0.0114576453 -0.0112931319 0.00545114884
v -0.00951130781 -0.0132587906 0.00958175398
v -0.0114576453 -0.0112931319 0.00545114884
v -0.00968031678 -0.0131202796 0.0056396327
v -0.0114576453 0.0112931281 0.00545115815
v -0.00968031678 0.0131202759 0.00563964294
v -0.00996846706 0.0127465837 0.00230972166
v -0.0114576453 0.0112931281 0.00545115815
v -0.00996846706 0.0127465837 0.00230972166
v -0.0110601019 0.0115525657 0.00215713191
v -0.0114576453 -0.0112931319 0.00545114884
v -0.0110601019 -0.0115525676 0.0021571226
v -0.00996846706 -0.0127465855 0.00230971142
v -0.0114576453 -0.0112931319 0.00545114884
v -0.00996846706 -0.0127465855 0.00230971142
v -0.00968031678 -0.0131202796 0.0056396327
v -0.00951130781 0.0132587831 0.00958176516
v -0.00696595851 0.0143323503 0.0090309903
v -0.00761003606 0.0140805189 0.00520472974
v -0.00951130781 0.0132587831 0.00958176516
v -0.00761003606 0.0140805189 0.00520472974
v -0.00968031678 0.0131202759 0.00563964294
v -0.00951130781 -0.0132587906 0.00958175398
v -0.00968031678 -0.0131202796 0.0056396327
v -0.00761003606 -0.0140805226 0.00520471856
v -0.00951130781 -0.0132587906 0.00958175398
v -0.00761003606 -0.0140805226 0.00520471856
v -0.00696595851 -0.0143323578 0.00903097913
v -0.00761003606 0.0140805189 0.00520472974
v -0.00826428458 0.0136223845 0.00188301259
v -0.00996846706 0.0127465837 0.00230972166
v -0.00761003606 0.0140805189 0.00520472974
v -0.00996846706 0.0127465837 0.00230972166
v -0.00968031678 0.0131202759 0.00563964294
v -0.00761003606 -0.0140805226 0.00520471856
v -0.00968031678 -0.0131202796 0.0056396327
v -0.00996846706 -0.0127465855 0.00230971142
v -0.00761003606 -0.0140805226 0.00520471856
v -0.00996846706 -0.0127465855 0.00230971142
v -0.00826428458 -0.0136223864 0.00188300165
v -0.00696595851 0.0143323503 0.0090309903
v -0.00439201202 0.0140852584 0.00800788496
v -0.00543218479 0.0139492685 0.00463762833
v -0.00696595851 0.0143323503 0.0090309903
v -0.00543218479 0.0139492685 0.00463762833
v -0.00761003606 0.0140805189 0.00520472974
v -0.00696595851 -0.0143323578 0.00903097913
v -0.00761003606 -0.0140805226 0.00520471856
v -0.00543218479 -0.0139492722 0.00463761715
v -0.00696595851 -0.0143323578 0.00903097913
v -0.00543218479 -0.0139492722 0.00463761715
v -0.00439201202 -0.0140852639 0.00800787378
v -0.00761003606 0.0140805189 0.00520472974
v -0.00543218479 0.0139492685 0.00463762833
v -0.00644376082 0.013620263 0.00153875293
v -0.00761003606 0.0140805189 0.00520472974
v -0.00644376082 0.013620263 0.00153875293
v -0.00826428458 0.0136223845 0.00188301259
v -0.00761003606 -0.0140805226 0.00520471856
v -0.00826428458 -0.0136223864 0.00188300165
v -0.00644376082 -0.0136202648 0.00153874198
v -0.00761003606 -0.0140805226 0.00520471856
v -0.00644376082 -0.0136202648 0.00153874198
v -0.00543218479 -0.0139492722 0.00463761715
v -0.00439201202 0.0140852584 0.00800788496
v -0.00249540363 0.0126580326 0.0063375663
v -0.00356255239 0.012666665 0.00353214005
v -0.00439201202 0.0140852584 0.00800788496
v -0.00356255239 0.012666665 0.00353214005
v -0.00543218479 0.0139492685 0.00463762833
v -0.00439201202 -0.0140852639 0.00800787378
v -0.00543218479 -0.0139492722 0.00463761715
v -0.00356255239 -0.0126666687 0.00353212981
v -0.00439201202 -0.0140852639 0.00800787378
v -0.00356255239 -0.0126666687 0.00353212981
v -0.00249540363 -0.0126580382 0.00633755606
v -0.00543218479 0.0139492685 0.00463762833
v -0.00356255239 0.012666665 0.00353214005
v -0.00472707488 0.0126106553 0.00099373702
v -0.00543218479 0.0139492685 0.00463762833
v -0.00472707488 0.0126106553 0.00099373702
v -0.00644376082 0.013620263 0.00153875293
v -0.00543218479 -0.0139492722 0.00463761715
v -0.00644376082 -0.0136202648 0.00153874198
v -0.00472707488 -0.0126106553 0.000993727008
v -0.00543218479 -0.0139492722 0.00463761715
v -0.00472707488 -0.0126106553 0.000993727008
v -0.00356255239 -0.0126666687 0.00353212981
v -0.00249540363 0.0126580326 0.0063375663
v -0.00146202534 0.0101053454 0.00465479773
v -0.00249193632 0.0105650565 0.00247968547
v -0.00249540363 0.0126580326 0.0063375663
v -0.00249193632 0.0105650565 0.00247968547
v -0.00356255239 0.012666665 0.00353214005
v -0.00249540363 -0.0126580382 0.00633755606
v -0.00356255239 -0.0126666687 0.00353212981
v -0.00249193632 -0.0105650583 0.00247967709
v -0.00249540363 -0.0126580382 0.00633755606
v -0.00249193632 -0.0105650583 0.00247967709
v -0.00146202534 -0.0101053491 0.00465478934
v -0.00356255239 0.012666665 0.00353214005
v -0.00249193632 0.0105650565 0.00247968547
v -0.00375557085 0.0109274965 0.000255126419
v -0.00356255239 0.012666665 0.00353214005
v -0.00375557085 0.0109274965 0.000255126419
v -0.00472707488 0.0126106553 0.00099373702
v -0.00356255239 -0.0126666687 0.00353212981
v -0.00472707488 -0.0126106553 0.000993727008
v -0.00375557085 -0.0109274965 0.000255117688
v -0.00356255239 -0.0126666687 0.00353212981
v -0.00375557085 -0.0109274965 0.000255117688
v -0.00249193632 -0.0105650583 0.00247967709
v -0.00146202534 0.0101053454 0.00465479773
v -0.0017432234 0.00735249836 0.00351164117
v -0.00263891555 0.00798127428 0.00156562577
v -0.00146202534 0.0101053454 0.00465479773
v -0.00263891555 0.00798127428 0.00156562577
v -0.00249193632 0.0105650565 0.00247968547
v -0.00146202534 -0.0101053491 0.00465478934
v -0.00249193632 -0.0105650583 0.00247967709
v -0.00263891555 -0.00798127614 0.00156561949
v -0.00146202534 -0.0101053491 0.00465478934
v -0.00263891555 -0.00798127614 0.00156561949
v -0.0017432234 -0.00735250115 0.00351163512
v -0.00263891555 0.00798127428 0.00156562577
v -0.00387097732 0.00884476397 -0.000532149104
v -0.00375557085 0.0109274965 0.000255126419
v -0.00263891555 0.00798127428 0.00156562577
v -0.00375557085 0.0109274965 0.000255126419
v -0.00249193632 0.0105650565 0.00247968547
v -0.00263891555 -0.00798127614 0.00156561949
v -0.00249193632 -0.0105650583 0.00247967709
v -0.00375557085 -0.0109274965 0.000255117688
v -0.00263891555 -0.00798127614 0.00156561949
v -0.00375557085 -0.0109274965 0.000255117688
v -0.00387097732 -0.00884476397 -0.000532156206
v -0.00332617573 0.00487105176 0.0027289961
v -0.00403349847 0.00591197191 0.000791648694
v -0.00263891555 0.00798127428 0.00156562577
v -0.00332617573 0.00487105176 0.0027289961
v -0.00263891555 0.00798127428 0.00156562577
v -0.0017432234 0.00735249836 0.00351164117
v -0.00332617573 -0.00487105362 0.00272899237
v -0.0017432234 -0.00735250115 0.00351163512
v -0.00263891555 -0.00798127614 0.00156561949
v -0.00332617573 -0.00487105362 0.00272899237
v -0.00263891555 -0.00798127614 0.00156561949
v -0.00403349847 -0.00591197284 0.000791643921
v -0.00263891555 0.00798127428 0.00156562577
v -0.00403349847 0.00591197191 0.000791648694
v -0.00507541932 0.00681769149 -0.000831247366
v -0.00263891555 0.00798127428 0.00156562577
v -0.00507541932 0.00681769149 -0.000831247366
v -0.00387097732 0.00884476397 -0.000532149104
v -0.00263891555 -0.00798127614 0.00156561949
v -0.00387097732 -0.00884476397 -0.000532156206
v -0.00507541932 -0.00681769056 -0.000831252837
v -0.00263891555 -0.00798127614 0.00156561949
v -0.00507541932 -0.00681769056 -0.000831252837
v -0.00403349847 -0.00591197284 0.000791643921
v -0.00332617573 0.00487105176 0.0027289961
v -0.00584176695 0.00343261589 0.00232046982
v -0.00636702729 0.00449257903 0.000665599771
v -0.00332617573 0.00487105176 0.0027289961
v -0.00636702729 0.00449257903 0.000665599771
v -0.00403349847 0.00591197191 0.000791648694
v -0.00332617573 -0.00487105362 0.00272899237
v -0.00403349847 -0.00591197284 0.000791643921
v -0.00636702729 -0.00449257996 0.000665596162
v -0.00332617573 -0.00487105362 0.00272899237
v -0.00636702729 -0.00449257996 0.000665596162
v -0.00584176695 -0.00343261776 0.00232046703
v -0.00403349847 0.00591197191 0.000791648694
v -0.00636702729 0.00449257903 0.000665599771
v -0.00697543006 0.00576785346 -0.00079250714
v -0.00403349847 0.00591197191 0.000791648694
v -0.00697543006 0.00576785346 -0.00079250714
v -0.00507541932 0.00681769149 -0.000831247366
v -0.00403349847 -0.00591197284 0.000791643921
v -0.00507541932 -0.00681769056 -0.000831252837
v -0.00697543006 -0.00576785253 -0.000792511797
v -0.00403349847 -0.00591197284 0.000791643921
v -0.00697543006 -0.00576785253 -0.000792511797
v -0.00636702729 -0.00449257996 0.000665596162
v -0.00822991226 0.0030641593 0.00272398163
v -0.00845991634 0.00431206636 0.000987251988
v -0.00636702729 0.00449257903 0.000665599771
v -0.00822991226 0.0030641593 0.00272398163
v -0.00636702729 0.00449257903 0.000665599771
v -0.00584176695 0.00343261589 0.00232046982
v -0.00822991226 -0.00306416163 0.0027239793
v -0.00584176695 -0.00343261776 0.00232046703
v -0.00636702729 -0.00449257996 0.000665596162
v -0.00822991226 -0.00306416163 0.0027239793
v -0.00636702729 -0.00449257996 0.000665596162
v -0.00845991634 -0.00431206729 0.000987248495
v -0.00636702729 0.00449257903 0.000665599771
v -0.00845991634 0.00431206636 0.000987251988
v -0.00863784645 0.00566047896 -0.000521261944
v -0.00636702729 0.00449257903 0.000665599771
v -0.00863784645 0.00566047896 -0.000521261944
v -0.00697543006 0.00576785346 -0.00079250714
v -0.00636702729 -0.00449257996 0.000665596162
v -0.00697543006 -0.00576785253 -0.000792511797
v -0.00863784645 -0.00566047896 -0.000521266484
v -0.00636702729 -0.00449257996 0.000665596162
v -0.00863784645 -0.00566047896 -0.000521266484
v -0.00845991634 -0.00431206729 0.000987248495
v -0.012542001 0.00489212945 0.00547729386
v -0.011914039 0.00579177449 0.00319886394
v -0.0105815604 0.00464407681 0.00221527182
v -0.012542001 0.00489212945 0.00547729386
v -0.0105815604 0.00464407681 0.00221527182
v -0.0106516108 0.00342465541 0.00386001822
v -0.012542001 -0.00489213411 0.00547729013
v -0.0106516108 -0.00342465867 0.00386001542
v -0.0105815604 -0.00464407867 0.00221526809
v -0.012542001 -0.00489213411 0.00547729013
v -0.0105815604 -0.00464407867 0.00221526809
v -0.011914039 -0.00579177728 0.00319885928
v -0.00822991226 0.0030641593 0.00272398163
v -0.0106516108 0.00342465541 0.00386001822
v -0.0105815604 0.00464407681 0.00221527182
v -0.00822991226 0.0030641593 0.00272398163
v -0.0105815604 0.00464407681 0.00221527182
v -0.00845991634 0.00431206636 0.000987251988
v -0.00822991226 -0.00306416163 0.0027239793
v -0.00845991634 -0.00431206729 0.000987248495
v -0.0105815604 -0.00464407867 0.00221526809
v -0.00822991226 -0.00306416163 0.0027239793
v -0.0105815604 -0.00464407867 0.00221526809
v -0.0106516108 -0.00342465867 0.00386001542
v -0.011914039 0.00579177449 0.00319886394
v -0.0110565564 0.00715884939 0.000405206811
v -0.0101369387 0.00621221075 1.15374705e-05
v -0.011914039 0.00579177449 0.00319886394
v -0.0101369387 0.00621221075 1.15374705e-05
v -0.0105815604 0.00464407681 0.00221527182
v -0.011914039 -0.00579177728 0.00319885928
v -0.0105815604 -0.00464407867 0.00221526809
v -0.0101369387 -0.00621221075 1.15325065e-05
v -0.011914039 -0.00579177728 0.00319885928
v -0.0101369387 -0.00621221075 1.15325065e-05
v -0.0110565564 -0.00715884939 0.000405201106
v -0.0105815604 0.00464407681 0.00221527182
v -0.0101369387 0.00621221075 1.15374705e-05
v -0.00863784645 0.00566047896 -0.000521261944
v -0.0105815604 0.00464407681 0.00221527182
v -0.00863784645 0.00566047896 -0.000521261944
v -0.00845991634 0.00431206636 0.000987251988
v -0.0105815604 -0.00464407867 0.00221526809
v -0.00845991634 -0.00431206729 0.000987248495
v -0.00863784645 -0.00566047896 -0.000521266484
v -0.0105815604 -0.00464407867 0.00221526809
v -0.00863784645 -0.00566047896 -0.000521266484
v -0.0101369387 -0.00621221075 1.15325065e-05
v -0.00697543006 0.00576785346 -0.00079250714
v -0.00863784645 0.00566047896 -0.000521261944
v -0.00868621096 0.00656568538 -0.000742473349
v -0.00697543006 0.00576785346 -0.00079250714
v -0.00868621096 0.00656568538 -0.000742473349
v -0.00717533473 0.00669081183 -0.00101408677
v -0.00697543006 -0.00576785253 -0.000792511797
v -0.00717533473 -0.0066908109 -0.00101409212
v -0.00868621096 -0.00656568445 -0.000742478587
v -0.00697543006 -0.00576785253 -0.000792511797
v -0.00868621096 -0.00656568445 -0.000742478587
v -0.00863784645 -0.00566047896 -0.000521266484
v -0.00507541932 0.00681769149 -0.000831247366
v -0.00697543006 0.00576785346 -0.00079250714
v -0.00717533473 0.00669081183 -0.00101408677
v -0.00507541932 0.00681769149 -0.000831247366
v -0.00717533473 0.00669081183 -0.00101408677
v -0.00587831577 0.00756897731 -0.00106539344
v -0.00507541932 -0.00681769056 -0.000831252837
v -0.00587831577 -0.00756897638 -0.0010653995
v -0.00717533473 -0.0066908109 -0.00101409212
v -0.00507541932 -0.00681769056 -0.000831252837
v -0.00717533473 -0.0066908109 -0.00101409212
v -0.00697543006 -0.00576785253 -0.000792511797
v -0.00387097732 0.00884476397 -0.000532149104
v -0.00507541932 0.00681769149 -0.000831247366
v -0.00587831577 0.00756897731 -0.00106539344
v -0.00387097732 0.00884476397 -0.000532149104
v -0.00587831577 0.00756897731 -0.00106539344
v -0.00491720717 0.0092005115 -0.000837828789
v -0.00387097732 -0.00884476397 -0.000532156206
v -0.00491720717 -0.0092005115 -0.000837836124
v -0.00587831577 -0.00756897638 -0.0010653995
v -0.00387097732 -0.00884476397 -0.000532156206
v -0.00587831577 -0.00756897638 -0.0010653995
v -0.00507541932 -0.00681769056 -0.000831252837
v -0.00375557085 0.0109274965 0.000255126419
v -0.00387097732 0.00884476397 -0.000532149104
v -0.00491720717 0.0092005115 -0.000837828789
v -0.00375557085 0.0109274965 0.000255126419
v -0.00491720717 0.0092005115 -0.000837828789
v -0.00495996885 0.0110199796 -0.000239881061
v -0.00375557085 -0.0109274965 0.000255117688
v -0.00495996885 -0.0110199796 -0.00023988988
v -0.00491720717 -0.0092005115 -0.000837836124
v -0.00375557085 -0.0109274965 0.000255117688
v -0.00491720717 -0.0092005115 -0.000837836124
v -0.00387097732 -0.00884476397 -0.000532156206
v -0.00375557085 0.0109274965 0.000255126419
v -0.00495996885 0.0110199796 -0.000239881061
v -0.00538069848 0.0122231804 0.000341440318
v -0.00375557085 0.0109274965 0.000255126419
v -0.00538069848 0.0122231804 0.000341440318
v -0.00472707488 0.0126106553 0.00099373702
v -0.00375557085 -0.0109274965 0.000255117688
v -0.00472707488 -0.0126106553 0.000993727008
v -0.00538069848 -0.0122231804 0.000341430539
v -0.00375557085 -0.0109274965 0.000255117688
v -0.00538069848 -0.0122231804 0.000341430539
v -0.00495996885 -0.0110199796 -0.00023988988
v -0.00644376082 0.013620263 0.00153875293
v -0.00472707488 0.0126106553 0.00099373702
v -0.00538069848 0.0122231804 0.000341440318
v -0.00644376082 0.013620263 0.00153875293
v -0.00538069848 0.0122231804 0.000341440318
v -0.0066753095 0.0129975341 0.000661993807
v -0.00644376082 -0.0136202648 0.00153874198
v -0.0066753095 -0.0129975341 0.000661983446
v -0.00538069848 -0.0122231804 0.000341430539
v -0.00644376082 -0.0136202648 0.00153874198
v -0.00538069848 -0.0122231804 0.000341430539
v -0.00472707488 -0.0126106553 0.000993727008
v -0.00644376082 0.013620263 0.00153875293
v -0.0066753095 0.0129975341 0.000661993807
v -0.00836600363 0.0130324317 0.00100010971
v -0.00644376082 0.013620263 0.00153875293
v -0.00836600363 0.0130324317 0.00100010971
v -0.00826428458 0.0136223845 0.00188301259
v -0.00644376082 -0.0136202648 0.00153874198
v -0.00826428458 -0.0136223864 0.00188300165
v -0.00836600363 -0.0130324317 0.00100009923
v -0.00644376082 -0.0136202648 0.00153874198
v -0.00836600363 -0.0130324317 0.00100009923
v -0.0066753095 -0.0129975341 0.000661983446
v -0.00826428458 0.0136223845 0.00188301259
v -0.00836600363 0.0130324317 0.00100010971
v -0.00974476524 0.0124644237 0.00141548482
v -0.00826428458 0.0136223845 0.00188301259
v -0.00974476524 0.0124644237 0.00141548482
v -0.00996846706 0.0127465837 0.00230972166
v -0.00826428458 -0.0136223864 0.00188300165
v -0.00996846706 -0.0127465855 0.00230971142
v -0.00974476524 -0.0124644255 0.00141547481
v -0.00826428458 -0.0136223864 0.00188300165
v -0.00974476524 -0.0124644255 0.00141547481
v -0.00836600363 -0.0130324317 0.00100009923
v -0.00996846706 0.0127465837 0.00230972166
v -0.00974476524 0.0124644237 0.00141548482
v -0.0105779245 0.0115365479 0.00129986333
v -0.00996846706 0.0127465837 0.00230972166
v -0.0105779245 0.0115365479 0.00129986333
v -0.0110601019 0.0115525657 0.00215713191
v -0.00996846706 -0.0127465855 0.00230971142
v -0.0110601019 -0.0115525676 0.0021571226
v -0.0105779245 -0.0115365498 0.00129985402
v -0.00996846706 -0.0127465855 0.00230971142
v -0.0105779245 -0.0115365498 0.00129985402
v -0.00974476524 -0.0124644255 0.00141547481
v -0.0110601019 0.0115525657 0.00215713191
v -0.0105779245 0.0115365479 0.00129986333
v -0.0110254623 0.0101750223 0.000770379789
v -0.0110601019 0.0115525657 0.00215713191
v -0.0110254623 0.0101750223 0.000770379789
v -0.011606222 0.0101515232 0.00151351711
v -0.0110601019 -0.0115525676 0.0021571226
v -0.011606222 -0.010151525 0.00151350896
v -0.0110254623 -0.0101750223 0.00077037164
v -0.0110601019 -0.0115525676 0.0021571226
v -0.0110254623 -0.0101750223 0.00077037164
v -0.0105779245 -0.0115365498 0.00129985402
v -0.011606222 0.0101515232 0.00151351711
v -0.0110254623 0.0101750223 0.000770379789
v -0.0110027082 0.00884632394 0.000306856033
v -0.011606222 0.0101515232 0.00151351711
v -0.0110027082 0.00884632394 0.000306856033
v -0.0115347765 0.00855552498 0.000769804814
v -0.011606222 -0.010151525 0.00151350896
v -0.0115347765 -0.00855552498 0.000769797945
v -0.0110027082 -0.00884632394 0.00030684899
v -0.011606222 -0.010151525 0.00151350896
v -0.0110027082 -0.00884632394 0.00030684899
v -0.0110254623 -0.0101750223 0.00077037164
v -0.0110565564 0.00715884939 0.000405206811
v -0.0115347765 0.00855552498 0.000769804814
v -0.0110027082 0.00884632394 0.000306856033
v -0.0110565564 0.00715884939 0.000405206811
v -0.0110027082 0.00884632394 0.000306856033
v -0.0105704106 0.00764209079 -4.22127196e-05
v -0.0110565564 -0.00715884939 0.000405201106
v -0.0105704106 -0.00764209079 -4.22188241e-05
v -0.0110027082 -0.00884632394 0.00030684899
v -0.0110565564 -0.00715884939 0.000405201106
v -0.0110027082 -0.00884632394 0.00030684899
v -0.0115347765 -0.00855552498 0.000769797945
v -0.0110565564 0.00715884939 0.000405206811
v -0.0105704106 0.00764209079 -4.22127196e-05
v -0.00985435583 0.00683492981 -0.000307901792
v -0.0110565564 0.00715884939 0.000405206811
v -0.00985435583 0.00683492981 -0.000307901792
v -0.0101369387 0.00621221075 1.15374705e-05
v -0.0110565564 -0.00715884939 0.000405201106
v -0.0101369387 -0.00621221075 1.15325065e-05
v -0.00985435583 -0.00683492981 -0.000307907263
v -0.0110565564 -0.00715884939 0.000405201106
v -0.00985435583 -0.00683492981 -0.000307907263
v -0.0105704106 -0.00764209079 -4.22188241e-05
v -0.00863784645 0.00566047896 -0.000521261944
v -0.0101369387 0.00621221075 1.15374705e-05
v -0.00985435583 0.00683492981 -0.000307901792
v -0.00863784645 0.00566047896 -0.000521261944
v -0.00985435583 0.00683492981 -0.000307901792
v -0.00868621096 0.00656568538 -0.000742473349
v -0.00863784645 -0.00566047896 -0.000521266484
v -0.00868621096 -0.00656568445 -0.000742478587
v -0.00985435583 -0.00683492981 -0.000307907263
v -0.00863784645 -0.00566047896 -0.000521266484
v -0.00985435583 -0.00683492981 -0.000307907263
v -0.0101369387 -0.00621221075 1.15325065e-05
v -0.00942918845 0.00964303594 -0.000335156132
v -0.0110027082 0.00884632394 0.000306856033
v -0.0110254623 0.0101750223 0.000770379789
v -0.00942918845 0.00964303594 -0.000335156132
v -0.0110254623 0.0101750223 0.000770379789
v -0.00966149289 0.0109730037 0.000285503367
v -0.00942918845 -0.00964303594 -0.000335163815
v -0.00966149289 -0.0109730037 0.000285494578
v -0.0110254623 -0.0101750223 0.00077037164
v -0.00942918845 -0.00964303594 -0.000335163815
v -0.0110254623 -0.0101750223 0.00077037164
v -0.0110027082 -0.00884632394 0.00030684899
v -0.00942918845 0.00964303594 -0.000335156132
v -0.00910036918 0.00800101273 -0.000722244731
v -0.0105704106 0.00764209079 -4.22127196e-05
v -0.00942918845 0.00964303594 -0.000335156132
v -0.0105704106 0.00764209079 -4.22127196e-05
v -0.0110027082 0.00884632394 0.000306856033
v -0.00942918845 -0.00964303594 -0.000335163815
v -0.0110027082 -0.00884632394 0.00030684899
v -0.0105704106 -0.00764209079 -4.22188241e-05
v -0.00942918845 -0.00964303594 -0.000335163815
v -0.0105704106 -0.00764209079 -4.22188241e-05
v -0.00910036918 -0.00800101273 -0.000722251134
v -0.00910036918 0.00800101273 -0.000722244731
v -0.00868621096 0.00656568538 -0.000742473349
v -0.00985435583 0.00683492981 -0.000307901792
v -0.00910036918 0.00800101273 -0.000722244731
v -0.00985435583 0.00683492981 -0.000307901792
v -0.0105704106 0.00764209079 -4.22127196e-05
v -0.00910036918 -0.00800101273 -0.000722251134
v -0.0105704106 -0.00764209079 -4.22188241e-05
v -0.00985435583 -0.00683492981 -0.000307907263
v -0.00910036918 -0.00800101273 -0.000722251134
v -0.00985435583 -0.00683492981 -0.000307907263
v -0.00868621096 -0.00656568445 -0.000742478587
v -0.00966149289 0.0109730037 0.000285503367
v -0.0110254623 0.0101750223 0.000770379789
v -0.0105779245 0.0115365479 0.00129986333
v -0.00966149289 0.0109730037 0.000285503367
v -0.0105779245 0.0115365479 0.00129986333
v -0.00974476524 0.0124644237 0.00141548482
v -0.00966149289 -0.0109730037 0.000285494578
v -0.00974476524 -0.0124644255 0.00141547481
v -0.0105779245 -0.0115365498 0.00129985402
v -0.00966149289 -0.0109730037 0.000285494578
v -0.0105779245 -0.0115365498 0.00129985402
v -0.0110254623 -0.0101750223 0.00077037164
v -0.00762482407 0.00837319717 -0.00106231892
v -0.00717533473 0.00669081183 -0.00101408677
v -0.00868621096 0.00656568538 -0.000742473349
v -0.00762482407 0.00837319717 -0.00106231892
v -0.00868621096 0.00656568538 -0.000742473349
v -0.00910036918 0.00800101273 -0.000722244731
v -0.00762482407 -0.00837319717 -0.00106232567
v -0.00910036918 -0.00800101273 -0.000722251134
v -0.00868621096 -0.00656568445 -0.000742478587
v -0.00762482407 -0.00837319717 -0.00106232567
v -0.00868621096 -0.00656568445 -0.000742478587
v -0.00717533473 -0.0066908109 -0.00101409212
v -0.00786152855 0.0100463005 -0.000726408151
v -0.00762482407 0.00837319717 -0.00106231892
v -0.00910036918 0.00800101273 -0.000722244731
v -0.00786152855 0.0100463005 -0.000726408151
v -0.00910036918 0.00800101273 -0.000722244731
v -0.00942918845 0.00964303594 -0.000335156132
v -0.00786152855 -0.0100463005 -0.000726416183
v -0.00942918845 -0.00964303594 -0.000335163815
v -0.00910036918 -0.00800101273 -0.000722251134
v -0.00786152855 -0.0100463005 -0.000726416183
v -0.00910036918 -0.00800101273 -0.000722251134
v -0.00762482407 -0.00837319717 -0.00106232567
v -0.00786152855 0.0100463005 -0.000726408151
v -0.00942918845 0.00964303594 -0.000335156132
v -0.00966149289 0.0109730037 0.000285503367
v -0.00786152855 0.0100463005 -0.000726408151
v -0.00966149289 0.0109730037 0.000285503367
v -0.00814095512 0.0114316903 -0.000127488573
v -0.00786152855 -0.0100463005 -0.000726416183
v -0.00814095512 -0.0114316903 -0.000127497711
v -0.00966149289 -0.0109730037 0.000285494578
v -0.00786152855 -0.0100463005 -0.000726416183
v -0.00966149289 -0.0109730037 0.000285494578
v -0.00942918845 -0.00964303594 -0.000335163815
v -0.00814095512 0.0114316903 -0.000127488573
v -0.00966149289 0.0109730037 0.000285503367
v -0.00974476524 0.0124644237 0.00141548482
v -0.00814095512 0.0114316903 -0.000127488573
v -0.00974476524 0.0124644237 0.00141548482
v -0.00836600363 0.0130324317 0.00100010971
v -0.00814095512 -0.0114316903 -0.000127497711
v -0.00836600363 -0.0130324317 0.00100009923
v -0.00974476524 -0.0124644255 0.00141547481
v -0.00814095512 -0.0114316903 -0.000127497711
v -0.00974476524 -0.0124644255 0.00141547481
v -0.00966149289 -0.0109730037 0.000285494578
v -0.00814095512 0.0114316903 -0.000127488573
v -0.00836600363 0.0130324317 0.00100010971
v -0.0066753095 0.0129975341 0.000661993807
v -0.00814095512 0.0114316903 -0.000127488573
v -0.0066753095 0.0129975341 0.000661993807
v -0.00629499927 0.0114362501 -0.000316973688
v -0.00814095512 -0.0114316903 -0.000127497711
v -0.00629499927 -0.0114362501 -0.000316982827
v -0.0066753095 -0.0129975341 0.000661983446
v -0.00814095512 -0.0114316903 -0.000127497711
v -0.0066753095 -0.0129975341 0.000661983446
v -0.00836600363 -0.0130324317 0.00100009923
v -0.00629499927 0.0114362501 -0.000316973688
v -0.0066753095 0.0129975341 0.000661993807
v -0.00538069848 0.0122231804 0.000341440318
v -0.00629499927 0.0114362501 -0.000316973688
v -0.00538069848 0.0122231804 0.000341440318
v -0.00495996885 0.0110199796 -0.000239881061
v -0.00629499927 -0.0114362501 -0.000316982827
v -0.00495996885 -0.0110199796 -0.00023988988
v -0.00538069848 -0.0122231804 0.000341430539
v -0.00629499927 -0.0114362501 -0.000316982827
v -0.00538069848 -0.0122231804 0.000341430539
v -0.0066753095 -0.0129975341 0.000661983446
v -0.00629499927 0.0114362501 -0.000316973688
v -0.00613738457 0.00986172352 -0.000885698304
v -0.00786152855 0.0100463005 -0.000726408151
v -0.00629499927 0.0114362501 -0.000316973688
v -0.00786152855 0.0100463005 -0.000726408151
v -0.00814095512 0.0114316903 -0.000127488573
v -0.00629499927 -0.0114362501 -0.000316982827
v -0.00814095512 -0.0114316903 -0.000127497711
v -0.00786152855 -0.0100463005 -0.000726416183
v -0.00629499927 -0.0114362501 -0.000316982827
v -0.00786152855 -0.0100463005 -0.000726416183
v -0.00613738457 -0.00986172352 -0.00088570622
v -0.00495996885 0.0110199796 -0.000239881061
v -0.00491720717 0.0092005115 -0.000837828789
v -0.00613738457 0.00986172352 -0.000885698304
v -0.00495996885 0.0110199796 -0.000239881061
v -0.00613738457 0.00986172352 -0.000885698304
v -0.00629499927 0.0114362501 -0.000316973688
v -0.00495996885 -0.0110199796 -0.00023988988
v -0.00629499927 -0.0114362501 -0.000316982827
v -0.00613738457 -0.00986172352 -0.00088570622
v -0.00495996885 -0.0110199796 -0.00023988988
v -0.00613738457 -0.00986172352 -0.00088570622
v -0.00491720717 -0.0092005115 -0.000837836124
v -0.00786152855 0.0100463005 -0.000726408151
v -0.00613738457 0.00986172352 -0.000885698304
v -0.00641928706 0.0084667569 -0.00112153566
v -0.00786152855 0.0100463005 -0.000726408151
v -0.00641928706 0.0084667569 -0.00112153566
v -0.00762482407 0.00837319717 -0.00106231892
v -0.00786152855 -0.0100463005 -0.000726416183
v -0.00762482407 -0.00837319717 -0.00106232567
v -0.00641928706 -0.0084667569 -0.00112154242
v -0.00786152855 -0.0100463005 -0.000726416183
v -0.00641928706 -0.0084667569 -0.00112154242
v -0.00613738457 -0.00986172352 -0.00088570622
v -0.00491720717 0.0092005115 -0.000837828789
v -0.00587831577 0.00756897731 -0.00106539344
v -0.00641928706 0.0084667569 -0.00112153566
v -0.00491720717 0.0092005115 -0.000837828789
v -0.00641928706 0.0084667569 -0.00112153566
v -0.00613738457 0.00986172352 -0.000885698304
v -0.00491720717 -0.0092005115 -0.000837836124
v -0.00613738457 -0.00986172352 -0.00088570622
v -0.00641928706 -0.0084667569 -0.00112154242
v -0.00491720717 -0.0092005115 -0.000837836124
v -0.00641928706 -0.0084667569 -0.00112154242
v -0.00587831577 -0.00756897638 -0.0010653995
v -0.00717533473 0.00669081183 -0.00101408677
v -0.00762482407 0.00837319717 -0.00106231892
v -0.00641928706 0.0084667569 -0.00112153566
v -0.00717533473 0.00669081183 -0.00101408677
v -0.00641928706 0.0084667569 -0.00112153566
v -0.00587831577 0.00756897731 -0.00106539344
v -0.00717533473 -0.0066908109 -0.00101409212
v -0.00587831577 -0.00756897638 -0.0010653995
v -0.00641928706 -0.0084667569 -0.00112154242
v -0.00717533473 -0.0066908109 -0.00101409212
v -0.00641928706 -0.0084667569 -0.00112154242
v -0.00762482407 -0.00837319717 -0.00106232567
v -0.000265029346 0.00930635352 0.0426181257
v 0.00465046521 0.00887034647 0.0410119593
v 0.00326233008 0.0121066328 0.0389195718
v -0.000265029346 0.00930635352 0.0426181257
v 0.00326233008 0.0121066328 0.0389195718
v -0.00154887664 0.0126349274 0.0399992317
v -0.000265029346 -0.00930638704 0.0426181182
v -0.00154887664 -0.0126349591 0.0399992242
v 0.00326233008 -0.0121066645 0.0389195643
v -0.000265029346 -0.00930638704 0.0426181182
v 0.00326233008 -0.0121066645 0.0389195643
v 0.00465046521 -0.00887038 0.0410119519
v -0.00154887664 0.0126349274 0.0399992317
v 0.00326233008 0.0121066328 0.0389195718
v 0.00112442742 0.0146733709 0.036098659
v -0.00154887664 0.0126349274 0.0399992317
v 0.00112442742 0.0146733709 0.036098659
v -0.0033461058 0.0146414256 0.0369260497
v -0.00154887664 -0.0126349591 0.0399992242
v -0.0033461058 -0.0146414554 0.0369260348
v 0.00112442742 -0.0146733988 0.0360986441
v -0.00154887664 -0.0126349591 0.0399992242
v 0.00112442742 -0.0146733988 0.0360986441
v 0.00326233008 -0.0121066645 0.0389195643
v -0.000571869023 0.0160767306 0.0324477516
v -0.00489951065 0.015382505 0.0338779986
v -0.0033461058 0.0146414256 0.0369260497
v -0.000571869023 0.0160767306 0.0324477516
v -0.0033461058 0.0146414256 0.0369260497
v 0.00112442742 0.0146733709 0.036098659
v -0.000571869023 -0.0160767566 0.0324477367
v 0.00112442742 -0.0146733988 0.0360986441
v -0.0033461058 -0.0146414554 0.0369260348
v -0.000571869023 -0.0160767566 0.0324477367
v -0.0033461058 -0.0146414554 0.0369260348
v -0.00489951065 -0.015382533 0.0338779837
v -0.00659417594 0.0155684547 0.0303225163
v -0.00489951065 0.015382505 0.0338779986
v -0.000571869023 0.0160767306 0.0324477516
v -0.00659417594 0.0155684547 0.0303225163
v -0.000571869023 0.0160767306 0.0324477516
v -0.00181676121 0.0165684167 0.0288679209
v -0.00659417594 -0.015568479 0.0303225052
v -0.00181676121 -0.0165684391 0.028867906
v -0.000571869023 -0.0160767566 0.0324477367
v -0.00659417594 -0.015568479 0.0303225052
v -0.000571869023 -0.0160767566 0.0324477367
v -0.00489951065 -0.015382533 0.0338779837
v -0.007705817 0.0155177526 0.0265267864
v -0.00659417594 0.0155684547 0.0303225163
v -0.00181676121 0.0165684167 0.0288679209
v -0.007705817 0.0155177526 0.0265267864
v -0.00181676121 0.0165684167 0.0288679209
v -0.00239493721 0.0167537574 0.0254646968
v -0.007705817 -0.0155177731 0.0265267752
v -0.00239493721 -0.016753776 0.0254646819
v -0.00181676121 -0.0165684391 0.028867906
v -0.007705817 -0.0155177731 0.0265267752
v -0.00181676121 -0.0165684391 0.028867906
v -0.00659417594 -0.015568479 0.0303225052
v 0.00295546139 0.0130767645 0.011352703
v 0.00664891303 0.0123204011 0.0106784888
v 0.00633197976 0.00855201855 0.00815901253
v 0.00295546139 0.0130767645 0.011352703
v 0.00633197976 0.00855201855 0.00815901253
v 0.00364428177 0.00897609256 0.00824190956
v 0.00295546139 -0.0130767738 0.0113526918
v 0.00364428177 -0.00897610001 0.00824190211
v 0.00633197976 -0.00855202414 0.00815900508
v 0.00295546139 -0.0130767738 0.0113526918
v 0.00633197976 -0.00855202414 0.00815900508
v 0.00664891303 -0.0123204105 0.0106784794
v 0.0118357772 -0.000844193914 0.00678409077
v 0.0100894198 -0.00457234448 0.00703313574
v 0.00629385607 -0.00444495678 0.00688839611
v 0.0118357772 -0.000844193914 0.00678409077
v 0.00629385607 -0.00444495678 0.00688839611
v 0.00605420256 -0.00114143523 0.00660550129
v 0.0118357772 0.000844188442 0.0067840917
v 0.00605420256 0.00114142988 0.00660550222
v 0.00629385607 0.00444495119 0.00688839983
v 0.0118357772 0.000844188442 0.0067840917
v 0.00629385607 0.00444495119 0.00688839983
v 0.0100894198 0.00457233889 0.00703313947
v 0.00629385607 -0.00444495678 0.00688839611
v 0.0100894198 -0.00457234448 0.00703313574
v 0.00993395131 -0.00799691491 0.00805395748
v 0.00629385607 -0.00444495678 0.00688839611
v 0.00993395131 -0.00799691491 0.00805395748
v 0.00633197976 -0.00855202414 0.00815900508
v 0.00629385607 0.00444495119 0.00688839983
v 0.00633197976 0.00855201855 0.00815901253
v 0.00993395131 0.00799690932 0.00805396307
v 0.00629385607 0.00444495119 0.00688839983
v 0.00993395131 0.00799690932 0.00805396307
v 0.0100894198 0.00457233889 0.00703313947
v 0.00664891303 -0.0123204105 0.0106784794
v 0.00633197976 -0.00855202414 0.00815900508
v 0.00993395131 -0.00799691491 0.00805395748
v 0.00664891303 -0.0123204105 0.0106784794
v 0.00993395131 -0.00799691491 0.00805395748
v 0.01080513 -0.0112149278 0.00978435576
v 0.00664891303 0.0123204011 0.0106784888
v 0.01080513 0.0112149203 0.00978436507
v 0.00993395131 0.00799690932 0.00805396307
v 0.00664891303 0.0123204011 0.0106784888
v 0.00993395131 0.00799690932 0.00805396307
v 0.00633197976 0.00855201855 0.00815901253
v 0.0118357772 0.000844188442 0.0067840917
v 0.0100894198 0.00457233889 0.00703313947
v 0.0115439575 0.00484136865 0.0071378164
v 0.0118357772 0.000844188442 0.0067840917
v 0.0115439575 0.00484136865 0.0071378164
v 0.0132008446 0.00234701321 0.00681030797
v 0.0118357772 -0.000844193914 0.00678409077
v 0.0132008446 -0.0023470188 0.00681030611
v 0.0115439575 -0.00484137423 0.00713781267
v 0.0118357772 -0.000844193914 0.00678409077
v 0.0115439575 -0.00484137423 0.00713781267
v 0.0100894198 -0.00457234448 0.00703313574
v 0.01080513 0.0112149203 0.00978436507
v 0.0122437906 0.0106298514 0.00945360307
v 0.0114779165 0.00805006362 0.00808137096
v 0.01080513 0.0112149203 0.00978436507
v 0.0114779165 0.00805006362 0.00808137096
v 0.00993395131 0.00799690932 0.00805396307
v 0.01080513 -0.0112149278 0.00978435576
v 0.00993395131 -0.00799691491 0.00805395748
v 0.0114779165 -0.00805006921 0.00808136538
v 0.01080513 -0.0112149278 0.00978435576
v 0.0114779165 -0.00805006921 0.00808136538
v 0.0122437906 -0.0106298588 0.00945359375
v 0.00993395131 0.00799690932 0.00805396307
v 0.0114779165 0.00805006362 0.00808137096
v 0.0115439575 0.00484136865 0.0071378164
v 0.00993395131 0.00799690932 0.00805396307
v 0.0115439575 0.00484136865 0.0071378164
v 0.0100894198 0.00457233889 0.00703313947
v 0.00993395131 -0.00799691491 0.00805395748
v 0.0100894198 -0.00457234448 0.00703313574
v 0.0115439575 -0.00484137423 0.00713781267
v 0.00993395131 -0.00799691491 0.00805395748
v 0.0115439575 -0.00484137423 0.00713781267
v 0.0114779165 -0.00805006921 0.00808136538
v 0.0118357772 0.000844188442 0.0067840917
v 0.0132008446 0.00234701321 0.00681030797
v 0.0159423929 0.00118755654 0.00717883697
v 0.0118357772 0.000844188442 0.0067840917
v 0.0159423929 0.00118755654 0.00717883697
v 0.0157095529 0.000492082385 0.00719666667
v 0.0118357772 -0.000844193914 0.00678409077
v 0.0157095529 -0.000492088089 0.00719666667
v 0.0159423929 -0.00118756236 0.00717883604
v 0.0118357772 -0.000844193914 0.00678409077
v 0.0159423929 -0.00118756236 0.00717883604
v 0.0132008446 -0.0023470188 0.00681030611
v 0.0136414878 0.0139827477 0.012534529
v 0.0147687681 0.0129236626 0.0112906611
v 0.0122437906 0.0106298514 0.00945360307
v 0.0136414878 0.0139827477 0.012534529
v 0.0122437906 0.0106298514 0.00945360307
v 0.01080513 0.0112149203 0.00978436507
v 0.0136414878 -0.013982757 0.0125345178
v 0.01080513 -0.0112149278 0.00978435576
v 0.0122437906 -0.0106298588 0.00945359375
v 0.0136414878 -0.013982757 0.0125345178
v 0.0122437906 -0.0106298588 0.00945359375
v 0.0147687681 -0.0129236719 0.0112906499
v 0.0181845147 0.0144689465 0.0136205945
v 0.0184403472 0.0136314202 0.0121239824
v 0.0147687681 0.0129236626 0.0112906611
v 0.0181845147 0.0144689465 0.0136205945
v 0.0147687681 0.0129236626 0.0112906611
v 0.0136414878 0.0139827477 0.012534529
v 0.0181845147 -0.0144689577 0.0136205833
v 0.0136414878 -0.013982757 0.0125345178
v 0.0147687681 -0.0129236719 0.0112906499
v 0.0181845147 -0.0144689577 0.0136205833
v 0.0147687681 -0.0129236719 0.0112906499
v 0.0184403472 -0.0136314295 0.0121239712
v 0.0227989499 0.0135652684 0.0140899345
v 0.022408871 0.0133857429 0.012254728
v 0.0184403472 0.0136314202 0.0121239824
v 0.0227989499 0.0135652684 0.0140899345
v 0.0184403472 0.0136314202 0.0121239824
v 0.0181845147 0.0144689465 0.0136205945
v 0.0227989499 -0.0135652795 0.0140899234
v 0.0181845147 -0.0144689577 0.0136205833
v 0.0184403472 -0.0136314295 0.0121239712
v 0.0227989499 -0.0135652795 0.0140899234
v 0.0184403472 -0.0136314295 0.0121239712
v 0.022408871 -0.0133857522 0.0122547168
v 0.0227989499 0.0135652684 0.0140899345
v 0.0262306761 0.0107265916 0.0132576069
v 0.0258665569 0.0109353801 0.0116513362
v 0.0227989499 0.0135652684 0.0140899345
v 0.0258665569 0.0109353801 0.0116513362
v 0.022408871 0.0133857429 0.012254728
v 0.0227989499 -0.0135652795 0.0140899234
v 0.022408871 -0.0133857522 0.0122547168
v 0.0258665569 -0.0109353894 0.0116513269
v 0.0227989499 -0.0135652795 0.0140899234
v 0.0258665569 -0.0109353894 0.0116513269
v 0.0262306761 -0.0107266027 0.0132575976
v 0.0262306761 0.0107265916 0.0132576069
v 0.0273566078 0.00697630458 0.0121936845
v 0.0269391555 0.00742818508 0.0107394438
v 0.0262306761 0.0107265916 0.0132576069
v 0.0269391555 0.00742818508 0.0107394438
v 0.0258665569 0.0109353801 0.0116513362
v 0.0262306761 -0.0107266027 0.0132575976
v 0.0258665569 -0.0109353894 0.0116513269
v 0.0269391555 -0.00742819346 0.0107394382
v 0.0262306761 -0.0107266027 0.0132575976
v 0.0269391555 -0.00742819346 0.0107394382
v 0.0273566078 -0.00697631389 0.0121936789
v 0.0268082526 0.0039222124 0.0119629167
v 0.0263395216 0.00459943758 0.0102348728
v 0.0269391555 0.00742818508 0.0107394438
v 0.0268082526 0.0039222124 0.0119629167
v 0.0269391555 0.00742818508 0.0107394438
v 0.0273566078 0.00697630458 0.0121936845
v 0.0268082526 -0.00392222172 0.011962913
v 0.0273566078 -0.00697631389 0.0121936789
v 0.0269391555 -0.00742819346 0.0107394382
v 0.0268082526 -0.00392222172 0.011962913
v 0.0269391555 -0.00742819346 0.0107394382
v 0.0263395216 -0.00459944597 0.0102348691
v 0.0240638088 0.000686218787 0.0113546737
v 0.0241856091 0.00221374864 0.00973960292
v 0.0263395216 0.00459943758 0.0102348728
v 0.0240638088 0.000686218787 0.0113546737
v 0.0263395216 0.00459943758 0.0102348728
v 0.0268082526 0.0039222124 0.0119629167
v 0.0240638088 -0.000686227868 0.0113546737
v 0.0268082526 -0.00392222172 0.011962913
v 0.0263395216 -0.00459944597 0.0102348691
v 0.0240638088 -0.000686227868 0.0113546737
v 0.0263395216 -0.00459944597 0.0102348691
v 0.0241856091 -0.00221375655 0.00973960105
v 0.0240638088 0.000686218787 0.0113546737
v 0.0213196669 0.000379765232 0.00953138806
v 0.0214003399 0.00102996535 0.00899137184
v 0.0240638088 0.000686218787 0.0113546737
v 0.0214003399 0.00102996535 0.00899137184
v 0.0241856091 0.00221374864 0.00973960292
v 0.0240638088 -0.000686227868 0.0113546737
v 0.0241856091 -0.00221375655 0.00973960105
v 0.0214003399 -0.00102997257 0.00899137184
v 0.0240638088 -0.000686227868 0.0113546737
v 0.0214003399 -0.00102997257 0.00899137184
v 0.0213196669 -0.000379772857 0.00953138806
v 0.0214003399 0.00102996535 0.00899137184
v 0.0213196669 0.000379765232 0.00953138806
v 0.0186157543 0.000388769433 0.00821791869
v 0.0214003399 0.00102996535 0.00899137184
v 0.0186157543 0.000388769433 0.00821791869
v 0.0186600778 0.000856765429 0.00804939121
v 0.0214003399 -0.00102997257 0.00899137184
v 0.0186600778 -0.000856771832 0.00804939121
v 0.0186157543 -0.00038877601 0.00821791869
v 0.0214003399 -0.00102997257 0.00899137184
v 0.0186157543 -0.00038877601 0.00821791869
v 0.0213196669 -0.000379772857 0.00953138806
v 0.0157095529 0.000492082385 0.00719666667
v 0.0159423929 0.00118755654 0.00717883697
v 0.0186600778 0.000856765429 0.00804939121
v 0.0157095529 0.000492082385 0.00719666667
v 0.0186600778 0.000856765429 0.00804939121
v 0.0186157543 0.000388769433 0.00821791869
v 0.0157095529 -0.000492088089 0.00719666667
v 0.0186157543 -0.00038877601 0.00821791869
v 0.0186600778 -0.000856771832 0.00804939121
v 0.0157095529 -0.000492088089 0.00719666667
v 0.0186600778 -0.000856771832 0.00804939121
v 0.0159423929 -0.00118756236 0.00717883604
v 0.00664891303 0.0123204011 0.0106784888
v 0.00295546139 0.0130767645 0.011352703
v 0.00407550251 0.0149518596 0.0140690869
v 0.00664891303 0.0123204011 0.0106784888
v 0.00407550251 0.0149518596 0.0140690869
v 0.00723490072 0.0151486192 0.0141437836
v 0.00664891303 -0.0123204105 0.0106784794
v 0.00723490072 -0.0151486304 0.0141437724
v 0.00407550251 -0.0149518708 0.0140690757
v 0.00664891303 -0.0123204105 0.0106784794
v 0.00407550251 -0.0149518708 0.0140690757
v 0.00295546139 -0.0130767738 0.0113526918
v 0.000135512688 0.0157089774 0.0160111841
v 0.00258089881 0.0164432842 0.0180438794
v 0.00407550251 0.0149518596 0.0140690869
v 0.000135512688 0.0157089774 0.0160111841
v 0.00407550251 0.0149518596 0.0140690869
v 0.00295546139 0.0130767645 0.011352703
v 0.000135512688 -0.0157089885 0.0160111729
v 0.00295546139 -0.0130767738 0.0113526918
v 0.00407550251 -0.0149518708 0.0140690757
v 0.000135512688 -0.0157089885 0.0160111729
v 0.00407550251 -0.0149518708 0.0140690757
v 0.00258089881 -0.0164432991 0.0180438645
v 0.00664891303 0.0123204011 0.0106784888
v 0.00723490072 0.0151486192 0.0141437836
v 0.0100622317 0.0143508436 0.012867244
v 0.00664891303 0.0123204011 0.0106784888
v 0.0100622317 0.0143508436 0.012867244
v 0.01080513 0.0112149203 0.00978436507
v 0.00664891303 -0.0123204105 0.0106784794
v 0.01080513 -0.0112149278 0.00978435576
v 0.0100622317 -0.0143508548 0.0128672328
v 0.00664891303 -0.0123204105 0.0106784794
v 0.0100622317 -0.0143508548 0.0128672328
v 0.00723490072 -0.0151486304 0.0141437724
v 0.0100622317 0.0143508436 0.012867244
v 0.0136074908 0.0156919844 0.0160129331
v 0.0136414878 0.0139827477 0.012534529
v 0.0100622317 0.0143508436 0.012867244
v 0.0136414878 0.0139827477 0.012534529
v 0.01080513 0.0112149203 0.00978436507
v 0.0100622317 -0.0143508548 0.0128672328
v 0.01080513 -0.0112149278 0.00978435576
v 0.0136414878 -0.013982757 0.0125345178
v 0.0100622317 -0.0143508548 0.0128672328
v 0.0136414878 -0.013982757 0.0125345178
v 0.0136074908 -0.0156919956 0.0160129219
v 0.0136074908 0.0156919844 0.0160129331
v 0.0184421092 0.0154507263 0.0170975253
v 0.0181845147 0.0144689465 0.0136205945
v 0.0136074908 0.0156919844 0.0160129331
v 0.0181845147 0.0144689465 0.0136205945
v 0.0136414878 0.0139827477 0.012534529
v 0.0136074908 -0.0156919956 0.0160129219
v 0.0136414878 -0.013982757 0.0125345178
v 0.0181845147 -0.0144689577 0.0136205833
v 0.0136074908 -0.0156919956 0.0160129219
v 0.0181845147 -0.0144689577 0.0136205833
v 0.0184421092 -0.0154507393 0.0170975141
v 0.0184421092 0.0154507263 0.0170975253
v 0.0230386574 0.0136955678 0.0167276505
v 0.0227989499 0.0135652684 0.0140899345
v 0.0184421092 0.0154507263 0.0170975253
v 0.0227989499 0.0135652684 0.0140899345
v 0.0181845147 0.0144689465 0.0136205945
v 0.0184421092 -0.0154507393 0.0170975141
v 0.0181845147 -0.0144689577 0.0136205833
v 0.0227989499 -0.0135652795 0.0140899234
v 0.0184421092 -0.0154507393 0.0170975141
v 0.0227989499 -0.0135652795 0.0140899234
v 0.0230386574 -0.0136955809 0.0167276394
v 0.0265940633 0.0105082523 0.0158954039
v 0.0262306761 0.0107265916 0.0132576069
v 0.0227989499 0.0135652684 0.0140899345
v 0.0265940633 0.0105082523 0.0158954039
v 0.0227989499 0.0135652684 0.0140899345
v 0.0230386574 0.0136955678 0.0167276505
v 0.0265940633 -0.0105082653 0.0158953965
v 0.0230386574 -0.0136955809 0.0167276394
v 0.0227989499 -0.0135652795 0.0140899234
v 0.0265940633 -0.0105082653 0.0158953965
v 0.0227989499 -0.0135652795 0.0140899234
v 0.0262306761 -0.0107266027 0.0132575976
v 0.028033711 0.00639676349 0.0152408276
v 0.0273566078 0.00697630458 0.0121936845
v 0.0262306761 0.0107265916 0.0132576069
v 0.028033711 0.00639676349 0.0152408276
v 0.0262306761 0.0107265916 0.0132576069
v 0.0265940633 0.0105082523 0.0158954039
v 0.028033711 -0.0063967756 0.015240822
v 0.0265940633 -0.0105082653 0.0158953965
v 0.0262306761 -0.0107266027 0.0132575976
v 0.028033711 -0.0063967756 0.015240822
v 0.0262306761 -0.0107266027 0.0132575976
v 0.0273566078 -0.00697631389 0.0121936789
v 0.028033711 0.00639676349 0.0152408276
v 0.0277854763 0.00329910382 0.0142741138
v 0.0268082526 0.0039222124 0.0119629167
v 0.028033711 0.00639676349 0.0152408276
v 0.0268082526 0.0039222124 0.0119629167
v 0.0273566078 0.00697630458 0.0121936845
v 0.028033711 -0.0063967756 0.015240822
v 0.0273566078 -0.00697631389 0.0121936789
v 0.0268082526 -0.00392222172 0.011962913
v 0.028033711 -0.0063967756 0.015240822
v 0.0268082526 -0.00392222172 0.011962913
v 0.0277854763 -0.00329911499 0.0142741119
v 0.0240638088 0.000686218787 0.0113546737
v 0.0268082526 0.0039222124 0.0119629167
v 0.0277854763 0.00329910382 0.0142741138
v 0.0240638088 0.000686218787 0.0113546737
v 0.0277854763 0.00329910382 0.0142741138
v 0.0271560736 0.00078912935 0.0140681779
v 0.0240638088 -0.000686227868 0.0113546737
v 0.0271560736 -0.000789140642 0.0140681779
v 0.0277854763 -0.00329911499 0.0142741119
v 0.0240638088 -0.000686227868 0.0113546737
v 0.0277854763 -0.00329911499 0.0142741119
v 0.0268082526 -0.00392222172 0.011962913
v 0.0277854763 0.00329910382 0.0142741138
v 0.028885873 0.00288065849 0.017477138
v 0.0286368262 0.000788739417 0.0168886911
v 0.0277854763 0.00329910382 0.0142741138
v 0.0286368262 0.000788739417 0.0168886911
v 0.0271560736 0.00078912935 0.0140681779
v 0.0277854763 -0.00329911499 0.0142741119
v 0.0271560736 -0.000789140642 0.0140681779
v 0.0286368262 -0.000788752921 0.0168886911
v 0.0277854763 -0.00329911499 0.0142741119
v 0.0286368262 -0.000788752921 0.0168886911
v 0.028885873 -0.00288067246 0.0174771342
v 0.028885873 0.00288065849 0.017477138
v 0.0277854763 0.00329910382 0.0142741138
v 0.028033711 0.00639676349 0.0152408276
v 0.028885873 0.00288065849 0.017477138
v 0.028033711 0.00639676349 0.0152408276
v 0.0285157394 0.00611383095 0.0181509107
v 0.028885873 -0.00288067246 0.0174771342
v 0.0285157394 -0.00611384585 0.018150907
v 0.028033711 -0.0063967756 0.015240822
v 0.028885873 -0.00288067246 0.0174771342
v 0.028033711 -0.0063967756 0.015240822
v 0.0277854763 -0.00329911499 0.0142741119
v 0.0136074908 0.0156919844 0.0160129331
v 0.0100622317 0.0143508436 0.012867244
v 0.00723490072 0.0151486192 0.0141437836
v 0.0136074908 0.0156919844 0.0160129331
v 0.00723490072 0.0151486192 0.0141437836
v 0.00819278415 0.0163178258 0.0168890152
v 0.0136074908 -0.0156919956 0.0160129219
v 0.00819278415 -0.0163178407 0.016889004
v 0.00723490072 -0.0151486304 0.0141437724
v 0.0136074908 -0.0156919956 0.0160129219
v 0.00723490072 -0.0151486304 0.0141437724
v 0.0100622317 -0.0143508548 0.0128672328
v 0.00258089881 0.0164432842 0.0180438794
v 0.00819278415 0.0163178258 0.0168890152
v 0.00723490072 0.0151486192 0.0141437836
v 0.00258089881 0.0164432842 0.0180438794
v 0.00723490072 0.0151486192 0.0141437836
v 0.00407550251 0.0149518596 0.0140690869
v 0.00258089881 -0.0164432991 0.0180438645
v 0.00407550251 -0.0149518708 0.0140690757
v 0.00723490072 -0.0151486304 0.0141437724
v 0.00258089881 -0.0164432991 0.0180438645
v 0.00723490072 -0.0151486304 0.0141437724
v 0.00819278415 -0.0163178407 0.016889004
v 0.00832965411 0.0170011912 0.0199778471
v 0.00819278415 0.0163178258 0.0168890152
v 0.00258089881 0.0164432842 0.0180438794
v 0.00832965411 0.0170011912 0.0199778471
v 0.00258089881 0.0164432842 0.0180438794
v 0.00269086473 0.0169998743 0.0207506418
v 0.00832965411 -0.0170012061 0.0199778322
v 0.00269086473 -0.0169998892 0.0207506269
v 0.00258089881 -0.0164432991 0.0180438645
v 0.00832965411 -0.0170012061 0.0199778322
v 0.00258089881 -0.0164432991 0.0180438645
v 0.00819278415 -0.0163178407 0.016889004
v 0.0136074908 0.0156919844 0.0160129331
v 0.00819278415 0.0163178258 0.0168890152
v 0.00832965411 0.0170011912 0.0199778471
v 0.0136074908 0.0156919844 0.0160129331
v 0.00832965411 0.0170011912 0.0199778471
v 0.0135898069 0.0165065303 0.0196420699
v 0.0136074908 -0.0156919956 0.0160129219
v 0.0135898069 -0.0165065452 0.019642055
v 0.00832965411 -0.0170012061 0.0199778322
v 0.0136074908 -0.0156919956 0.0160129219
v 0.00832965411 -0.0170012061 0.0199778322
v 0.00819278415 -0.0163178407 0.016889004
v 0.0135898069 0.0165065303 0.0196420699
v 0.0188119058 0.0157383196 0.0198462643
v 0.0184421092 0.0154507263 0.0170975253
v 0.0135898069 0.0165065303 0.0196420699
v 0.0184421092 0.0154507263 0.0170975253
v 0.0136074908 0.0156919844 0.0160129331
v 0.0135898069 -0.0165065452 0.019642055
v 0.0136074908 -0.0156919956 0.0160129219
v 0.0184421092 -0.0154507393 0.0170975141
v 0.0135898069 -0.0165065452 0.019642055
v 0.0184421092 -0.0154507393 0.0170975141
v 0.0188119058 -0.0157383345 0.0198462531
v 0.000456652575 0.00100311218 0.00593699655
v 0.000456652575 -0.00100311683 0.00593699561
v -0.00484030182 -0.000598752755 0.00469390303
v 0.000456652575 0.00100311218 0.00593699655
v -0.00484030182 -0.000598752755 0.00469390303
v -0.00484030182 0.000598749029 0.00469390396
v 0.00605420256 0.00114142988 0.00660550222
v 0.00605420256 -0.00114143523 0.00660550129
v 0.000456652575 -0.00100311683 0.00593699561
v 0.00605420256 0.00114142988 0.00660550222
v 0.000456652575 -0.00100311683 0.00593699561
v 0.000456652575 0.00100311218 0.00593699655
v 0.00605420256 -0.00114143523 0.00660550129
v 0.00605420256 0.00114142988 0.00660550222
v 0.0118357772 0.000844188442 0.0067840917
v 0.00605420256 -0.00114143523 0.00660550129
v 0.0118357772 0.000844188442 0.0067840917
v 0.0118357772 -0.000844193914 0.00678409077
v 0.0118357772 -0.000844193914 0.00678409077
v 0.0118357772 0.000844188442 0.0067840917
v 0.0157095529 0.000492082385 0.00719666667
v 0.0118357772 -0.000844193914 0.00678409077
v 0.0157095529 0.000492082385 0.00719666667
v 0.0157095529 -0.000492088089 0.00719666667
v 0.0157095529 -0.000492088089 0.00719666667
v 0.0157095529 0.000492082385 0.00719666667
v 0.0186157543 0.000388769433 0.00821791869
v 0.0157095529 -0.000492088089 0.00719666667
v 0.0186157543 0.000388769433 0.00821791869
v 0.0186157543 -0.00038877601 0.00821791869
v 0.0186157543 -0.00038877601 0.00821791869
v 0.0186157543 0.000388769433 0.00821791869
v 0.0213196669 0.000379765232 0.00953138806
v 0.0186157543 -0.00038877601 0.00821791869
v 0.0213196669 0.000379765232 0.00953138806
v 0.0213196669 -0.000379772857 0.00953138806
v 0.0240638088 0.000686218787 0.0113546737
v 0.0240638088 -0.000686227868 0.0113546737
v 0.0213196669 -0.000379772857 0.00953138806
v 0.0240638088 0.000686218787 0.0113546737
v 0.0213196669 -0.000379772857 0.00953138806
v 0.0213196669 0.000379765232 0.00953138806
v 0.0271560736 0.00078912935 0.0140681779
v 0.0271560736 -0.000789140642 0.0140681779
v 0.0240638088 -0.000686227868 0.0113546737
v 0.0271560736 0.00078912935 0.0140681779
v 0.0240638088 -0.000686227868 0.0113546737
v 0.0240638088 0.000686218787 0.0113546737
v 0.0271560736 -0.000789140642 0.0140681779
v 0.0271560736 0.00078912935 0.0140681779
v 0.0286368262 0.000788739417 0.0168886911
v 0.0271560736 -0.000789140642 0.0140681779
v 0.0286368262 0.000788739417 0.0168886911
v 0.0286368262 -0.000788752921 0.0168886911
v 0.0114779165 0.00805006362 0.00808137096
v 0.0122437906 0.0106298514 0.00945360307
v 0.0133612277 0.0103039639 0.00866064243
v 0.0114779165 0.00805006362 0.00808137096
v 0.0133612277 0.0103039639 0.00866064243
v 0.0127016027 0.00777902361 0.00739069562
v 0.0114779165 -0.00805006921 0.00808136538
v 0.0127016027 -0.0077790292 0.0073906891
v 0.0133612277 -0.0103039714 0.00866063498
v 0.0114779165 -0.00805006921 0.00808136538
v 0.0133612277 -0.0103039714 0.00866063498
v 0.0122437906 -0.0106298588 0.00945359375
v 0.0133612277 0.0103039639 0.00866064243
v 0.0146640735 0.0100909835 0.0061117243
v 0.0140425079 0.00771016441 0.00528035592
v 0.0133612277 0.0103039639 0.00866064243
v 0.0140425079 0.00771016441 0.00528035592
v 0.0127016027 0.00777902361 0.00739069562
v 0.0133612277 -0.0103039714 0.00866063498
v 0.0127016027 -0.0077790292 0.0073906891
v 0.0140425079 -0.00771016907 0.0052803494
v 0.0133612277 -0.0103039714 0.00866063498
v 0.0140425079 -0.00771016907 0.0052803494
v 0.0146640735 -0.0100909891 0.00611171592
v 0.0146640735 0.0100909835 0.0061117243
v 0.0157858673 0.00994370133 0.00303652487
v 0.0152025921 0.007887966 0.00264148833
v 0.0146640735 0.0100909835 0.0061117243
v 0.0152025921 0.007887966 0.00264148833
v 0.0140425079 0.00771016441 0.00528035592
v 0.0157858673 0.00994370133 0.00303652487
v 0.0169628616 0.0097551709 0.000552551763
v 0.0163612589 0.00795986503 0.000422554498
v 0.0157858673 0.00994370133 0.00303652487
v 0.0163612589 0.00795986503 0.000422554498
v 0.0152025921 0.007887966 0.00264148833
v 0.0157858673 -0.00994370319 0.00303651695
v 0.0152025921 -0.00788796786 0.00264148181
v 0.0163612589 -0.00795986503 0.000422548153
v 0.0157858673 -0.00994370319 0.00303651695
v 0.0163612589 -0.00795986503 0.000422548153
v 0.0169628616 -0.0097551709 0.000552543963
v 0.0146640735 -0.0100909891 0.00611171592
v 0.0140425079 -0.00771016907 0.0052803494
v 0.0152025921 -0.00788796786 0.00264148181
v 0.0146640735 -0.0100909891 0.00611171592
v 0.0152025921 -0.00788796786 0.00264148181
v 0.0157858673 -0.00994370319 0.00303651695
v 0.0214003399 0.00102996535 0.00899137184
v 0.0186600778 0.000856765429 0.00804939121
v 0.0189980622 0.00152900117 0.00697157579
v 0.0214003399 0.00102996535 0.00899137184
v 0.0189980622 0.00152900117 0.00697157579
v 0.0213571545 0.00159829634 0.00738286832
v 0.0214003399 -0.00102997257 0.00899137184
v 0.0213571545 -0.00159830216 0.00738286739
v 0.0189980622 -0.00152900675 0.00697157485
v 0.0214003399 -0.00102997257 0.00899137184
v 0.0189980622 -0.00152900675 0.00697157485
v 0.0186600778 -0.000856771832 0.00804939121
v 0.0186600778 0.000856765429 0.00804939121
v 0.0159423929 0.00118755654 0.00717883697
v 0.0162947215 0.00171108486 0.00650124066
v 0.0186600778 0.000856765429 0.00804939121
v 0.0162947215 0.00171108486 0.00650124066
v 0.0189980622 0.00152900117 0.00697157579
v 0.0186600778 -0.000856771832 0.00804939121
v 0.0189980622 -0.00152900675 0.00697157485
v 0.0162947215 -0.00171108998 0.00650123972
v 0.0186600778 -0.000856771832 0.00804939121
v 0.0162947215 -0.00171108998 0.00650123972
v 0.0159423929 -0.00118756236 0.00717883604
v 0.0159423929 0.00118755654 0.00717883697
v 0.0132008446 0.00234701321 0.00681030797
v 0.0141191985 0.00294624269 0.00630061282
v 0.0159423929 0.00118755654 0.00717883697
v 0.0141191985 0.00294624269 0.00630061282
v 0.0162947215 0.00171108486 0.00650124066
v 0.0159423929 -0.00118756236 0.00717883604
v 0.0162947215 -0.00171108998 0.00650123972
v 0.0141191985 -0.00294624781 0.00630061002
v 0.0159423929 -0.00118756236 0.00717883604
v 0.0141191985 -0.00294624781 0.00630061002
v 0.0132008446 -0.0023470188 0.00681030611
v 0.0115439575 0.00484136865 0.0071378164
v 0.0128789907 0.00525522651 0.00670869881
v 0.0141191985 0.00294624269 0.00630061282
v 0.0115439575 0.00484136865 0.0071378164
v 0.0141191985 0.00294624269 0.00630061282
v 0.0132008446 0.00234701321 0.00681030797
v 0.0115439575 -0.00484137423 0.00713781267
v 0.0132008446 -0.0023470188 0.00681030611
v 0.0141191985 -0.00294624781 0.00630061002
v 0.0115439575 -0.00484137423 0.00713781267
v 0.0141191985 -0.00294624781 0.00630061002
v 0.0128789907 -0.0052552321 0.00670869416
v 0.0115439575 0.00484136865 0.0071378164
v 0.0114779165 0.00805006362 0.00808137096
v 0.0127016027 0.00777902361 0.00739069562
v 0.0115439575 0.00484136865 0.0071378164
v 0.0127016027 0.00777902361 0.00739069562
v 0.0128789907 0.00525522651 0.00670869881
v 0.0115439575 -0.00484137423 0.00713781267
v 0.0128789907 -0.0052552321 0.00670869416
v 0.0127016027 -0.0077790292 0.0073906891
v 0.0115439575 -0.00484137423 0.00713781267
v 0.0127016027 -0.0077790292 0.0073906891
v 0.0114779165 -0.00805006921 0.00808136538
v 0.0147687681 0.0129236626 0.0112906611
v 0.0153242229 0.0122599052 0.00983793661
v 0.0133612277 0.0103039639 0.00866064243
v 0.0147687681 0.0129236626 0.0112906611
v 0.0133612277 0.0103039639 0.00866064243
v 0.0122437906 0.0106298514 0.00945360307
v 0.0147687681 -0.0129236719 0.0112906499
v 0.0122437906 -0.0106298588 0.00945359375
v 0.0133612277 -0.0103039714 0.00866063498
v 0.0147687681 -0.0129236719 0.0112906499
v 0.0133612277 -0.0103039714 0.00866063498
v 0.0153242229 -0.0122599127 0.0098379273
v 0.0214003399 0.00102996535 0.00899137184
v 0.0213571545 0.00159829634 0.00738286832
v 0.0239392761 0.00267996546 0.00846778601
v 0.0214003399 0.00102996535 0.00899137184
v 0.0239392761 0.00267996546 0.00846778601
v 0.0241856091 0.00221374864 0.00973960292
v 0.0214003399 -0.00102997257 0.00899137184
v 0.0241856091 -0.00221375655 0.00973960105
v 0.0239392761 -0.00267997244 0.00846778415
v 0.0214003399 -0.00102997257 0.00899137184
v 0.0239392761 -0.00267997244 0.00846778415
v 0.0213571545 -0.00159830216 0.00738286739
v 0.0241856091 0.00221374864 0.00973960292
v 0.0239392761 0.00267996546 0.00846778601
v 0.0259282328 0.00490617985 0.00900115445
v 0.0241856091 0.00221374864 0.00973960292
v 0.0259282328 0.00490617985 0.00900115445
v 0.0263395216 0.00459943758 0.0102348728
v 0.0241856091 -0.00221375655 0.00973960105
v 0.0263395216 -0.00459944597 0.0102348691
v 0.0259282328 -0.0049061873 0.00900115073
v 0.0241856091 -0.00221375655 0.00973960105
v 0.0259282328 -0.0049061873 0.00900115073
v 0.0239392761 -0.00267997244 0.00846778415
v 0.0263395216 0.00459943758 0.0102348728
v 0.0259282328 0.00490617985 0.00900115445
v 0.0264575239 0.00764700444 0.00950454921
v 0.0263395216 0.00459943758 0.0102348728
v 0.0264575239 0.00764700444 0.00950454921
v 0.0269391555 0.00742818508 0.0107394438
v 0.0263395216 -0.00459944597 0.0102348691
v 0.0269391555 -0.00742819346 0.0107394382
v 0.0264575239 -0.00764701189 0.00950454362
v 0.0263395216 -0.00459944597 0.0102348691
v 0.0264575239 -0.00764701189 0.00950454362
v 0.0259282328 -0.0049061873 0.00900115073
v 0.0258665569 0.0109353801 0.0116513362
v 0.0269391555 0.00742818508 0.0107394438
v 0.0264575239 0.00764700444 0.00950454921
v 0.0258665569 0.0109353801 0.0116513362
v 0.0264575239 0.00764700444 0.00950454921
v 0.0254165754 0.0108826067 0.0102355434
v 0.0258665569 -0.0109353894 0.0116513269
v 0.0254165754 -0.0108826142 0.010235534
v 0.0264575239 -0.00764701189 0.00950454362
v 0.0258665569 -0.0109353894 0.0116513269
v 0.0264575239 -0.00764701189 0.00950454362
v 0.0269391555 -0.00742819346 0.0107394382
v 0.022408871 0.0133857429 0.012254728
v 0.0258665569 0.0109353801 0.0116513362
v 0.0254165754 0.0108826067 0.0102355434
v 0.022408871 0.0133857429 0.012254728
v 0.0254165754 0.0108826067 0.0102355434
v 0.0223527122 0.0130961742 0.0106830001
v 0.022408871 -0.0133857522 0.0122547168
v 0.0223527122 -0.0130961835 0.0106829889
v 0.0254165754 -0.0108826142 0.010235534
v 0.022408871 -0.0133857522 0.0122547168
v 0.0254165754 -0.0108826142 0.010235534
v 0.0258665569 -0.0109353894 0.0116513269
v 0.0184403472 0.0136314202 0.0121239824
v 0.022408871 0.0133857429 0.012254728
v 0.0223527122 0.0130961742 0.0106830001
v 0.0184403472 0.0136314202 0.0121239824
v 0.0223527122 0.0130961742 0.0106830001
v 0.0185512174 0.0132351601 0.0104227215
v 0.0184403472 -0.0136314295 0.0121239712
v 0.0185512174 -0.0132351676 0.0104227103
v 0.0223527122 -0.0130961835 0.0106829889
v 0.0184403472 -0.0136314295 0.0121239712
v 0.0223527122 -0.0130961835 0.0106829889
v 0.022408871 -0.0133857522 0.0122547168
v 0.0184403472 0.0136314202 0.0121239824
v 0.0185512174 0.0132351601 0.0104227215
v 0.0153242229 0.0122599052 0.00983793661
v 0.0184403472 0.0136314202 0.0121239824
v 0.0153242229 0.0122599052 0.00983793661
v 0.0147687681 0.0129236626 0.0112906611
v 0.0184403472 -0.0136314295 0.0121239712
v 0.0147687681 -0.0129236719 0.0112906499
v 0.0153242229 -0.0122599127 0.0098379273
v 0.0184403472 -0.0136314295 0.0121239712
v 0.0153242229 -0.0122599127 0.0098379273
v 0.0185512174 -0.0132351676 0.0104227103
v 0.0153242229 0.0122599052 0.00983793661
v 0.0162917189 0.0119294478 0.0066966489
v 0.0146640735 0.0100909835 0.0061117243
v 0.0153242229 0.0122599052 0.00983793661
v 0.0146640735 0.0100909835 0.0061117243
v 0.0133612277 0.0103039639 0.00866064243
v 0.0153242229 -0.0122599127 0.0098379273
v 0.0133612277 -0.0103039714 0.00866063498
v 0.0146640735 -0.0100909891 0.00611171592
v 0.0153242229 -0.0122599127 0.0098379273
v 0.0146640735 -0.0100909891 0.00611171592
v 0.0162917189 -0.0119294534 0.00669663958
v 0.0162917189 0.0119294478 0.0066966489
v 0.0173919424 0.0116931228 0.00311089866
v 0.0157858673 0.00994370133 0.00303652487
v 0.0162917189 0.0119294478 0.0066966489
v 0.0157858673 0.00994370133 0.00303652487
v 0.0146640735 0.0100909835 0.0061117243
v 0.0162917189 -0.0119294534 0.00669663958
v 0.0146640735 -0.0100909891 0.00611171592
v 0.0157858673 -0.00994370319 0.00303651695
v 0.0162917189 -0.0119294534 0.00669663958
v 0.0157858673 -0.00994370319 0.00303651695
v 0.0173919424 -0.0116931247 0.00311088935
v 0.0173919424 0.0116931228 0.00311089866
v 0.018117616 0.0109200599 0.000512258033
v 0.0169628616 0.0097551709 0.000552551763
v 0.0173919424 0.0116931228 0.00311089866
v 0.0169628616 0.0097551709 0.000552551763
v 0.0157858673 0.00994370133 0.00303652487
v 0.0173919424 -0.0116931247 0.00311088935
v 0.0157858673 -0.00994370319 0.00303651695
v 0.0169628616 -0.0097551709 0.000552543963
v 0.0173919424 -0.0116931247 0.00311088935
v 0.0169628616 -0.0097551709 0.000552543963
v 0.018117616 -0.0109200599 0.000512249302
v 0.0185512174 0.0132351601 0.0104227215
v 0.0190648921 0.0130702816 0.00662741251
v 0.0162917189 0.0119294478 0.0066966489
v 0.0185512174 0.0132351601 0.0104227215
v 0.0162917189 0.0119294478 0.0066966489
v 0.0153242229 0.0122599052 0.00983793661
v 0.0185512174 -0.0132351676 0.0104227103
v 0.0153242229 -0.0122599127 0.0098379273
v 0.0162917189 -0.0119294534 0.00669663958
v 0.0185512174 -0.0132351676 0.0104227103
v 0.0162917189 -0.0119294534 0.00669663958
v 0.0190648921 -0.0130702872 0.00662740227
v 0.0190648921 0.0130702816 0.00662741251
v 0.0194444787 0.0124590285 0.00272174948
v 0.0173919424 0.0116931228 0.00311089866
v 0.0190648921 0.0130702816 0.00662741251
v 0.0173919424 0.0116931228 0.00311089866
v 0.0162917189 0.0119294478 0.0066966489
v 0.0190648921 -0.0130702872 0.00662740227
v 0.0162917189 -0.0119294534 0.00669663958
v 0.0173919424 -0.0116931247 0.00311088935
v 0.0190648921 -0.0130702872 0.00662740227
v 0.0173919424 -0.0116931247 0.00311088935
v 0.0194444787 -0.0124590304 0.0027217397
v 0.0173919424 0.0116931228 0.00311089866
v 0.0194444787 0.0124590285 0.00272174948
v 0.0197764356 0.0114620663 0.000294729834
v 0.0173919424 0.0116931228 0.00311089866
v 0.0197764356 0.0114620663 0.000294729834
v 0.018117616 0.0109200599 0.000512258033
v 0.0173919424 -0.0116931247 0.00311088935
v 0.018117616 -0.0109200599 0.000512249302
v 0.0197764356 -0.0114620663 0.000294720696
v 0.0173919424 -0.0116931247 0.00311088935
v 0.0197764356 -0.0114620663 0.000294720696
v 0.0194444787 -0.0124590304 0.0027217397
v 0.0223527122 0.0130961742 0.0106830001
v 0.0222234167 0.0129277976 0.00672821235
v 0.0190648921 0.0130702816 0.00662741251
v 0.0223527122 0.0130961742 0.0106830001
v 0.0190648921 0.0130702816 0.00662741251
v 0.0185512174 0.0132351601 0.0104227215
v 0.0223527122 -0.0130961835 0.0106829889
v 0.0185512174 -0.0132351676 0.0104227103
v 0.0190648921 -0.0130702872 0.00662740227
v 0.0223527122 -0.0130961835 0.0106829889
v 0.0190648921 -0.0130702872 0.00662740227
v 0.0222234167 -0.0129278032 0.0067282021
v 0.0190648921 0.0130702816 0.00662741251
v 0.0222234167 0.0129277976 0.00672821235
v 0.0218899008 0.0123528838 0.00288559799
v 0.0190648921 0.0130702816 0.00662741251
v 0.0218899008 0.0123528838 0.00288559799
v 0.0194444787 0.0124590285 0.00272174948
v 0.0190648921 -0.0130702872 0.00662740227
v 0.0194444787 -0.0124590304 0.0027217397
v 0.0218899008 -0.0123528857 0.00288558821
v 0.0190648921 -0.0130702872 0.00662740227
v 0.0218899008 -0.0123528857 0.00288558821
v 0.0222234167 -0.0129278032 0.0067282021
v 0.0218899008 0.0123528838 0.00288559799
v 0.0215170886 0.011298365 0.000291952078
v 0.0197764356 0.0114620663 0.000294729834
v 0.0218899008 0.0123528838 0.00288559799
v 0.0197764356 0.0114620663 0.000294729834
v 0.0194444787 0.0124590285 0.00272174948
v 0.0218899008 -0.0123528857 0.00288558821
v 0.0194444787 -0.0124590304 0.0027217397
v 0.0197764356 -0.0114620663 0.000294720696
v 0.0218899008 -0.0123528857 0.00288558821
v 0.0197764356 -0.0114620663 0.000294720696
v 0.0215170886 -0.011298365 0.000291943055
v 0.0218899008 0.0123528838 0.00288559799
v 0.0239355471 0.0109687736 0.00267335121
v 0.0232725758 0.0103438646 0.000529797573
v 0.0218899008 0.0123528838 0.00288559799
v 0.0232725758 0.0103438646 0.000529797573
v 0.0215170886 0.011298365 0.000291952078
v 0.0218899008 -0.0123528857 0.00288558821
v 0.0215170886 -0.011298365 0.000291943055
v 0.0232725758 -0.0103438646 0.000529789308
v 0.0218899008 -0.0123528857 0.00288558821
v 0.0232725758 -0.0103438646 0.000529789308
v 0.0239355471 -0.0109687755 0.00267334236
v 0.0222234167 0.0129277976 0.00672821235
v 0.0247579757 0.0111352056 0.00645934045
v 0.0239355471 0.0109687736 0.00267335121
v 0.0222234167 0.0129277976 0.00672821235
v 0.0239355471 0.0109687736 0.00267335121
v 0.0218899008 0.0123528838 0.00288559799
v 0.0222234167 -0.0129278032 0.0067282021
v 0.0218899008 -0.0123528857 0.00288558821
v 0.0239355471 -0.0109687755 0.00267334236
v 0.0222234167 -0.0129278032 0.0067282021
v 0.0239355471 -0.0109687755 0.00267334236
v 0.0247579757 -0.0111352112 0.00645933114
v 0.0223527122 0.0130961742 0.0106830001
v 0.0254165754 0.0108826067 0.0102355434
v 0.0247579757 0.0111352056 0.00645934045
v 0.0223527122 0.0130961742 0.0106830001
v 0.0247579757 0.0111352056 0.00645934045
v 0.0222234167 0.0129277976 0.00672821235
v 0.0223527122 -0.0130961835 0.0106829889
v 0.0222234167 -0.0129278032 0.0067282021
v 0.0247579757 -0.0111352112 0.00645933114
v 0.0223527122 -0.0130961835 0.0106829889
v 0.0247579757 -0.0111352112 0.00645933114
v 0.0254165754 -0.0108826142 0.010235534
v 0.0254165754 0.0108826067 0.0102355434
v 0.0264575239 0.00764700444 0.00950454921
v 0.0259229671 0.00817532092 0.00595625956
v 0.0254165754 0.0108826067 0.0102355434
v 0.0259229671 0.00817532092 0.00595625956
v 0.0247579757 0.0111352056 0.00645934045
v 0.0254165754 -0.0108826142 0.010235534
v 0.0247579757 -0.0111352112 0.00645933114
v 0.0259229671 -0.00817532651 0.00595625304
v 0.0254165754 -0.0108826142 0.010235534
v 0.0259229671 -0.00817532651 0.00595625304
v 0.0264575239 -0.00764701189 0.00950454362
v 0.0247579757 0.0111352056 0.00645934045
v 0.0259229671 0.00817532092 0.00595625956
v 0.0251805019 0.00842038915 0.00248335395
v 0.0247579757 0.0111352056 0.00645934045
v 0.0251805019 0.00842038915 0.00248335395
v 0.0239355471 0.0109687736 0.00267335121
v 0.0247579757 -0.0111352112 0.00645933114
v 0.0239355471 -0.0109687755 0.00267334236
v 0.0251805019 -0.00842039101 0.00248334743
v 0.0247579757 -0.0111352112 0.00645933114
v 0.0251805019 -0.00842039101 0.00248334743
v 0.0259229671 -0.00817532651 0.00595625304
v 0.0251805019 0.00842038915 0.00248335395
v 0.0242888425 0.00827062968 0.000256596366
v 0.0232725758 0.0103438646 0.000529797573
v 0.0251805019 0.00842038915 0.00248335395
v 0.0232725758 0.0103438646 0.000529797573
v 0.0239355471 0.0109687736 0.00267335121
v 0.0251805019 -0.00842039101 0.00248334743
v 0.0239355471 -0.0109687755 0.00267334236
v 0.0232725758 -0.0103438646 0.000529789308
v 0.0251805019 -0.00842039101 0.00248334743
v 0.0232725758 -0.0103438646 0.000529789308
v 0.0242888425 -0.00827062968 0.00025658973
v 0.0259282328 0.00490617985 0.00900115445
v 0.0255396497 0.00547238067 0.0054430603
v 0.0259229671 0.00817532092 0.00595625956
v 0.0259282328 0.00490617985 0.00900115445
v 0.0259229671 0.00817532092 0.00595625956
v 0.0264575239 0.00764700444 0.00950454921
v 0.0259282328 -0.0049061873 0.00900115073
v 0.0264575239 -0.00764701189 0.00950454362
v 0.0259229671 -0.00817532651 0.00595625304
v 0.0259282328 -0.0049061873 0.00900115073
v 0.0259229671 -0.00817532651 0.00595625304
v 0.0255396497 -0.00547238532 0.00544305565
v 0.0259229671 0.00817532092 0.00595625956
v 0.0255396497 0.00547238067 0.0054430603
v 0.0249901135 0.00591431558 0.00239411555
v 0.0259229671 0.00817532092 0.00595625956
v 0.0249901135 0.00591431558 0.00239411555
v 0.0251805019 0.00842038915 0.00248335395
v 0.0259229671 -0.00817532651 0.00595625304
v 0.0251805019 -0.00842039101 0.00248334743
v 0.0249901135 -0.00591431744 0.0023941109
v 0.0259229671 -0.00817532651 0.00595625304
v 0.0249901135 -0.00591431744 0.0023941109
v 0.0255396497 -0.00547238532 0.00544305565
v 0.0251805019 0.00842038915 0.00248335395
v 0.0249901135 0.00591431558 0.00239411555
v 0.0243473742 0.0062607755 0.000378419558
v 0.0251805019 0.00842038915 0.00248335395
v 0.0243473742 0.0062607755 0.000378419558
v 0.0242888425 0.00827062968 0.000256596366
v 0.0251805019 -0.00842039101 0.00248334743
v 0.0242888425 -0.00827062968 0.00025658973
v 0.0243473742 -0.0062607755 0.000378414552
v 0.0251805019 -0.00842039101 0.00248334743
v 0.0243473742 -0.0062607755 0.000378414552
v 0.0249901135 -0.00591431744 0.0023941109
v 0.0127016027 0.00777902361 0.00739069562
v 0.0140425079 0.00771016441 0.00528035592
v 0.0141649405 0.00540046953 0.00496001076
v 0.0127016027 0.00777902361 0.00739069562
v 0.0141649405 0.00540046953 0.00496001076
v 0.0128789907 0.00525522651 0.00670869881
v 0.0127016027 -0.0077790292 0.0073906891
v 0.0128789907 -0.0052552321 0.00670869416
v 0.0141649405 -0.00540047325 0.0049600061
v 0.0127016027 -0.0077790292 0.0073906891
v 0.0141649405 -0.00540047325 0.0049600061
v 0.0140425079 -0.00771016907 0.0052803494
v 0.0140425079 0.00771016441 0.00528035592
v 0.0152025921 0.007887966 0.00264148833
v 0.0152965719 0.00583343673 0.00253345515
v 0.0140425079 0.00771016441 0.00528035592
v 0.0152965719 0.00583343673 0.00253345515
v 0.0141649405 0.00540046953 0.00496001076
v 0.0140425079 -0.00771016907 0.0052803494
v 0.0141649405 -0.00540047325 0.0049600061
v 0.0152965719 -0.0058334386 0.00253345049
v 0.0140425079 -0.00771016907 0.0052803494
v 0.0152965719 -0.0058334386 0.00253345049
v 0.0152025921 -0.00788796786 0.00264148181
v 0.0152025921 0.007887966 0.00264148833
v 0.0163612589 0.00795986503 0.000422554498
v 0.0165374987 0.00611698441 0.000387643056
v 0.0152025921 0.007887966 0.00264148833
v 0.0165374987 0.00611698441 0.000387643056
v 0.0152965719 0.00583343673 0.00253345515
v 0.0152025921 -0.00788796786 0.00264148181
v 0.0152965719 -0.0058334386 0.00253345049
v 0.0165374987 -0.00611698441 0.000387638167
v 0.0152025921 -0.00788796786 0.00264148181
v 0.0165374987 -0.00611698441 0.000387638167
v 0.0163612589 -0.00795986503 0.000422548153
v 0.0128789907 0.00525522651 0.00670869881
v 0.0141649405 0.00540046953 0.00496001076
v 0.0149003798 0.00362104177 0.00498313829
v 0.0128789907 0.00525522651 0.00670869881
v 0.0149003798 0.00362104177 0.00498313829
v 0.0141191985 0.00294624269 0.00630061282
v 0.0128789907 -0.0052552321 0.00670869416
v 0.0141191985 -0.00294624781 0.00630061002
v 0.0149003798 -0.00362104597 0.0049831355
v 0.0128789907 -0.0052552321 0.00670869416
v 0.0149003798 -0.00362104597 0.0049831355
v 0.0141649405 -0.00540047325 0.0049600061
v 0.0162947215 0.00171108486 0.00650124066
v 0.0141191985 0.00294624269 0.00630061282
v 0.0149003798 0.00362104177 0.00498313829
v 0.0162947215 0.00171108486 0.00650124066
v 0.0149003798 0.00362104177 0.00498313829
v 0.0169005711 0.00229804404 0.00487119239
v 0.0162947215 -0.00171108998 0.00650123972
v 0.0169005711 -0.00229804777 0.00487119053
v 0.0149003798 -0.00362104597 0.0049831355
v 0.0162947215 -0.00171108998 0.00650123972
v 0.0149003798 -0.00362104597 0.0049831355
v 0.0141191985 -0.00294624781 0.00630061002
v 0.0189980622 0.00152900117 0.00697157579
v 0.0162947215 0.00171108486 0.00650124066
v 0.0169005711 0.00229804404 0.00487119239
v 0.0189980622 0.00152900117 0.00697157579
v 0.0169005711 0.00229804404 0.00487119239
v 0.0194206964 0.00191972125 0.00496314885
v 0.0189980622 -0.00152900675 0.00697157485
v 0.0194206964 -0.00191972521 0.00496314699
v 0.0169005711 -0.00229804777 0.00487119053
v 0.0189980622 -0.00152900675 0.00697157485
v 0.0169005711 -0.00229804777 0.00487119053
v 0.0162947215 -0.00171108998 0.00650123972
v 0.0213571545 0.00159829634 0.00738286832
v 0.0189980622 0.00152900117 0.00697157579
v 0.0194206964 0.00191972125 0.00496314885
v 0.0213571545 0.00159829634 0.00738286832
v 0.0194206964 0.00191972125 0.00496314885
v 0.0216032211 0.00205344148 0.00495402096
v 0.0213571545 -0.00159830216 0.00738286739
v 0.0216032211 -0.00205344521 0.0049540191
v 0.0194206964 -0.00191972521 0.00496314699
v 0.0213571545 -0.00159830216 0.00738286739
v 0.0194206964 -0.00191972521 0.00496314699
v 0.0189980622 -0.00152900675 0.00697157485
v 0.0259282328 0.00490617985 0.00900115445
v 0.0239392761 0.00267996546 0.00846778601
v 0.0239377953 0.00332534523 0.0051443954
v 0.0259282328 0.00490617985 0.00900115445
v 0.0239377953 0.00332534523 0.0051443954
v 0.0255396497 0.00547238067 0.0054430603
v 0.0259282328 -0.0049061873 0.00900115073
v 0.0255396497 -0.00547238532 0.00544305565
v 0.0239377953 -0.00332534942 0.00514439261
v 0.0259282328 -0.0049061873 0.00900115073
v 0.0239377953 -0.00332534942 0.00514439261
v 0.0239392761 -0.00267997244 0.00846778415
v 0.0239392761 0.00267996546 0.00846778601
v 0.0213571545 0.00159829634 0.00738286832
v 0.0216032211 0.00205344148 0.00495402096
v 0.0239392761 0.00267996546 0.00846778601
v 0.0216032211 0.00205344148 0.00495402096
v 0.0239377953 0.00332534523 0.0051443954
v 0.0239392761 -0.00267997244 0.00846778415
v 0.0239377953 -0.00332534942 0.00514439261
v 0.0216032211 -0.00205344521 0.0049540191
v 0.0239392761 -0.00267997244 0.00846778415
v 0.0216032211 -0.00205344521 0.0049540191
v 0.0213571545 -0.00159830216 0.00738286739
v 0.0149003798 0.00362104177 0.00498313829
v 0.0141649405 0.00540046953 0.00496001076
v 0.0152965719 0.00583343673 0.00253345515
v 0.0149003798 0.00362104177 0.00498313829
v 0.0152965719 0.00583343673 0.00253345515
v 0.0161236543 0.00418940093 0.00241473969
v 0.0149003798 -0.00362104597 0.0049831355
v 0.0161236543 -0.0041894028 0.00241473643
v 0.0152965719 -0.0058334386 0.00253345049
v 0.0149003798 -0.00362104597 0.0049831355
v 0.0152965719 -0.0058334386 0.00253345049
v 0.0141649405 -0.00540047325 0.0049600061
v 0.0152965719 0.00583343673 0.00253345515
v 0.0165374987 0.00611698441 0.000387643056
v 0.0172409397 0.00466234284 0.000528443488
v 0.0152965719 0.00583343673 0.00253345515
v 0.0172409397 0.00466234284 0.000528443488
v 0.0161236543 0.00418940093 0.00241473969
v 0.0152965719 -0.0058334386 0.00253345049
v 0.0161236543 -0.0041894028 0.00241473643
v 0.0172409397 -0.00466234284 0.000528439763
v 0.0152965719 -0.0058334386 0.00253345049
v 0.0172409397 -0.00466234284 0.000528439763
v 0.0165374987 -0.00611698441 0.000387638167
v 0.0249901135 0.00591431558 0.00239411555
v 0.0237827692 0.00393358245 0.00249720295
v 0.0234208703 0.0044988119 0.000539950677
v 0.0249901135 0.00591431558 0.00239411555
v 0.0234208703 0.0044988119 0.000539950677
v 0.0243473742 0.0062607755 0.000378419558
v 0.0249901135 -0.00591431744 0.0023941109
v 0.0243473742 -0.0062607755 0.000378414552
v 0.0234208703 -0.0044988119 0.000539947068
v 0.0249901135 -0.00591431744 0.0023941109
v 0.0234208703 -0.0044988119 0.000539947068
v 0.0237827692 -0.00393358432 0.00249719969
v 0.0255396497 0.00547238067 0.0054430603
v 0.0239377953 0.00332534523 0.0051443954
v 0.0237827692 0.00393358245 0.00249720295
v 0.0255396497 0.00547238067 0.0054430603
v 0.0237827692 0.00393358245 0.00249720295
v 0.0249901135 0.00591431558 0.00239411555
v 0.0255396497 -0.00547238532 0.00544305565
v 0.0249901135 -0.00591431744 0.0023941109
v 0.0237827692 -0.00393358432 0.00249719969
v 0.0255396497 -0.00547238532 0.00544305565
v 0.0237827692 -0.00393358432 0.00249719969
v 0.0239377953 -0.00332534942 0.00514439261
v 0.0218094606 0.00263784267 0.00248840963
v 0.0218399204 0.00340891071 0.000416863593
v 0.0234208703 0.0044988119 0.000539950677
v 0.0218094606 0.00263784267 0.00248840963
v 0.0234208703 0.0044988119 0.000539950677
v 0.0237827692 0.00393358245 0.00249720295
v 0.0218094606 -0.00263784453 0.00248840731
v 0.0237827692 -0.00393358432 0.00249719969
v 0.0234208703 -0.0044988119 0.000539947068
v 0.0218094606 -0.00263784453 0.00248840731
v 0.0234208703 -0.0044988119 0.000539947068
v 0.0218399204 -0.00340891117 0.000416860858
v 0.0239377953 0.00332534523 0.0051443954
v 0.0216032211 0.00205344148 0.00495402096
v 0.0218094606 0.00263784267 0.00248840963
v 0.0239377953 0.00332534523 0.0051443954
v 0.0218094606 0.00263784267 0.00248840963
v 0.0237827692 0.00393358245 0.00249720295
v 0.0239377953 -0.00332534942 0.00514439261
v 0.0237827692 -0.00393358432 0.00249719969
v 0.0218094606 -0.00263784453 0.00248840731
v 0.0239377953 -0.00332534942 0.00514439261
v 0.0218094606 -0.00263784453 0.00248840731
v 0.0216032211 -0.00205344521 0.0049540191
v 0.0194206964 0.00191972125 0.00496314885
v 0.0199870095 0.00253127376 0.0021845405
v 0.0218094606 0.00263784267 0.00248840963
v 0.0194206964 0.00191972125 0.00496314885
v 0.0218094606 0.00263784267 0.00248840963
v 0.0216032211 0.00205344148 0.00495402096
v 0.0194206964 -0.00191972521 0.00496314699
v 0.0216032211 -0.00205344521 0.0049540191
v 0.0218094606 -0.00263784453 0.00248840731
v 0.0194206964 -0.00191972521 0.00496314699
v 0.0218094606 -0.00263784453 0.00248840731
v 0.0199870095 -0.00253127562 0.00218453864
v 0.0218094606 0.00263784267 0.00248840963
v 0.0199870095 0.00253127376 0.0021845405
v 0.0203346182 0.00319705345 0.000305558031
v 0.0218094606 0.00263784267 0.00248840963
v 0.0203346182 0.00319705345 0.000305558031
v 0.0218399204 0.00340891071 0.000416863593
v 0.0218094606 -0.00263784453 0.00248840731
v 0.0218399204 -0.00340891117 0.000416860858
v 0.0203346182 -0.00319705391 0.00030555547
v 0.0218094606 -0.00263784453 0.00248840731
v 0.0203346182 -0.00319705391 0.00030555547
v 0.0199870095 -0.00253127562 0.00218453864
v 0.0149003798 0.00362104177 0.00498313829
v 0.0161236543 0.00418940093 0.00241473969
v 0.0178632531 0.00292036659 0.00237762043
v 0.0149003798 0.00362104177 0.00498313829
v 0.0178632531 0.00292036659 0.00237762043
v 0.0169005711 0.00229804404 0.00487119239
v 0.0149003798 -0.00362104597 0.0049831355
v 0.0169005711 -0.00229804777 0.00487119053
v 0.0178632531 -0.00292036845 0.0023776181
v 0.0149003798 -0.00362104597 0.0049831355
v 0.0178632531 -0.00292036845 0.0023776181
v 0.0161236543 -0.0041894028 0.00241473643
v 0.0194206964 0.00191972125 0.00496314885
v 0.0169005711 0.00229804404 0.00487119239
v 0.0178632531 0.00292036659 0.00237762043
v 0.0194206964 0.00191972125 0.00496314885
v 0.0178632531 0.00292036659 0.00237762043
v 0.0199870095 0.00253127376 0.0021845405
v 0.0194206964 -0.00191972521 0.00496314699
v 0.0199870095 -0.00253127562 0.00218453864
v 0.0178632531 -0.00292036845 0.0023776181
v 0.0194206964 -0.00191972521 0.00496314699
v 0.0178632531 -0.00292036845 0.0023776181
v 0.0169005711 -0.00229804777 0.00487119053
v 0.0161236543 0.00418940093 0.00241473969
v 0.0172409397 0.00466234284 0.000528443488
v 0.0184837319 0.00358689833 0.00058516016
v 0.0161236543 0.00418940093 0.00241473969
v 0.0184837319 0.00358689833 0.00058516016
v 0.0178632531 0.00292036659 0.00237762043
v 0.0161236543 -0.0041894028 0.00241473643
v 0.0178632531 -0.00292036845 0.0023776181
v 0.0184837319 -0.00358689879 0.00058515725
v 0.0161236543 -0.0041894028 0.00241473643
v 0.0184837319 -0.00358689879 0.00058515725
v 0.0172409397 -0.00466234284 0.000528439763
v 0.0199870095 0.00253127376 0.0021845405
v 0.0178632531 0.00292036659 0.00237762043
v 0.0184837319 0.00358689833 0.00058516016
v 0.0199870095 0.00253127376 0.0021845405
v 0.0184837319 0.00358689833 0.00058516016
v 0.0203346182 0.00319705345 0.000305558031
v 0.0199870095 -0.00253127562 0.00218453864
v 0.0203346182 -0.00319705391 0.00030555547
v 0.0184837319 -0.00358689879 0.00058515725
v 0.0199870095 -0.00253127562 0.00218453864
v 0.0184837319 -0.00358689879 0.00058515725
v 0.0178632531 -0.00292036845 0.0023776181
v 0.018117616 0.0109200599 0.000512258033
v 0.0197764356 0.0114620663 0.000294729834
v 0.0199667495 0.0105003202 -0.000522404735
v 0.018117616 0.0109200599 0.000512258033
v 0.0199667495 0.0105003202 -0.000522404735
v 0.0184915327 0.0100109838 -0.000378674275
v 0.018117616 -0.0109200599 0.000512249302
v 0.0184915327 -0.0100109838 -0.000378682249
v 0.0199667495 -0.0105003202 -0.000522413116
v 0.018117616 -0.0109200599 0.000512249302
v 0.0199667495 -0.0105003202 -0.000522413116
v 0.0197764356 -0.0114620663 0.000294720696
v 0.018117616 0.0109200599 0.000512258033
v 0.0184915327 0.0100109838 -0.000378674275
v 0.0177398119 0.00934992358 -0.000261289853
v 0.018117616 0.0109200599 0.000512258033
v 0.0177398119 0.00934992358 -0.000261289853
v 0.0169628616 0.0097551709 0.000552551763
v 0.018117616 -0.0109200599 0.000512249302
v 0.0169628616 -0.0097551709 0.000552543963
v 0.0177398119 -0.00934992358 -0.000261297304
v 0.018117616 -0.0109200599 0.000512249302
v 0.0177398119 -0.00934992358 -0.000261297304
v 0.0184915327 -0.0100109838 -0.000378682249
v 0.0169628616 0.0097551709 0.000552551763
v 0.0177398119 0.00934992358 -0.000261289853
v 0.0173341092 0.00817099307 -0.000311653654
v 0.0169628616 0.0097551709 0.000552551763
v 0.0173341092 0.00817099307 -0.000311653654
v 0.0163612589 0.00795986503 0.000422554498
v 0.0169628616 -0.0097551709 0.000552543963
v 0.0163612589 -0.00795986503 0.000422548153
v 0.0173341092 -0.00817099307 -0.000311660173
v 0.0169628616 -0.0097551709 0.000552543963
v 0.0173341092 -0.00817099307 -0.000311660173
v 0.0177398119 -0.00934992358 -0.000261297304
v 0.0163612589 0.00795986503 0.000422554498
v 0.0173341092 0.00817099307 -0.000311653654
v 0.0173937753 0.00643761968 -0.000264759903
v 0.0163612589 0.00795986503 0.000422554498
v 0.0173937753 0.00643761968 -0.000264759903
v 0.0165374987 0.00611698441 0.000387643056
v 0.0163612589 -0.00795986503 0.000422548153
v 0.0165374987 -0.00611698441 0.000387638167
v 0.0173937753 -0.00643761968 -0.000264765025
v 0.0163612589 -0.00795986503 0.000422548153
v 0.0173937753 -0.00643761968 -0.000264765025
v 0.0173341092 -0.00817099307 -0.000311660173
v 0.0165374987 0.00611698441 0.000387643056
v 0.0173937753 0.00643761968 -0.000264759903
v 0.0179869663 0.00512169907 -0.000156920898
v 0.0165374987 0.00611698441 0.000387643056
v 0.0179869663 0.00512169907 -0.000156920898
v 0.0172409397 0.00466234284 0.000528443488
v 0.0165374987 -0.00611698441 0.000387638167
v 0.0172409397 -0.00466234284 0.000528439763
v 0.0179869663 -0.00512169907 -0.000156925002
v 0.0165374987 -0.00611698441 0.000387638167
v 0.0179869663 -0.00512169907 -0.000156925002
v 0.0173937753 -0.00643761968 -0.000264765025
v 0.0184837319 0.00358689833 0.00058516016
v 0.0172409397 0.00466234284 0.000528443488
v 0.0179869663 0.00512169907 -0.000156920898
v 0.0184837319 0.00358689833 0.00058516016
v 0.0179869663 0.00512169907 -0.000156920898
v 0.0189374499 0.00430262741 -0.00014872606
v 0.0184837319 -0.00358689879 0.00058515725
v 0.0189374499 -0.00430262741 -0.000148729494
v 0.0179869663 -0.00512169907 -0.000156925002
v 0.0184837319 -0.00358689879 0.00058515725
v 0.0179869663 -0.00512169907 -0.000156925002
v 0.0172409397 -0.00466234284 0.000528439763
v 0.0203346182 0.00319705345 0.000305558031
v 0.0184837319 0.00358689833 0.00058516016
v 0.0189374499 0.00430262741 -0.00014872606
v 0.0203346182 0.00319705345 0.000305558031
v 0.0189374499 0.00430262741 -0.00014872606
v 0.0200416278 0.00415461138 -0.000369930349
v 0.0203346182 -0.00319705391 0.00030555547
v 0.0200416278 -0.00415461138 -0.000369933667
v 0.0189374499 -0.00430262741 -0.000148729494
v 0.0203346182 -0.00319705391 0.00030555547
v 0.0189374499 -0.00430262741 -0.000148729494
v 0.0184837319 -0.00358689879 0.00058515725
v 0.0217058081 0.00452464446 -0.000476707588
v 0.0218399204 0.00340891071 0.000416863593
v 0.0203346182 0.00319705345 0.000305558031
v 0.0217058081 0.00452464446 -0.000476707588
v 0.0203346182 0.00319705345 0.000305558031
v 0.0200416278 0.00415461138 -0.000369930349
v 0.0217058081 -0.00452464446 -0.000476711197
v 0.0200416278 -0.00415461138 -0.000369933667
v 0.0203346182 -0.00319705391 0.00030555547
v 0.0217058081 -0.00452464446 -0.000476711197
v 0.0203346182 -0.00319705391 0.00030555547
v 0.0218399204 -0.00340891117 0.000416860858
v 0.0218399204 0.00340891071 0.000416863593
v 0.0217058081 0.00452464446 -0.000476707588
v 0.0229804143 0.00516041135 -0.000304313115
v 0.0218399204 0.00340891071 0.000416863593
v 0.0229804143 0.00516041135 -0.000304313115
v 0.0234208703 0.0044988119 0.000539950677
v 0.0218399204 -0.00340891117 0.000416860858
v 0.0234208703 -0.0044988119 0.000539947068
v 0.0229804143 -0.00516041135 -0.000304317247
v 0.0218399204 -0.00340891117 0.000416860858
v 0.0229804143 -0.00516041135 -0.000304317247
v 0.0217058081 -0.00452464446 -0.000476711197
v 0.0234208703 0.0044988119 0.000539950677
v 0.0229804143 0.00516041135 -0.000304313115
v 0.0236009676 0.00626215711 -0.000344685366
v 0.0234208703 0.0044988119 0.000539950677
v 0.0236009676 0.00626215711 -0.000344685366
v 0.0243473742 0.0062607755 0.000378419558
v 0.0234208703 -0.0044988119 0.000539947068
v 0.0243473742 -0.0062607755 0.000378414552
v 0.0236009676 -0.00626215711 -0.000344690372
v 0.0234208703 -0.0044988119 0.000539947068
v 0.0236009676 -0.00626215711 -0.000344690372
v 0.0229804143 -0.00516041135 -0.000304317247
v 0.0243473742 0.0062607755 0.000378419558
v 0.0236009676 0.00626215711 -0.000344685366
v 0.0236386079 0.0076992875 -0.000431589957
v 0.0243473742 0.0062607755 0.000378419558
v 0.0236386079 0.0076992875 -0.000431589957
v 0.0242888425 0.00827062968 0.000256596366
v 0.0243473742 -0.0062607755 0.000378414552
v 0.0242888425 -0.00827062968 0.00025658973
v 0.0236386079 -0.0076992875 -0.000431596127
v 0.0243473742 -0.0062607755 0.000378414552
v 0.0236386079 -0.0076992875 -0.000431596127
v 0.0236009676 -0.00626215711 -0.000344690372
v 0.0242888425 0.00827062968 0.000256596366
v 0.0236386079 0.0076992875 -0.000431589957
v 0.0228686724 0.00961956941 -0.000282827445
v 0.0242888425 0.00827062968 0.000256596366
v 0.0228686724 0.00961956941 -0.000282827445
v 0.0232725758 0.0103438646 0.000529797573
v 0.0242888425 -0.00827062968 0.00025658973
v 0.0232725758 -0.0103438646 0.000529789308
v 0.0228686724 -0.00961956941 -0.000282835128
v 0.0242888425 -0.00827062968 0.00025658973
v 0.0228686724 -0.00961956941 -0.000282835128
v 0.0236386079 -0.0076992875 -0.000431596127
v 0.0232725758 0.0103438646 0.000529797573
v 0.0228686724 0.00961956941 -0.000282827445
v 0.0214686692 0.0105477758 -0.000342375948
v 0.0232725758 0.0103438646 0.000529797573
v 0.0214686692 0.0105477758 -0.000342375948
v 0.0215170886 0.011298365 0.000291952078
v 0.0232725758 -0.0103438646 0.000529789308
v 0.0215170886 -0.011298365 0.000291943055
v 0.0214686692 -0.0105477758 -0.000342384388
v 0.0232725758 -0.0103438646 0.000529789308
v 0.0214686692 -0.0105477758 -0.000342384388
v 0.0228686724 -0.00961956941 -0.000282835128
v 0.0197764356 0.0114620663 0.000294729834
v 0.0215170886 0.011298365 0.000291952078
v 0.0214686692 0.0105477758 -0.000342375948
v 0.0197764356 0.0114620663 0.000294729834
v 0.0214686692 0.0105477758 -0.000342375948
v 0.0199667495 0.0105003202 -0.000522404735
v 0.0197764356 -0.0114620663 0.000294720696
v 0.0199667495 -0.0105003202 -0.000522413116
v 0.0214686692 -0.0105477758 -0.000342384388
v 0.0197764356 -0.0114620663 0.000294720696
v 0.0214686692 -0.0105477758 -0.000342384388
v 0.0215170886 -0.011298365 0.000291943055
v 0.0186742134 0.00862648617 -0.000789858343
v 0.0184915327 0.0100109838 -0.000378674275
v 0.0199667495 0.0105003202 -0.000522404735
v 0.0186742134 0.00862648617 -0.000789858343
v 0.0199667495 0.0105003202 -0.000522404735
v 0.0201521795 0.00912329741 -0.000959953701
v 0.0186742134 -0.00862648617 -0.000789865211
v 0.0201521795 -0.00912329741 -0.000959961035
v 0.0199667495 -0.0105003202 -0.000522413116
v 0.0186742134 -0.00862648617 -0.000789865211
v 0.0199667495 -0.0105003202 -0.000522413116
v 0.0184915327 -0.0100109838 -0.000378682249
v 0.0186742134 0.00862648617 -0.000789858343
v 0.0173341092 0.00817099307 -0.000311653654
v 0.0177398119 0.00934992358 -0.000261289853
v 0.0186742134 0.00862648617 -0.000789858343
v 0.0177398119 0.00934992358 -0.000261289853
v 0.0184915327 0.0100109838 -0.000378674275
v 0.0186742134 -0.00862648617 -0.000789865211
v 0.0184915327 -0.0100109838 -0.000378682249
v 0.0177398119 -0.00934992358 -0.000261297304
v 0.0186742134 -0.00862648617 -0.000789865211
v 0.0177398119 -0.00934992358 -0.000261297304
v 0.0173341092 -0.00817099307 -0.000311660173
v 0.0191040356 0.00693950569 -0.000933603791
v 0.0173937753 0.00643761968 -0.000264759903
v 0.0173341092 0.00817099307 -0.000311653654
v 0.0191040356 0.00693950569 -0.000933603791
v 0.0173341092 0.00817099307 -0.000311653654
v 0.0186742134 0.00862648617 -0.000789858343
v 0.0191040356 -0.00693950476 -0.000933609379
v 0.0186742134 -0.00862648617 -0.000789865211
v 0.0173341092 -0.00817099307 -0.000311660173
v 0.0191040356 -0.00693950476 -0.000933609379
v 0.0173341092 -0.00817099307 -0.000311660173
v 0.0173937753 -0.00643761968 -0.000264765025
v 0.0191040356 0.00693950569 -0.000933603791
v 0.0186742134 0.00862648617 -0.000789858343
v 0.0201521795 0.00912329741 -0.000959953701
v 0.0191040356 0.00693950569 -0.000933603791
v 0.0201521795 0.00912329741 -0.000959953701
v 0.0206409357 0.00780015625 -0.00112652185
v 0.0191040356 -0.00693950476 -0.000933609379
v 0.0206409357 -0.00780015532 -0.00112652814
v 0.0201521795 -0.00912329741 -0.000959961035
v 0.0191040356 -0.00693950476 -0.000933609379
v 0.0201521795 -0.00912329741 -0.000959961035
v 0.0186742134 -0.00862648617 -0.000789865211
v 0.0191040356 0.00693950569 -0.000933603791
v 0.0195989907 0.00531888055 -0.000741163443
v 0.0179869663 0.00512169907 -0.000156920898
v 0.0191040356 0.00693950569 -0.000933603791
v 0.0179869663 0.00512169907 -0.000156920898
v 0.0173937753 0.00643761968 -0.000264759903
v 0.0191040356 -0.00693950476 -0.000933609379
v 0.0173937753 -0.00643761968 -0.000264765025
v 0.0179869663 -0.00512169907 -0.000156925002
v 0.0191040356 -0.00693950476 -0.000933609379
v 0.0179869663 -0.00512169907 -0.000156925002
v 0.0195989907 -0.00531887962 -0.000741167751
v 0.0195989907 0.00531888055 -0.000741163443
v 0.0200416278 0.00415461138 -0.000369930349
v 0.0189374499 0.00430262741 -0.00014872606
v 0.0195989907 0.00531888055 -0.000741163443
v 0.0189374499 0.00430262741 -0.00014872606
v 0.0179869663 0.00512169907 -0.000156920898
v 0.0195989907 -0.00531887962 -0.000741167751
v 0.0179869663 -0.00512169907 -0.000156925002
v 0.0189374499 -0.00430262741 -0.000148729494
v 0.0195989907 -0.00531887962 -0.000741167751
v 0.0189374499 -0.00430262741 -0.000148729494
v 0.0200416278 -0.00415461138 -0.000369933667
v 0.021217959 0.00601938553 -0.000969019718
v 0.0195989907 0.00531888055 -0.000741163443
v 0.0191040356 0.00693950569 -0.000933603791
v 0.021217959 0.00601938553 -0.000969019718
v 0.0191040356 0.00693950569 -0.000933603791
v 0.0206409357 0.00780015625 -0.00112652185
v 0.021217959 -0.0060193846 -0.000969024491
v 0.0206409357 -0.00780015532 -0.00112652814
v 0.0191040356 -0.00693950476 -0.000933609379
v 0.021217959 -0.0060193846 -0.000969024491
v 0.0191040356 -0.00693950476 -0.000933609379
v 0.0195989907 -0.00531887962 -0.000741167751
v 0.021217959 0.00601938553 -0.000969019718
v 0.0217058081 0.00452464446 -0.000476707588
v 0.0200416278 0.00415461138 -0.000369930349
v 0.021217959 0.00601938553 -0.000969019718
v 0.0200416278 0.00415461138 -0.000369930349
v 0.0195989907 0.00531888055 -0.000741163443
v 0.021217959 -0.0060193846 -0.000969024491
v 0.0195989907 -0.00531887962 -0.000741167751
v 0.0200416278 -0.00415461138 -0.000369933667
v 0.021217959 -0.0060193846 -0.000969024491
v 0.0200416278 -0.00415461138 -0.000369933667
v 0.0217058081 -0.00452464446 -0.000476711197
v 0.0225597024 0.00692861062 -0.000829226687
v 0.0229804143 0.00516041135 -0.000304313115
v 0.0217058081 0.00452464446 -0.000476707588
v 0.0225597024 0.00692861062 -0.000829226687
v 0.0217058081 0.00452464446 -0.000476707588
v 0.021217959 0.00601938553 -0.000969019718
v 0.0225597024 -0.00692860968 -0.000829232275
v 0.021217959 -0.0060193846 -0.000969024491
v 0.0217058081 -0.00452464446 -0.000476711197
v 0.0225597024 -0.00692860968 -0.000829232275
v 0.0217058081 -0.00452464446 -0.000476711197
v 0.0229804143 -0.00516041135 -0.000304317247
v 0.0225597024 0.00692861062 -0.000829226687
v 0.0236386079 0.0076992875 -0.000431589957
v 0.0236009676 0.00626215711 -0.000344685366
v 0.0225597024 0.00692861062 -0.000829226687
v 0.0236009676 0.00626215711 -0.000344685366
v 0.0229804143 0.00516041135 -0.000304313115
v 0.0225597024 -0.00692860968 -0.000829232275
v 0.0229804143 -0.00516041135 -0.000304317247
v 0.0236009676 -0.00626215711 -0.000344690372
v 0.0225597024 -0.00692860968 -0.000829232275
v 0.0236009676 -0.00626215711 -0.000344690372
v 0.0236386079 -0.0076992875 -0.000431596127
v 0.0206409357 0.00780015625 -0.00112652185
v 0.0220754649 0.00859254971 -0.000880922773
v 0.0225597024 0.00692861062 -0.000829226687
v 0.0206409357 0.00780015625 -0.00112652185
v 0.0225597024 0.00692861062 -0.000829226687
v 0.021217959 0.00601938553 -0.000969019718
v 0.0206409357 -0.00780015532 -0.00112652814
v 0.021217959 -0.0060193846 -0.000969024491
v 0.0225597024 -0.00692860968 -0.000829232275
v 0.0206409357 -0.00780015532 -0.00112652814
v 0.0225597024 -0.00692860968 -0.000829232275
v 0.0220754649 -0.00859254971 -0.000880929641
v 0.0236386079 0.0076992875 -0.000431589957
v 0.0225597024 0.00692861062 -0.000829226687
v 0.0220754649 0.00859254971 -0.000880922773
v 0.0236386079 0.0076992875 -0.000431589957
v 0.0220754649 0.00859254971 -0.000880922773
v 0.0228686724 0.00961956941 -0.000282827445
v 0.0236386079 -0.0076992875 -0.000431596127
v 0.0228686724 -0.00961956941 -0.000282835128
v 0.0220754649 -0.00859254971 -0.000880929641
v 0.0236386079 -0.0076992875 -0.000431596127
v 0.0220754649 -0.00859254971 -0.000880929641
v 0.0225597024 -0.00692860968 -0.000829232275
v 0.0206409357 0.00780015625 -0.00112652185
v 0.0201521795 0.00912329741 -0.000959953701
v 0.0212503001 0.00966436695 -0.000777099573
v 0.0206409357 0.00780015625 -0.00112652185
v 0.0212503001 0.00966436695 -0.000777099573
v 0.0220754649 0.00859254971 -0.000880922773
v 0.0206409357 -0.00780015532 -0.00112652814
v 0.0220754649 -0.00859254971 -0.000880929641
v 0.0212503001 -0.00966436695 -0.000777107256
v 0.0206409357 -0.00780015532 -0.00112652814
v 0.0212503001 -0.00966436695 -0.000777107256
v 0.0201521795 -0.00912329741 -0.000959961035
v 0.0199667495 0.0105003202 -0.000522404735
v 0.0214686692 0.0105477758 -0.000342375948
v 0.0212503001 0.00966436695 -0.000777099573
v 0.0199667495 0.0105003202 -0.000522404735
v 0.0212503001 0.00966436695 -0.000777099573
v 0.0201521795 0.00912329741 -0.000959953701
v 0.0199667495 -0.0105003202 -0.000522413116
v 0.0201521795 -0.00912329741 -0.000959961035
v 0.0212503001 -0.00966436695 -0.000777107256
v 0.0199667495 -0.0105003202 -0.000522413116
v 0.0212503001 -0.00966436695 -0.000777107256
v 0.0214686692 -0.0105477758 -0.000342384388
v 0.0228686724 0.00961956941 -0.000282827445
v 0.0220754649 0.00859254971 -0.000880922773
v 0.0212503001 0.00966436695 -0.000777099573
v 0.0228686724 0.00961956941 -0.000282827445
v 0.0212503001 0.00966436695 -0.000777099573
v 0.0214686692 0.0105477758 -0.000342375948
v 0.0228686724 -0.00961956941 -0.000282835128
v 0.0214686692 -0.0105477758 -0.000342384388
v 0.0212503001 -0.00966436695 -0.000777107256
v 0.0228686724 -0.00961956941 -0.000282835128
v 0.0212503001 -0.00966436695 -0.000777107256
v 0.0220754649 -0.00859254971 -0.000880929641
v 0.00832965411 0.0170011912 0.0199778471
v 0.00269086473 0.0169998743 0.0207506418
v 0.00320207118 0.0173353516 0.0243047047
v 0.00832965411 0.0170011912 0.0199778471
v 0.00320207118 0.0173353516 0.0243047047
v 0.00834877416 0.017251391 0.0237198602
v 0.00832965411 -0.0170012061 0.0199778322
v 0.00834877416 -0.0172514096 0.0237198453
v 0.00320207118 -0.0173353702 0.0243046898
v 0.00832965411 -0.0170012061 0.0199778322
v 0.00320207118 -0.0173353702 0.0243046898
v 0.00269086473 -0.0169998892 0.0207506269
v 0.00834877416 0.017251391 0.0237198602
v 0.0137106394 0.0165903475 0.0233657099
v 0.0135898069 0.0165065303 0.0196420699
v 0.00834877416 0.017251391 0.0237198602
v 0.0135898069 0.0165065303 0.0196420699
v 0.00832965411 0.0170011912 0.0199778471
v 0.00834877416 -0.0172514096 0.0237198453
v 0.00832965411 -0.0170012061 0.0199778322
v 0.0135898069 -0.0165065452 0.019642055
v 0.00834877416 -0.0172514096 0.0237198453
v 0.0135898069 -0.0165065452 0.019642055
v 0.0137106394 -0.0165903661 0.023365695
v 0.0137106394 0.0165903475 0.0233657099
v 0.0189941972 0.0155968554 0.0230365507
v 0.0188119058 0.0157383196 0.0198462643
v 0.0137106394 0.0165903475 0.0233657099
v 0.0188119058 0.0157383196 0.0198462643
v 0.0135898069 0.0165065303 0.0196420699
v 0.0137106394 -0.0165903661 0.023365695
v 0.0135898069 -0.0165065452 0.019642055
v 0.0188119058 -0.0157383345 0.0198462531
v 0.0137106394 -0.0165903661 0.023365695
v 0.0188119058 -0.0157383345 0.0198462531
v 0.0189941972 -0.0155968741 0.0230365396
v 0.0204337146 0.00298805558 0.0353710949
v 0.0226221085 0.00257978425 0.0356841497
v 0.0230051242 0.00369174685 0.0346904285
v 0.0204337146 0.00298805558 0.0353710949
v 0.0230051242 0.00369174685 0.0346904285
v 0.0217075776 0.00427423324 0.0340835415
v 0.0204337146 -0.00298808399 0.0353710949
v 0.0217075776 -0.00427426025 0.0340835415
v 0.0230051242 -0.00369177479 0.0346904285
v 0.0204337146 -0.00298808399 0.0353710949
v 0.0230051242 -0.00369177479 0.0346904285
v 0.0226221085 -0.00257981266 0.0356841497
v 0.0231102519 0.00535686687 0.0325782225
v 0.0217075776 0.00427423324 0.0340835415
v 0.0230051242 0.00369174685 0.0346904285
v 0.0231102519 0.00535686687 0.0325782225
v 0.0230051242 0.00369174685 0.0346904285
v 0.0243962742 0.00473204628 0.0332925655
v 0.0231102519 -0.00535689294 0.032578215
v 0.0243962742 -0.00473207328 0.033292558
v 0.0230051242 -0.00369177479 0.0346904285
v 0.0231102519 -0.00535689294 0.032578215
v 0.0230051242 -0.00369177479 0.0346904285
v 0.0217075776 -0.00427426025 0.0340835415
v 0.0245672502 0.00587813556 0.0309629161
v 0.0231102519 0.00535686687 0.0325782225
v 0.0243962742 0.00473204628 0.0332925655
v 0.0245672502 0.00587813556 0.0309629161
v 0.0243962742 0.00473204628 0.0332925655
v 0.0256025214 0.00522718439 0.0323293358
v 0.0245672502 -0.00587816071 0.0309629124
v 0.0256025214 -0.00522721047 0.0323293284
v 0.0243962742 -0.00473207328 0.033292558
v 0.0245672502 -0.00587816071 0.0309629124
v 0.0243962742 -0.00473207328 0.033292558
v 0.0231102519 -0.00535689294 0.032578215
v 0.0272709504 0.00559186889 0.0308238696
v 0.0245672502 0.00587813556 0.0309629161
v 0.0256025214 0.00522718439 0.0323293358
v 0.0272709504 0.00559186889 0.0308238696
v 0.0256025214 0.00522718439 0.0323293358
v 0.0272996593 0.00522330636 0.0324338339
v 0.0272709504 -0.0055918931 0.0308238659
v 0.0272996593 -0.00522333244 0.0324338265
v 0.0256025214 -0.00522721047 0.0323293284
v 0.0272709504 -0.0055918931 0.0308238659
v 0.0256025214 -0.00522721047 0.0323293284
v 0.0245672502 -0.00587816071 0.0309629124
v 0.0272709504 0.00559186889 0.0308238696
v 0.0272996593 0.00522330636 0.0324338339
v 0.0295326207 0.00506359292 0.0325704888
v 0.0272709504 0.00559186889 0.0308238696
v 0.0295326207 0.00506359292 0.0325704888
v 0.0297807436 0.00525505608 0.0310068894
v 0.0272709504 -0.0055918931 0.0308238659
v 0.0297807436 -0.00525508123 0.0310068857
v 0.0295326207 -0.005063619 0.0325704813
v 0.0272709504 -0.0055918931 0.0308238659
v 0.0295326207 -0.005063619 0.0325704813
v 0.0272996593 -0.00522333244 0.0324338265
v 0.0317414403 0.00431936979 0.0328702591
v 0.0318759084 0.00438618381 0.0312223416
v 0.0297807436 0.00525505608 0.0310068894
v 0.0317414403 0.00431936979 0.0328702591
v 0.0297807436 0.00525505608 0.0310068894
v 0.0295326207 0.00506359292 0.0325704888
v 0.0317414403 -0.00431939587 0.0328702591
v 0.0295326207 -0.005063619 0.0325704813
v 0.0297807436 -0.00525508123 0.0310068857
v 0.0317414403 -0.00431939587 0.0328702591
v 0.0297807436 -0.00525508123 0.0310068857
v 0.0318759084 -0.00438620895 0.0312223379
v 0.0336198099 0.00289032259 0.032897003
v 0.0336215235 0.00287258159 0.031196598
v 0.0318759084 0.00438618381 0.0312223416
v 0.0336198099 0.00289032259 0.032897003
v 0.0318759084 0.00438618381 0.0312223416
v 0.0317414403 0.00431936979 0.0328702591
v 0.0336198099 -0.00289034867 0.032897003
v 0.0317414403 -0.00431939587 0.0328702591
v 0.0318759084 -0.00438620895 0.0312223379
v 0.0336198099 -0.00289034867 0.032897003
v 0.0318759084 -0.00438620895 0.0312223379
v 0.0336215235 -0.00287260674 0.0311965942
v 0.0346103348 0.00103302905 0.0312922671
v 0.0336215235 0.00287258159 0.031196598
v 0.0336198099 0.00289032259 0.032897003
v 0.0346103348 0.00103302905 0.0312922671
v 0.0336198099 0.00289032259 0.032897003
v 0.0346627049 0.00109099864 0.0330167972
v 0.0346103348 -0.00103305397 0.0312922671
v 0.0346627049 -0.00109102495 0.0330167972
v 0.0336198099 -0.00289034867 0.032897003
v 0.0346103348 -0.00103305397 0.0312922671
v 0.0336198099 -0.00289034867 0.032897003
v 0.0336215235 -0.00287260674 0.0311965942
v 0.0265956298 0.00472150138 0.0338401571
v 0.0272996593 0.00522330636 0.0324338339
v 0.0256025214 0.00522718439 0.0323293358
v 0.0265956298 0.00472150138 0.0338401571
v 0.0256025214 0.00522718439 0.0323293358
v 0.0243962742 0.00473204628 0.0332925655
v 0.0265956298 -0.00472152838 0.0338401496
v 0.0243962742 -0.00473207328 0.033292558
v 0.0256025214 -0.00522721047 0.0323293284
v 0.0265956298 -0.00472152838 0.0338401496
v 0.0256025214 -0.00522721047 0.0323293284
v 0.0272996593 -0.00522333244 0.0324338265
v 0.0255091712 0.00367621752 0.035347864
v 0.0265956298 0.00472150138 0.0338401571
v 0.0243962742 0.00473204628 0.0332925655
v 0.0255091712 0.00367621752 0.035347864
v 0.0243962742 0.00473204628 0.0332925655
v 0.0230051242 0.00369174685 0.0346904285
v 0.0255091712 -0.00367624592 0.035347864
v 0.0230051242 -0.00369177479 0.0346904285
v 0.0243962742 -0.00473207328 0.033292558
v 0.0255091712 -0.00367624592 0.035347864
v 0.0243962742 -0.00473207328 0.033292558
v 0.0265956298 -0.00472152838 0.0338401496
v 0.0250906721 0.00229863217 0.0364624597
v 0.0255091712 0.00367621752 0.035347864
v 0.0230051242 0.00369174685 0.0346904285
v 0.0250906721 0.00229863217 0.0364624597
v 0.0230051242 0.00369174685 0.0346904285
v 0.0226221085 0.00257978425 0.0356841497
v 0.0250906721 -0.00229866151 0.0364624597
v 0.0226221085 -0.00257981266 0.0356841497
v 0.0230051242 -0.00369177479 0.0346904285
v 0.0250906721 -0.00229866151 0.0364624597
v 0.0230051242 -0.00369177479 0.0346904285
v 0.0255091712 -0.00367624592 0.035347864
v 0.0222904142 0.000847051095 0.0364864841
v 0.02504378 0.000803434115 0.0371022709
v 0.0250906721 0.00229863217 0.0364624597
v 0.0222904142 0.000847051095 0.0364864841
v 0.0250906721 0.00229863217 0.0364624597
v 0.0226221085 0.00257978425 0.0356841497
v 0.0222904142 -0.000847080199 0.0364864841
v 0.0226221085 -0.00257981266 0.0356841497
v 0.0250906721 -0.00229866151 0.0364624597
v 0.0222904142 -0.000847080199 0.0364864841
v 0.0250906721 -0.00229866151 0.0364624597
v 0.02504378 -0.000803463801 0.0371022709
v 0.02504378 0.000803434115 0.0371022709
v 0.0282772817 0.000796910492 0.0371311679
v 0.0283040069 0.00218472769 0.036571227
v 0.02504378 0.000803434115 0.0371022709
v 0.0283040069 0.00218472769 0.036571227
v 0.0250906721 0.00229863217 0.0364624597
v 0.02504378 -0.000803463801 0.0371022709
v 0.0250906721 -0.00229866151 0.0364624597
v 0.0283040069 -0.00218475703 0.036571227
v 0.02504378 -0.000803463801 0.0371022709
v 0.0283040069 -0.00218475703 0.036571227
v 0.0282772817 -0.000796940178 0.0371311679
v 0.0282772817 0.000796910492 0.0371311679
v 0.0313724689 0.000811502628 0.0362869501
v 0.0309082493 0.00195549801 0.0359244272
v 0.0282772817 0.000796910492 0.0371311679
v 0.0309082493 0.00195549801 0.0359244272
v 0.0283040069 0.00218472769 0.036571227
v 0.0282772817 -0.000796940178 0.0371311679
v 0.0283040069 -0.00218475703 0.036571227
v 0.0309082493 -0.00195552688 0.0359244272
v 0.0282772817 -0.000796940178 0.0371311679
v 0.0309082493 -0.00195552688 0.0359244272
v 0.0313724689 -0.000811531616 0.0362869501
v 0.0338073187 0.00101369934 0.0344926305
v 0.0328490473 0.00243331562 0.0343969688
v 0.0309082493 0.00195549801 0.0359244272
v 0.0338073187 0.00101369934 0.0344926305
v 0.0309082493 0.00195549801 0.0359244272
v 0.0313724689 0.000811502628 0.0362869501
v 0.0338073187 -0.00101372681 0.0344926305
v 0.0313724689 -0.000811531616 0.0362869501
v 0.0309082493 -0.00195552688 0.0359244272
v 0.0338073187 -0.00101372681 0.0344926305
v 0.0309082493 -0.00195552688 0.0359244272
v 0.0328490473 -0.00243334309 0.0343969688
v 0.0346627049 0.00109099864 0.0330167972
v 0.0336198099 0.00289032259 0.032897003
v 0.0328490473 0.00243331562 0.0343969688
v 0.0346627049 0.00109099864 0.0330167972
v 0.0328490473 0.00243331562 0.0343969688
v 0.0338073187 0.00101369934 0.0344926305
v 0.0346627049 -0.00109102495 0.0330167972
v 0.0338073187 -0.00101372681 0.0344926305
v 0.0328490473 -0.00243334309 0.0343969688
v 0.0346627049 -0.00109102495 0.0330167972
v 0.0328490473 -0.00243334309 0.0343969688
v 0.0336198099 -0.00289034867 0.032897003
v 0.029114021 0.00448521879 0.0341365635
v 0.0295326207 0.00506359292 0.0325704888
v 0.0272996593 0.00522330636 0.0324338339
v 0.029114021 0.00448521879 0.0341365635
v 0.0272996593 0.00522330636 0.0324338339
v 0.0265956298 0.00472150138 0.0338401571
v 0.029114021 -0.00448524579 0.0341365635
v 0.0265956298 -0.00472152838 0.0338401496
v 0.0272996593 -0.00522333244 0.0324338265
v 0.029114021 -0.00448524579 0.0341365635
v 0.0272996593 -0.00522333244 0.0324338265
v 0.0295326207 -0.005063619 0.0325704813
v 0.0295326207 0.00506359292 0.0325704888
v 0.029114021 0.00448521879 0.0341365635
v 0.0311308391 0.00368444202 0.0343187638
v 0.0295326207 0.00506359292 0.0325704888
v 0.0311308391 0.00368444202 0.0343187638
v 0.0317414403 0.00431936979 0.0328702591
v 0.0295326207 -0.005063619 0.0325704813
v 0.0317414403 -0.00431939587 0.0328702591
v 0.0311308391 -0.0036844695 0.0343187638
v 0.0295326207 -0.005063619 0.0325704813
v 0.0311308391 -0.0036844695 0.0343187638
v 0.029114021 -0.00448524579 0.0341365635
v 0.0336198099 0.00289032259 0.032897003
v 0.0317414403 0.00431936979 0.0328702591
v 0.0311308391 0.00368444202 0.0343187638
v 0.0336198099 0.00289032259 0.032897003
v 0.0311308391 0.00368444202 0.0343187638
v 0.0328490473 0.00243331562 0.0343969688
v 0.0336198099 -0.00289034867 0.032897003
v 0.0328490473 -0.00243334309 0.0343969688
v 0.0311308391 -0.0036844695 0.0343187638
v 0.0336198099 -0.00289034867 0.032897003
v 0.0311308391 -0.0036844695 0.0343187638
v 0.0317414403 -0.00431939587 0.0328702591
v 0.0284009632 0.00347951986 0.0357005
v 0.029114021 0.00448521879 0.0341365635
v 0.0265956298 0.00472150138 0.0338401571
v 0.0284009632 0.00347951986 0.0357005
v 0.0265956298 0.00472150138 0.0338401571
v 0.0255091712 0.00367621752 0.035347864
v 0.0284009632 -0.00347954826 0.0357005
v 0.0255091712 -0.00367624592 0.035347864
v 0.0265956298 -0.00472152838 0.0338401496
v 0.0284009632 -0.00347954826 0.0357005
v 0.0265956298 -0.00472152838 0.0338401496
v 0.029114021 -0.00448524579 0.0341365635
v 0.0250906721 0.00229863217 0.0364624597
v 0.0283040069 0.00218472769 0.036571227
v 0.0284009632 0.00347951986 0.0357005
v 0.0250906721 0.00229863217 0.0364624597
v 0.0284009632 0.00347951986 0.0357005
v 0.0255091712 0.00367621752 0.035347864
v 0.0250906721 -0.00229866151 0.0364624597
v 0.0255091712 -0.00367624592 0.035347864
v 0.0284009632 -0.00347954826 0.0357005
v 0.0250906721 -0.00229866151 0.0364624597
v 0.0284009632 -0.00347954826 0.0357005
v 0.0283040069 -0.00218475703 0.036571227
v 0.029114021 0.00448521879 0.0341365635
v 0.0284009632 0.00347951986 0.0357005
v 0.0302863177 0.00307060312 0.0354353115
v 0.029114021 0.00448521879 0.0341365635
v 0.0302863177 0.00307060312 0.0354353115
v 0.0311308391 0.00368444202 0.0343187638
v 0.029114021 -0.00448524579 0.0341365635
v 0.0311308391 -0.0036844695 0.0343187638
v 0.0302863177 -0.00307063153 0.0354353115
v 0.029114021 -0.00448524579 0.0341365635
v 0.0302863177 -0.00307063153 0.0354353115
v 0.0284009632 -0.00347954826 0.0357005
v 0.0328490473 0.00243331562 0.0343969688
v 0.0311308391 0.00368444202 0.0343187638
v 0.0302863177 0.00307060312 0.0354353115
v 0.0328490473 0.00243331562 0.0343969688
v 0.0302863177 0.00307060312 0.0354353115
v 0.0309082493 0.00195549801 0.0359244272
v 0.0328490473 -0.00243334309 0.0343969688
v 0.0309082493 -0.00195552688 0.0359244272
v 0.0302863177 -0.00307063153 0.0354353115
v 0.0328490473 -0.00243334309 0.0343969688
v 0.0302863177 -0.00307063153 0.0354353115
v 0.0311308391 -0.0036844695 0.0343187638
v 0.0283040069 0.00218472769 0.036571227
v 0.0309082493 0.00195549801 0.0359244272
v 0.0302863177 0.00307060312 0.0354353115
v 0.0283040069 0.00218472769 0.036571227
v 0.0302863177 0.00307060312 0.0354353115
v 0.0284009632 0.00347951986 0.0357005
v 0.0283040069 -0.00218475703 0.036571227
v 0.0284009632 -0.00347954826 0.0357005
v 0.0302863177 -0.00307063153 0.0354353115
v 0.0283040069 -0.00218475703 0.036571227
v 0.0302863177 -0.00307063153 0.0354353115
v 0.0309082493 -0.00195552688 0.0359244272
v 0.0346627049 0.00109099864 0.0330167972
v 0.0346627049 -0.00109102495 0.0330167972
v 0.0346103348 -0.00103305397 0.0312922671
v 0.0346627049 0.00109099864 0.0330167972
v 0.0346103348 -0.00103305397 0.0312922671
v 0.0346103348 0.00103302905 0.0312922671
v 0.0346627049 -0.00109102495 0.0330167972
v 0.0346627049 0.00109099864 0.0330167972
v 0.0338073187 0.00101369934 0.0344926305
v 0.0346627049 -0.00109102495 0.0330167972
v 0.0338073187 0.00101369934 0.0344926305
v 0.0338073187 -0.00101372681 0.0344926305
v 0.0338073187 -0.00101372681 0.0344926305
v 0.0338073187 0.00101369934 0.0344926305
v 0.0313724689 0.000811502628 0.0362869501
v 0.0338073187 -0.00101372681 0.0344926305
v 0.0313724689 0.000811502628 0.0362869501
v 0.0313724689 -0.000811531616 0.0362869501
v 0.0313724689 -0.000811531616 0.0362869501
v 0.0313724689 0.000811502628 0.0362869501
v 0.0282772817 0.000796910492 0.0371311679
v 0.0313724689 -0.000811531616 0.0362869501
v 0.0282772817 0.000796910492 0.0371311679
v 0.0282772817 -0.000796940178 0.0371311679
v 0.02504378 0.000803434115 0.0371022709
v 0.02504378 -0.000803463801 0.0371022709
v 0.0282772817 -0.000796940178 0.0371311679
v 0.02504378 0.000803434115 0.0371022709
v 0.0282772817 -0.000796940178 0.0371311679
v 0.0282772817 0.000796910492 0.0371311679
v 0.0222904142 0.000847051095 0.0364864841
v 0.0222904142 -0.000847080199 0.0364864841
v 0.02504378 -0.000803463801 0.0371022709
v 0.0222904142 0.000847051095 0.0364864841
v 0.02504378 -0.000803463801 0.0371022709
v 0.02504378 0.000803434115 0.0371022709
v 0.0196783748 0.00096959935 0.0361553095
v 0.0196783748 -0.000969628221 0.0361553095
v 0.0222904142 -0.000847080199 0.0364864841
v 0.0196783748 0.00096959935 0.0361553095
v 0.0222904142 -0.000847080199 0.0364864841
v 0.0222904142 0.000847051095 0.0364864841
v 0.0177513584 0.0013190927 0.0372684114
v 0.0177513584 -0.0013191225 0.0372684114
v 0.0196783748 -0.000969628221 0.0361553095
v 0.0177513584 0.0013190927 0.0372684114
v 0.0196783748 -0.000969628221 0.0361553095
v 0.0196783748 0.00096959935 0.0361553095
v 0.0152637679 0.00136222481 0.0386284813
v 0.0152637679 -0.00136225577 0.0386284813
v 0.0177513584 -0.0013191225 0.0372684114
v 0.0152637679 0.00136222481 0.0386284813
v 0.0177513584 -0.0013191225 0.0372684114
v 0.0177513584 0.0013190927 0.0372684114
v 0.0152637679 -0.00136225577 0.0386284813
v 0.0152637679 0.00136222481 0.0386284813
v 0.0130780386 0.00119980157 0.0397978649
v 0.0152637679 -0.00136225577 0.0386284813
v 0.0130780386 0.00119980157 0.0397978649
v 0.0130780386 -0.00119983347 0.0397978649
v 0.0245672502 0.00587813556 0.0309629161
v 0.0272709504 0.00559186889 0.0308238696
v 0.028089365 0.00601893151 0.0289021879
v 0.0245672502 0.00587813556 0.0309629161
v 0.028089365 0.00601893151 0.0289021879
v 0.0261454079 0.00665639481 0.0282199476
v 0.0245672502 -0.00587816071 0.0309629124
v 0.0261454079 -0.00665641716 0.0282199439
v 0.028089365 -0.00601895479 0.0289021842
v 0.0245672502 -0.00587816071 0.0309629124
v 0.028089365 -0.00601895479 0.0289021842
v 0.0272709504 -0.0055918931 0.0308238659
v 0.0261454079 0.00665639481 0.0282199476
v 0.028089365 0.00601893151 0.0289021879
v 0.0291422904 0.00594457332 0.0266598836
v 0.0261454079 0.00665639481 0.0282199476
v 0.0291422904 0.00594457332 0.0266598836
v 0.0275515039 0.00629609451 0.02548174
v 0.0261454079 -0.00665641716 0.0282199439
v 0.0275515039 -0.006296115 0.0254817363
v 0.0291422904 -0.00594459474 0.0266598798
v 0.0261454079 -0.00665641716 0.0282199439
v 0.0291422904 -0.00594459474 0.0266598798
v 0.028089365 -0.00601895479 0.0289021842
v 0.0303490479 0.00507064909 0.0241311826
v 0.0275515039 0.00629609451 0.02548174
v 0.0291422904 0.00594457332 0.0266598836
v 0.0303490479 0.00507064909 0.0241311826
v 0.0291422904 0.00594457332 0.0266598836
v 0.0318509787 0.00575353904 0.0256134234
v 0.0303490479 -0.00507066865 0.0241311789
v 0.0318509787 -0.00575355953 0.0256134197
v 0.0291422904 -0.00594459474 0.0266598798
v 0.0303490479 -0.00507066865 0.0241311789
v 0.0291422904 -0.00594459474 0.0266598798
v 0.0275515039 -0.006296115 0.0254817363
v 0.0338328034 0.00459202705 0.023175098
v 0.0303490479 0.00507064909 0.0241311826
v 0.0318509787 0.00575353904 0.0256134234
v 0.0338328034 0.00459202705 0.023175098
v 0.0318509787 0.00575353904 0.0256134234
v 0.0346750394 0.00500533078 0.0249529146
v 0.0338328034 -0.00459204568 0.0231750943
v 0.0346750394 -0.00500535034 0.0249529108
v 0.0318509787 -0.00575355953 0.0256134197
v 0.0338328034 -0.00459204568 0.0231750943
v 0.0318509787 -0.00575355953 0.0256134197
v 0.0303490479 -0.00507066865 0.0241311789
v 0.0338328034 0.00459202705 0.023175098
v 0.0346750394 0.00500533078 0.0249529146
v 0.0368243605 0.003166846 0.02438844
v 0.0338328034 0.00459202705 0.023175098
v 0.0368243605 0.003166846 0.02438844
v 0.0362505168 0.00313897617 0.0228542797
v 0.0338328034 -0.00459204568 0.0231750943
v 0.0362505168 -0.00313899433 0.022854276
v 0.0368243605 -0.00316686556 0.0243884362
v 0.0338328034 -0.00459204568 0.0231750943
v 0.0368243605 -0.00316686556 0.0243884362
v 0.0346750394 -0.00500535034 0.0249529108
v 0.0378474593 0.0010457366 0.0242758747
v 0.0374840833 0.0010491251 0.0226793829
v 0.0362505168 0.00313897617 0.0228542797
v 0.0378474593 0.0010457366 0.0242758747
v 0.0362505168 0.00313897617 0.0228542797
v 0.0368243605 0.003166846 0.02438844
v 0.0378474593 -0.00104575593 0.0242758747
v 0.0368243605 -0.00316686556 0.0243884362
v 0.0362505168 -0.00313899433 0.022854276
v 0.0378474593 -0.00104575593 0.0242758747
v 0.0362505168 -0.00313899433 0.022854276
v 0.0374840833 -0.00104914326 0.0226793829
v 0.0356671065 0.00102099287 0.0296537299
v 0.0346296206 0.00306534069 0.0296356659
v 0.0336215235 0.00287258159 0.031196598
v 0.0356671065 0.00102099287 0.0296537299
v 0.0336215235 0.00287258159 0.031196598
v 0.0346103348 0.00103302905 0.0312922671
v 0.0356671065 -0.00102101662 0.0296537299
v 0.0346103348 -0.00103305397 0.0312922671
v 0.0336215235 -0.00287260674 0.0311965942
v 0.0356671065 -0.00102101662 0.0296537299
v 0.0336215235 -0.00287260674 0.0311965942
v 0.0346296206 -0.00306536444 0.0296356622
v 0.0378474593 0.0010457366 0.0242758747
v 0.0368243605 0.003166846 0.02438844
v 0.0366077833 0.00319555891 0.0264292639
v 0.0378474593 0.0010457366 0.0242758747
v 0.0366077833 0.00319555891 0.0264292639
v 0.0375601426 0.00108129147 0.0263705365
v 0.0378474593 -0.00104575593 0.0242758747
v 0.0375601426 -0.00108131242 0.0263705365
v 0.0366077833 -0.00319557986 0.0264292601
v 0.0378474593 -0.00104575593 0.0242758747
v 0.0366077833 -0.00319557986 0.0264292601
v 0.0368243605 -0.00316686556 0.0243884362
v 0.0368243605 0.003166846 0.02438844
v 0.0346750394 0.00500533078 0.0249529146
v 0.0349248201 0.0048391521 0.0265248958
v 0.0368243605 0.003166846 0.02438844
v 0.0349248201 0.0048391521 0.0265248958
v 0.0366077833 0.00319555891 0.0264292639
v 0.0368243605 -0.00316686556 0.0243884362
v 0.0366077833 -0.00319557986 0.0264292601
v 0.0349248201 -0.00483917352 0.0265248921
v 0.0368243605 -0.00316686556 0.0243884362
v 0.0349248201 -0.00483917352 0.0265248921
v 0.0346750394 -0.00500535034 0.0249529108
v 0.0272709504 0.00559186889 0.0308238696
v 0.0297807436 0.00525505608 0.0310068894
v 0.0301951487 0.00570350233 0.0294917095
v 0.0272709504 0.00559186889 0.0308238696
v 0.0301951487 0.00570350233 0.0294917095
v 0.028089365 0.00601893151 0.0289021879
v 0.0272709504 -0.0055918931 0.0308238659
v 0.028089365 -0.00601895479 0.0289021842
v 0.0301951487 -0.00570352562 0.0294917058
v 0.0272709504 -0.0055918931 0.0308238659
v 0.0301951487 -0.00570352562 0.0294917058
v 0.0297807436 -0.00525508123 0.0310068857
v 0.028089365 0.00601893151 0.0289021879
v 0.0301951487 0.00570350233 0.0294917095
v 0.0307867639 0.00597156119 0.0279808193
v 0.028089365 0.00601893151 0.0289021879
v 0.0307867639 0.00597156119 0.0279808193
v 0.0291422904 0.00594457332 0.0266598836
v 0.028089365 -0.00601895479 0.0289021842
v 0.0291422904 -0.00594459474 0.0266598798
v 0.0307867639 -0.00597158354 0.0279808156
v 0.028089365 -0.00601895479 0.0289021842
v 0.0307867639 -0.00597158354 0.0279808156
v 0.0301951487 -0.00570352562 0.0294917058
v 0.0318509787 0.00575353904 0.0256134234
v 0.0291422904 0.00594457332 0.0266598836
v 0.0307867639 0.00597156119 0.0279808193
v 0.0318509787 0.00575353904 0.0256134234
v 0.0307867639 0.00597156119 0.0279808193
v 0.0326680914 0.0057198666 0.0273504183
v 0.0318509787 -0.00575355953 0.0256134197
v 0.0326680914 -0.00571988802 0.0273504145
v 0.0307867639 -0.00597158354 0.0279808156
v 0.0318509787 -0.00575355953 0.0256134197
v 0.0307867639 -0.00597158354 0.0279808156
v 0.0291422904 -0.00594459474 0.0266598798
v 0.0318509787 0.00575353904 0.0256134234
v 0.0326680914 0.0057198666 0.0273504183
v 0.0349248201 0.0048391521 0.0265248958
v 0.0318509787 0.00575353904 0.0256134234
v 0.0349248201 0.0048391521 0.0265248958
v 0.0346750394 0.00500533078 0.0249529146
v 0.0318509787 -0.00575355953 0.0256134197
v 0.0346750394 -0.00500535034 0.0249529108
v 0.0349248201 -0.00483917352 0.0265248921
v 0.0318509787 -0.00575355953 0.0256134197
v 0.0349248201 -0.00483917352 0.0265248921
v 0.0326680914 -0.00571988802 0.0273504145
v 0.0301951487 0.00570350233 0.0294917095
v 0.0297807436 0.00525505608 0.0310068894
v 0.0318759084 0.00438618381 0.0312223416
v 0.0301951487 0.00570350233 0.0294917095
v 0.0318759084 0.00438618381 0.0312223416
v 0.0324539393 0.00490165362 0.0297285225
v 0.0301951487 -0.00570352562 0.0294917058
v 0.0324539393 -0.00490167784 0.0297285188
v 0.0318759084 -0.00438620895 0.0312223379
v 0.0301951487 -0.00570352562 0.0294917058
v 0.0318759084 -0.00438620895 0.0312223379
v 0.0297807436 -0.00525508123 0.0310068857
v 0.0346296206 0.00306534069 0.0296356659
v 0.0324539393 0.00490165362 0.0297285225
v 0.0318759084 0.00438618381 0.0312223416
v 0.0346296206 0.00306534069 0.0296356659
v 0.0318759084 0.00438618381 0.0312223416
v 0.0336215235 0.00287258159 0.031196598
v 0.0346296206 -0.00306536444 0.0296356622
v 0.0336215235 -0.00287260674 0.0311965942
v 0.0318759084 -0.00438620895 0.0312223379
v 0.0346296206 -0.00306536444 0.0296356622
v 0.0318759084 -0.00438620895 0.0312223379
v 0.0324539393 -0.00490167784 0.0297285188
v 0.0324539393 0.00490165362 0.0297285225
v 0.0326680914 0.0057198666 0.0273504183
v 0.0307867639 0.00597156119 0.0279808193
v 0.0324539393 0.00490165362 0.0297285225
v 0.0307867639 0.00597156119 0.0279808193
v 0.0301951487 0.00570350233 0.0294917095
v 0.0324539393 -0.00490167784 0.0297285188
v 0.0301951487 -0.00570352562 0.0294917058
v 0.0307867639 -0.00597158354 0.0279808156
v 0.0324539393 -0.00490167784 0.0297285188
v 0.0307867639 -0.00597158354 0.0279808156
v 0.0326680914 -0.00571988802 0.0273504145
v 0.035749916 0.00311554479 0.0281581748
v 0.0346296206 0.00306534069 0.0296356659
v 0.0356671065 0.00102099287 0.0296537299
v 0.035749916 0.00311554479 0.0281581748
v 0.0356671065 0.00102099287 0.0296537299
v 0.0366366059 0.00106207479 0.0281932745
v 0.0375601426 0.00108129147 0.0263705365
v 0.0366077833 0.00319555891 0.0264292639
v 0.035749916 0.00311554479 0.0281581748
v 0.0375601426 0.00108129147 0.0263705365
v 0.035749916 0.00311554479 0.0281581748
v 0.0366366059 0.00106207479 0.0281932745
v 0.0375601426 -0.00108131242 0.0263705365
v 0.0366366059 -0.00106209738 0.0281932745
v 0.035749916 -0.00311556715 0.0281581711
v 0.0375601426 -0.00108131242 0.0263705365
v 0.035749916 -0.00311556715 0.0281581711
v 0.0366077833 -0.00319557986 0.0264292601
v 0.035749916 -0.00311556715 0.0281581711
v 0.0366366059 -0.00106209738 0.0281932745
v 0.0356671065 -0.00102101662 0.0296537299
v 0.035749916 -0.00311556715 0.0281581711
v 0.0356671065 -0.00102101662 0.0296537299
v 0.0346296206 -0.00306536444 0.0296356622
v 0.0366077833 0.00319555891 0.0264292639
v 0.0349248201 0.0048391521 0.0265248958
v 0.03459654 0.00445837062 0.0280320402
v 0.0366077833 0.00319555891 0.0264292639
v 0.03459654 0.00445837062 0.0280320402
v 0.035749916 0.00311554479 0.0281581748
v 0.0366077833 -0.00319557986 0.0264292601
v 0.035749916 -0.00311556715 0.0281581711
v 0.03459654 -0.00445839297 0.0280320365
v 0.0366077833 -0.00319557986 0.0264292601
v 0.03459654 -0.00445839297 0.0280320365
v 0.0349248201 -0.00483917352 0.0265248921
v 0.0324539393 0.00490165362 0.0297285225
v 0.0346296206 0.00306534069 0.0296356659
v 0.035749916 0.00311554479 0.0281581748
v 0.0324539393 0.00490165362 0.0297285225
v 0.035749916 0.00311554479 0.0281581748
v 0.03459654 0.00445837062 0.0280320402
v 0.0324539393 -0.00490167784 0.0297285188
v 0.03459654 -0.00445839297 0.0280320365
v 0.035749916 -0.00311556715 0.0281581711
v 0.0324539393 -0.00490167784 0.0297285188
v 0.035749916 -0.00311556715 0.0281581711
v 0.0346296206 -0.00306536444 0.0296356622
v 0.0326680914 0.0057198666 0.0273504183
v 0.0324539393 0.00490165362 0.0297285225
v 0.03459654 0.00445837062 0.0280320402
v 0.0326680914 0.0057198666 0.0273504183
v 0.03459654 0.00445837062 0.0280320402
v 0.0349248201 0.0048391521 0.0265248958
v 0.0326680914 -0.00571988802 0.0273504145
v 0.0349248201 -0.00483917352 0.0265248921
v 0.03459654 -0.00445839297 0.0280320365
v 0.0326680914 -0.00571988802 0.0273504145
v 0.03459654 -0.00445839297 0.0280320365
v 0.0324539393 -0.00490167784 0.0297285188
v 0.0374840833 -0.00104914326 0.0226793829
v 0.0374840833 0.0010491251 0.0226793829
v 0.0378474593 0.0010457366 0.0242758747
v 0.0374840833 -0.00104914326 0.0226793829
v 0.0378474593 0.0010457366 0.0242758747
v 0.0378474593 -0.00104575593 0.0242758747
v 0.0375601426 0.00108129147 0.0263705365
v 0.0375601426 -0.00108131242 0.0263705365
v 0.0378474593 -0.00104575593 0.0242758747
v 0.0375601426 0.00108129147 0.0263705365
v 0.0378474593 -0.00104575593 0.0242758747
v 0.0378474593 0.0010457366 0.0242758747
v 0.0375601426 -0.00108131242 0.0263705365
v 0.0375601426 0.00108129147 0.0263705365
v 0.0366366059 0.00106207479 0.0281932745
v 0.0375601426 -0.00108131242 0.0263705365
v 0.0366366059 0.00106207479 0.0281932745
v 0.0366366059 -0.00106209738 0.0281932745
v 0.0366366059 -0.00106209738 0.0281932745
v 0.0366366059 0.00106207479 0.0281932745
v 0.0356671065 0.00102099287 0.0296537299
v 0.0366366059 -0.00106209738 0.0281932745
v 0.0356671065 0.00102099287 0.0296537299
v 0.0356671065 -0.00102101662 0.0296537299
v 0.0346103348 0.00103302905 0.0312922671
v 0.0346103348 -0.00103305397 0.0312922671
v 0.0356671065 -0.00102101662 0.0296537299
v 0.0346103348 0.00103302905 0.0312922671
v 0.0356671065 -0.00102101662 0.0296537299
v 0.0356671065 0.00102099287 0.0296537299
v 0.0275515039 0.00629609451 0.02548174
v 0.0303490479 0.00507064909 0.0241311826
v 0.0304368548 0.00500319107 0.0226277784
v 0.0275515039 0.00629609451 0.02548174
v 0.0304368548 0.00500319107 0.0226277784
v 0.0283910166 0.00562532991 0.0232900903
v 0.0275515039 -0.006296115 0.0254817363
v 0.0283910166 -0.00562534854 0.0232900865
v 0.0304368548 -0.00500320876 0.0226277746
v 0.0275515039 -0.006296115 0.0254817363
v 0.0304368548 -0.00500320876 0.0226277746
v 0.0303490479 -0.00507066865 0.0241311789
v 0.0283910166 0.00562532991 0.0232900903
v 0.0304368548 0.00500319107 0.0226277784
v 0.0305280369 0.00425698655 0.02103246
v 0.0283910166 0.00562532991 0.0232900903
v 0.0305280369 0.00425698655 0.02103246
v 0.0291598216 0.00467254408 0.0206158478
v 0.0283910166 -0.00562534854 0.0232900865
v 0.0291598216 -0.00467256084 0.0206158441
v 0.0305280369 -0.00425700331 0.0210324563
v 0.0283910166 -0.00562534854 0.0232900865
v 0.0305280369 -0.00425700331 0.0210324563
v 0.0304368548 -0.00500320876 0.0226277746
v 0.0291598216 0.00467254408 0.0206158478
v 0.0305280369 0.00425698655 0.02103246
v 0.0305967517 0.00257372903 0.0191795696
v 0.0291598216 0.00467254408 0.0206158478
v 0.0305967517 0.00257372903 0.0191795696
v 0.0295168385 0.00282053999 0.019635791
v 0.0291598216 -0.00467256084 0.0206158441
v 0.0295168385 -0.00282055582 0.0196357872
v 0.0305967517 -0.00257374439 0.0191795658
v 0.0291598216 -0.00467256084 0.0206158441
v 0.0305967517 -0.00257374439 0.0191795658
v 0.0305280369 -0.00425700331 0.0210324563
v 0.0295183919 0.000862005574 0.0190745834
v 0.0295168385 0.00282053999 0.019635791
v 0.0305967517 0.00257372903 0.0191795696
v 0.0295183919 0.000862005574 0.0190745834
v 0.0305967517 0.00257372903 0.0191795696
v 0.0306134764 0.000895363628 0.0182525814
v 0.0295183919 -0.000862020825 0.0190745834
v 0.0306134764 -0.00089537818 0.0182525814
v 0.0305967517 -0.00257374439 0.0191795658
v 0.0295183919 -0.000862020825 0.0190745834
v 0.0305967517 -0.00257374439 0.0191795658
v 0.0295168385 -0.00282055582 0.0196357872
v 0.028885873 0.00288065849 0.017477138
v 0.0295168385 0.00282053999 0.019635791
v 0.0295183919 0.000862005574 0.0190745834
v 0.028885873 0.00288065849 0.017477138
v 0.0295183919 0.000862005574 0.0190745834
v 0.0286368262 0.000788739417 0.0168886911
v 0.028885873 -0.00288067246 0.0174771342
v 0.0286368262 -0.000788752921 0.0168886911
v 0.0295183919 -0.000862020825 0.0190745834
v 0.028885873 -0.00288067246 0.0174771342
v 0.0295183919 -0.000862020825 0.0190745834
v 0.0295168385 -0.00282055582 0.0196357872
v 0.0285157394 0.00611383095 0.0181509107
v 0.0291598216 0.00467254408 0.0206158478
v 0.0295168385 0.00282053999 0.019635791
v 0.0285157394 0.00611383095 0.0181509107
v 0.0295168385 0.00282053999 0.019635791
v 0.028885873 0.00288065849 0.017477138
v 0.0285157394 -0.00611384585 0.018150907
v 0.028885873 -0.00288067246 0.0174771342
v 0.0295168385 -0.00282055582 0.0196357872
v 0.0285157394 -0.00611384585 0.018150907
v 0.0295168385 -0.00282055582 0.0196357872
v 0.0291598216 -0.00467256084 0.0206158441
v 0.0268426687 0.0103473449 0.0188371148
v 0.0285157394 0.00611383095 0.0181509107
v 0.028033711 0.00639676349 0.0152408276
v 0.0268426687 0.0103473449 0.0188371148
v 0.028033711 0.00639676349 0.0152408276
v 0.0265940633 0.0105082523 0.0158954039
v 0.0268426687 -0.0103473598 0.0188371073
v 0.0265940633 -0.0105082653 0.0158953965
v 0.028033711 -0.0063967756 0.015240822
v 0.0268426687 -0.0103473598 0.0188371073
v 0.028033711 -0.0063967756 0.015240822
v 0.0285157394 -0.00611384585 0.018150907
v 0.0230386574 0.0136955678 0.0167276505
v 0.0184421092 0.0154507263 0.0170975253
v 0.0188119058 0.0157383196 0.0198462643
v 0.0230386574 0.0136955678 0.0167276505
v 0.0188119058 0.0157383196 0.0198462643
v 0.0232793912 0.0136342803 0.019530341
v 0.0230386574 -0.0136955809 0.0167276394
v 0.0232793912 -0.0136342952 0.0195303299
v 0.0188119058 -0.0157383345 0.0198462531
v 0.0230386574 -0.0136955809 0.0167276394
v 0.0188119058 -0.0157383345 0.0198462531
v 0.0184421092 -0.0154507393 0.0170975141
v 0.0265940633 0.0105082523 0.0158954039
v 0.0230386574 0.0136955678 0.0167276505
v 0.0232793912 0.0136342803 0.019530341
v 0.0265940633 0.0105082523 0.0158954039
v 0.0232793912 0.0136342803 0.019530341
v 0.0268426687 0.0103473449 0.0188371148
v 0.0265940633 -0.0105082653 0.0158953965
v 0.0268426687 -0.0103473598 0.0188371073
v 0.0232793912 -0.0136342952 0.0195303299
v 0.0265940633 -0.0105082653 0.0158953965
v 0.0232793912 -0.0136342952 0.0195303299
v 0.0230386574 -0.0136955809 0.0167276394
v 0.0181774553 0.00381664862 0.0366230272
v 0.0204337146 0.00298805558 0.0353710949
v 0.0217075776 0.00427423324 0.0340835415
v 0.0181774553 0.00381664862 0.0366230272
v 0.0217075776 0.00427423324 0.0340835415
v 0.020349497 0.00591594074 0.0345577113
v 0.0181774553 -0.00381667796 0.0366230272
v 0.020349497 -0.00591596868 0.0345577039
v 0.0217075776 -0.00427426025 0.0340835415
v 0.0181774553 -0.00381667796 0.0366230272
v 0.0217075776 -0.00427426025 0.0340835415
v 0.0204337146 -0.00298808399 0.0353710949
v 0.020349497 0.00591594074 0.0345577113
v 0.0217075776 0.00427423324 0.0340835415
v 0.0231102519 0.00535686687 0.0325782225
v 0.020349497 0.00591594074 0.0345577113
v 0.0231102519 0.00535686687 0.0325782225
v 0.0222266987 0.00693009049 0.0326046497
v 0.020349497 -0.00591596868 0.0345577039
v 0.0222266987 -0.00693011656 0.0326046422
v 0.0231102519 -0.00535689294 0.032578215
v 0.020349497 -0.00591596868 0.0345577039
v 0.0231102519 -0.00535689294 0.032578215
v 0.0217075776 -0.00427426025 0.0340835415
v 0.0237329397 0.00765373604 0.0307675507
v 0.0222266987 0.00693009049 0.0326046497
v 0.0231102519 0.00535686687 0.0325782225
v 0.0237329397 0.00765373604 0.0307675507
v 0.0231102519 0.00535686687 0.0325782225
v 0.0245672502 0.00587813556 0.0309629161
v 0.0237329397 -0.00765376026 0.0307675432
v 0.0245672502 -0.00587816071 0.0309629124
v 0.0231102519 -0.00535689294 0.032578215
v 0.0237329397 -0.00765376026 0.0307675432
v 0.0231102519 -0.00535689294 0.032578215
v 0.0222266987 -0.00693011656 0.0326046422
v 0.0245672502 0.00587813556 0.0309629161
v 0.0261454079 0.00665639481 0.0282199476
v 0.0254647434 0.00837158691 0.0280975457
v 0.0245672502 0.00587813556 0.0309629161
v 0.0254647434 0.00837158691 0.0280975457
v 0.0237329397 0.00765373604 0.0307675507
v 0.0245672502 -0.00587816071 0.0309629124
v 0.0237329397 -0.00765376026 0.0307675432
v 0.0254647434 -0.00837160926 0.0280975383
v 0.0245672502 -0.00587816071 0.0309629124
v 0.0254647434 -0.00837160926 0.0280975383
v 0.0261454079 -0.00665641716 0.0282199439
v 0.0271334499 0.00811626855 0.0246491022
v 0.0254647434 0.00837158691 0.0280975457
v 0.0261454079 0.00665639481 0.0282199476
v 0.0271334499 0.00811626855 0.0246491022
v 0.0261454079 0.00665639481 0.0282199476
v 0.0275515039 0.00629609451 0.02548174
v 0.0271334499 -0.00811628904 0.0246490948
v 0.0275515039 -0.006296115 0.0254817363
v 0.0261454079 -0.00665641716 0.0282199439
v 0.0271334499 -0.00811628904 0.0246490948
v 0.0261454079 -0.00665641716 0.0282199439
v 0.0254647434 -0.00837160926 0.0280975383
v 0.0283910166 0.00562532991 0.0232900903
v 0.0278299861 0.00783270784 0.0224146508
v 0.0271334499 0.00811626855 0.0246491022
v 0.0283910166 0.00562532991 0.0232900903
v 0.0271334499 0.00811626855 0.0246491022
v 0.0275515039 0.00629609451 0.02548174
v 0.0283910166 -0.00562534854 0.0232900865
v 0.0275515039 -0.006296115 0.0254817363
v 0.0271334499 -0.00811628904 0.0246490948
v 0.0283910166 -0.00562534854 0.0232900865
v 0.0271334499 -0.00811628904 0.0246490948
v 0.0278299861 -0.00783272646 0.0224146433
v 0.0278299861 0.00783270784 0.0224146508
v 0.0283910166 0.00562532991 0.0232900903
v 0.0291598216 0.00467254408 0.0206158478
v 0.0278299861 0.00783270784 0.0224146508
v 0.0291598216 0.00467254408 0.0206158478
v 0.0285157394 0.00611383095 0.0181509107
v 0.0278299861 -0.00783272646 0.0224146433
v 0.0285157394 -0.00611384585 0.018150907
v 0.0291598216 -0.00467256084 0.0206158441
v 0.0278299861 -0.00783272646 0.0224146433
v 0.0291598216 -0.00467256084 0.0206158441
v 0.0283910166 -0.00562534854 0.0232900865
v 0.0188119058 0.0157383196 0.0198462643
v 0.0189941972 0.0155968554 0.0230365507
v 0.0234286282 0.0132974591 0.0224458277
v 0.0188119058 0.0157383196 0.0198462643
v 0.0234286282 0.0132974591 0.0224458277
v 0.0232793912 0.0136342803 0.019530341
v 0.0188119058 -0.0157383345 0.0198462531
v 0.0232793912 -0.0136342952 0.0195303299
v 0.0234286282 -0.0132974777 0.0224458165
v 0.0188119058 -0.0157383345 0.0198462531
v 0.0234286282 -0.0132974777 0.0224458165
v 0.0189941972 -0.0155968741 0.0230365396
v 0.0268426687 0.0103473449 0.0188371148
v 0.0232793912 0.0136342803 0.019530341
v 0.0234286282 0.0132974591 0.0224458277
v 0.0268426687 0.0103473449 0.0188371148
v 0.0234286282 0.0132974591 0.0224458277
v 0.0266062152 0.01040274 0.0220081694
v 0.0268426687 -0.0103473598 0.0188371073
v 0.0266062152 -0.0104027567 0.022008162
v 0.0234286282 -0.0132974777 0.0224458165
v 0.0268426687 -0.0103473598 0.0188371073
v 0.0234286282 -0.0132974777 0.0224458165
v 0.0232793912 -0.0136342952 0.0195303299
v 0.0285157394 0.00611383095 0.0181509107
v 0.0268426687 0.0103473449 0.0188371148
v 0.0266062152 0.01040274 0.0220081694
v 0.0285157394 0.00611383095 0.0181509107
v 0.0266062152 0.01040274 0.0220081694
v 0.0278299861 0.00783270784 0.0224146508
v 0.0285157394 -0.00611384585 0.018150907
v 0.0278299861 -0.00783272646 0.0224146433
v 0.0266062152 -0.0104027567 0.022008162
v 0.0285157394 -0.00611384585 0.018150907
v 0.0266062152 -0.0104027567 0.022008162
v 0.0268426687 -0.0103473598 0.0188371073
v 0.00320207118 0.0173353516 0.0243047047
v -0.00239493721 0.0167537574 0.0254646968
v -0.00181676121 0.0165684167 0.0288679209
v 0.00320207118 0.0173353516 0.0243047047
v -0.00181676121 0.0165684167 0.0288679209
v 0.003562283 0.0171332695 0.0280023273
v 0.00320207118 -0.0173353702 0.0243046898
v 0.003562283 -0.0171332918 0.0280023124
v -0.00181676121 -0.0165684391 0.028867906
v 0.00320207118 -0.0173353702 0.0243046898
v -0.00181676121 -0.0165684391 0.028867906
v -0.00239493721 -0.016753776 0.0254646819
v 0.00320207118 0.0173353516 0.0243047047
v 0.003562283 0.0171332695 0.0280023273
v 0.00825859886 0.0169278104 0.0273666196
v 0.00320207118 0.0173353516 0.0243047047
v 0.00825859886 0.0169278104 0.0273666196
v 0.00834877416 0.017251391 0.0237198602
v 0.00320207118 -0.0173353702 0.0243046898
v 0.00834877416 -0.0172514096 0.0237198453
v 0.00825859886 -0.0169278327 0.0273666047
v 0.00320207118 -0.0173353702 0.0243046898
v 0.00825859886 -0.0169278327 0.0273666047
v 0.003562283 -0.0171332918 0.0280023124
v 0.00834877416 0.017251391 0.0237198602
v 0.00825859886 0.0169278104 0.0273666196
v 0.0134741822 0.0161088165 0.0268369801
v 0.00834877416 0.017251391 0.0237198602
v 0.0134741822 0.0161088165 0.0268369801
v 0.0137106394 0.0165903475 0.0233657099
v 0.00834877416 -0.0172514096 0.0237198453
v 0.0137106394 -0.0165903661 0.023365695
v 0.0134741822 -0.0161088388 0.026836969
v 0.00834877416 -0.0172514096 0.0237198453
v 0.0134741822 -0.0161088388 0.026836969
v 0.00825859886 -0.0169278327 0.0273666047
v 0.0137106394 0.0165903475 0.0233657099
v 0.0134741822 0.0161088165 0.0268369801
v 0.0186078027 0.0151261846 0.0262123011
v 0.0137106394 0.0165903475 0.0233657099
v 0.0186078027 0.0151261846 0.0262123011
v 0.0189941972 0.0155968554 0.0230365507
v 0.0137106394 -0.0165903661 0.023365695
v 0.0189941972 -0.0155968741 0.0230365396
v 0.0186078027 -0.015126205 0.0262122899
v 0.0137106394 -0.0165903661 0.023365695
v 0.0186078027 -0.015126205 0.0262122899
v 0.0134741822 -0.0161088388 0.026836969
v 0.0189941972 0.0155968554 0.0230365507
v 0.0186078027 0.0151261846 0.0262123011
v 0.0230271667 0.0128754284 0.0253159236
v 0.0189941972 0.0155968554 0.0230365507
v 0.0230271667 0.0128754284 0.0253159236
v 0.0234286282 0.0132974591 0.0224458277
v 0.0189941972 -0.0155968741 0.0230365396
v 0.0234286282 -0.0132974777 0.0224458165
v 0.0230271667 -0.0128754489 0.0253159124
v 0.0189941972 -0.0155968741 0.0230365396
v 0.0230271667 -0.0128754489 0.0253159124
v 0.0186078027 -0.015126205 0.0262122899
v 0.0234286282 0.0132974591 0.0224458277
v 0.0230271667 0.0128754284 0.0253159236
v 0.0258398112 0.0103721041 0.0249157827
v 0.0234286282 0.0132974591 0.0224458277
v 0.0258398112 0.0103721041 0.0249157827
v 0.0266062152 0.01040274 0.0220081694
v 0.0234286282 -0.0132974777 0.0224458165
v 0.0266062152 -0.0104027567 0.022008162
v 0.0258398112 -0.0103721246 0.0249157753
v 0.0234286282 -0.0132974777 0.0224458165
v 0.0258398112 -0.0103721246 0.0249157753
v 0.0230271667 -0.0128754489 0.0253159124
v 0.0266062152 0.01040274 0.0220081694
v 0.0258398112 0.0103721041 0.0249157827
v 0.0271334499 0.00811626855 0.0246491022
v 0.0266062152 0.01040274 0.0220081694
v 0.0271334499 0.00811626855 0.0246491022
v 0.0278299861 0.00783270784 0.0224146508
v 0.0266062152 -0.0104027567 0.022008162
v 0.0278299861 -0.00783272646 0.0224146433
v 0.0271334499 -0.00811628904 0.0246490948
v 0.0266062152 -0.0104027567 0.022008162
v 0.0271334499 -0.00811628904 0.0246490948
v 0.0258398112 -0.0103721246 0.0249157753
v -0.00181676121 0.0165684167 0.0288679209
v -0.000571869023 0.0160767306 0.0324477516
v 0.00400877837 0.0162989814 0.0315745734
v -0.00181676121 0.0165684167 0.0288679209
v 0.00400877837 0.0162989814 0.0315745734
v 0.003562283 0.0171332695 0.0280023273
v -0.00181676121 -0.0165684391 0.028867906
v 0.003562283 -0.0171332918 0.0280023124
v 0.00400877837 -0.0162990075 0.0315745585
v -0.00181676121 -0.0165684391 0.028867906
v 0.00400877837 -0.0162990075 0.0315745585
v -0.000571869023 -0.0160767566 0.0324477367
v 0.003562283 0.0171332695 0.0280023273
v 0.00400877837 0.0162989814 0.0315745734
v 0.00823648553 0.0160093885 0.0307604261
v 0.003562283 0.0171332695 0.0280023273
v 0.00823648553 0.0160093885 0.0307604261
v 0.00825859886 0.0169278104 0.0273666196
v 0.003562283 -0.0171332918 0.0280023124
v 0.00825859886 -0.0169278327 0.0273666047
v 0.00823648553 -0.0160094146 0.0307604149
v 0.003562283 -0.0171332918 0.0280023124
v 0.00823648553 -0.0160094146 0.0307604149
v 0.00400877837 -0.0162990075 0.0315745585
v 0.00825859886 0.0169278104 0.0273666196
v 0.00823648553 0.0160093885 0.0307604261
v 0.0134103093 0.0151273562 0.0300161745
v 0.00825859886 0.0169278104 0.0273666196
v 0.0134103093 0.0151273562 0.0300161745
v 0.0134741822 0.0161088165 0.0268369801
v 0.00825859886 -0.0169278327 0.0273666047
v 0.0134741822 -0.0161088388 0.026836969
v 0.0134103093 -0.0151273804 0.0300161634
v 0.00825859886 -0.0169278327 0.0273666047
v 0.0134103093 -0.0151273804 0.0300161634
v 0.00823648553 -0.0160094146 0.0307604149
v 0.0134741822 0.0161088165 0.0268369801
v 0.0134103093 0.0151273562 0.0300161745
v 0.0184061434 0.0142167266 0.029179506
v 0.0134741822 0.0161088165 0.0268369801
v 0.0184061434 0.0142167266 0.029179506
v 0.0186078027 0.0151261846 0.0262123011
v 0.0134741822 -0.0161088388 0.026836969
v 0.0186078027 -0.015126205 0.0262122899
v 0.0184061434 -0.0142167509 0.0291794948
v 0.0134741822 -0.0161088388 0.026836969
v 0.0184061434 -0.0142167509 0.0291794948
v 0.0134103093 -0.0151273804 0.0300161634
v 0.0186078027 0.0151261846 0.0262123011
v 0.0184061434 0.0142167266 0.029179506
v 0.0221321601 0.0121737309 0.0283979923
v 0.0186078027 0.0151261846 0.0262123011
v 0.0221321601 0.0121737309 0.0283979923
v 0.0230271667 0.0128754284 0.0253159236
v 0.0186078027 -0.015126205 0.0262122899
v 0.0230271667 -0.0128754489 0.0253159124
v 0.0221321601 -0.0121737532 0.0283979811
v 0.0186078027 -0.015126205 0.0262122899
v 0.0221321601 -0.0121737532 0.0283979811
v 0.0184061434 -0.0142167509 0.0291794948
v 0.0230271667 0.0128754284 0.0253159236
v 0.0221321601 0.0121737309 0.0283979923
v 0.0242430065 0.0103384955 0.0280456766
v 0.0230271667 0.0128754284 0.0253159236
v 0.0242430065 0.0103384955 0.0280456766
v 0.0258398112 0.0103721041 0.0249157827
v 0.0230271667 -0.0128754489 0.0253159124
v 0.0258398112 -0.0103721246 0.0249157753
v 0.0242430065 -0.0103385178 0.0280456692
v 0.0230271667 -0.0128754489 0.0253159124
v 0.0242430065 -0.0103385178 0.0280456692
v 0.0221321601 -0.0121737532 0.0283979811
v 0.0271334499 0.00811626855 0.0246491022
v 0.0258398112 0.0103721041 0.0249157827
v 0.0242430065 0.0103384955 0.0280456766
v 0.0271334499 0.00811626855 0.0246491022
v 0.0242430065 0.0103384955 0.0280456766
v 0.0254647434 0.00837158691 0.0280975457
v 0.0271334499 -0.00811628904 0.0246490948
v 0.0254647434 -0.00837160926 0.0280975383
v 0.0242430065 -0.0103385178 0.0280456692
v 0.0271334499 -0.00811628904 0.0246490948
v 0.0242430065 -0.0103385178 0.0280456692
v 0.0258398112 -0.0103721246 0.0249157753
v 0.0242430065 0.0103384955 0.0280456766
v 0.0223811679 0.00948670972 0.0308679678
v 0.0237329397 0.00765373604 0.0307675507
v 0.0242430065 0.0103384955 0.0280456766
v 0.0237329397 0.00765373604 0.0307675507
v 0.0254647434 0.00837158691 0.0280975457
v 0.0242430065 -0.0103385178 0.0280456692
v 0.0254647434 -0.00837160926 0.0280975383
v 0.0237329397 -0.00765376026 0.0307675432
v 0.0242430065 -0.0103385178 0.0280456692
v 0.0237329397 -0.00765376026 0.0307675432
v 0.0223811679 -0.00948673394 0.0308679603
v 0.0223811679 0.00948670972 0.0308679678
v 0.0208338536 0.00844569877 0.0328439586
v 0.0222266987 0.00693009049 0.0326046497
v 0.0223811679 0.00948670972 0.0308679678
v 0.0222266987 0.00693009049 0.0326046497
v 0.0237329397 0.00765373604 0.0307675507
v 0.0223811679 -0.00948673394 0.0308679603
v 0.0237329397 -0.00765376026 0.0307675432
v 0.0222266987 -0.00693011656 0.0326046422
v 0.0223811679 -0.00948673394 0.0308679603
v 0.0222266987 -0.00693011656 0.0326046422
v 0.0208338536 -0.00844572484 0.0328439511
v 0.0185788814 0.00764560001 0.0347937495
v 0.020349497 0.00591594074 0.0345577113
v 0.0222266987 0.00693009049 0.0326046497
v 0.0185788814 0.00764560001 0.0347937495
v 0.0222266987 0.00693009049 0.0326046497
v 0.0208338536 0.00844569877 0.0328439586
v 0.0185788814 -0.00764562795 0.034793742
v 0.0208338536 -0.00844572484 0.0328439511
v 0.0222266987 -0.00693011656 0.0326046422
v 0.0185788814 -0.00764562795 0.034793742
v 0.0222266987 -0.00693011656 0.0326046422
v 0.020349497 -0.00591596868 0.0345577039
v 0.0181774553 0.00381664862 0.0366230272
v 0.020349497 0.00591594074 0.0345577113
v 0.0185788814 0.00764560001 0.0347937495
v 0.0181774553 0.00381664862 0.0366230272
v 0.0185788814 0.00764560001 0.0347937495
v 0.0159510598 0.00716348225 0.0365375653
v 0.0181774553 -0.00381667796 0.0366230272
v 0.0159510598 -0.00716351112 0.0365375578
v 0.0185788814 -0.00764562795 0.034793742
v 0.0181774553 -0.00381667796 0.0366230272
v 0.0185788814 -0.00764562795 0.034793742
v 0.020349497 -0.00591596868 0.0345577039
v 0.0159510598 0.00716348225 0.0365375653
v 0.0126586463 0.0071195839 0.0383337438
v 0.0145737464 0.0042462023 0.0385056324
v 0.0159510598 0.00716348225 0.0365375653
v 0.0145737464 0.0042462023 0.0385056324
v 0.0181774553 0.00381664862 0.0366230272
v 0.0159510598 -0.00716351112 0.0365375578
v 0.0181774553 -0.00381667796 0.0366230272
v 0.0145737464 -0.00424623303 0.0385056324
v 0.0159510598 -0.00716351112 0.0365375578
v 0.0145737464 -0.00424623303 0.0385056324
v 0.0126586463 -0.00711961463 0.0383337364
v 0.0088228425 0.00804340001 0.0397854373
v 0.0119927032 0.0042593698 0.0398836695
v 0.0145737464 0.0042462023 0.0385056324
v 0.0088228425 0.00804340001 0.0397854373
v 0.0145737464 0.0042462023 0.0385056324
v 0.0126586463 0.0071195839 0.0383337438
v 0.0088228425 -0.00804343168 0.0397854298
v 0.0126586463 -0.00711961463 0.0383337364
v 0.0145737464 -0.00424623303 0.0385056324
v 0.0088228425 -0.00804343168 0.0397854298
v 0.0145737464 -0.00424623303 0.0385056324
v 0.0119927032 -0.00425940147 0.0398836695
v -0.000571869023 0.0160767306 0.0324477516
v 0.00112442742 0.0146733709 0.036098659
v 0.00516988616 0.014434847 0.0352454744
v -0.000571869023 0.0160767306 0.0324477516
v 0.00516988616 0.014434847 0.0352454744
v 0.00400877837 0.0162989814 0.0315745734
v -0.000571869023 -0.0160767566 0.0324477367
v 0.00400877837 -0.0162990075 0.0315745585
v 0.00516988616 -0.014434875 0.0352454595
v -0.000571869023 -0.0160767566 0.0324477367
v 0.00516988616 -0.014434875 0.0352454595
v 0.00112442742 -0.0146733988 0.0360986441
v 0.0221321601 0.0121737309 0.0283979923
v 0.0208580643 0.0108519336 0.0311535262
v 0.0223811679 0.00948670972 0.0308679678
v 0.0221321601 0.0121737309 0.0283979923
v 0.0223811679 0.00948670972 0.0308679678
v 0.0242430065 0.0103384955 0.0280456766
v 0.0221321601 -0.0121737532 0.0283979811
v 0.0242430065 -0.0103385178 0.0280456692
v 0.0223811679 -0.00948673394 0.0308679603
v 0.0221321601 -0.0121737532 0.0283979811
v 0.0223811679 -0.00948673394 0.0308679603
v 0.0208580643 -0.0108519578 0.0311535187
v 0.0184061434 0.0142167266 0.029179506
v 0.0178782027 0.0124573028 0.031835366
v 0.0208580643 0.0108519336 0.0311535262
v 0.0184061434 0.0142167266 0.029179506
v 0.0208580643 0.0108519336 0.0311535262
v 0.0221321601 0.0121737309 0.0283979923
v 0.0184061434 -0.0142167509 0.0291794948
v 0.0221321601 -0.0121737532 0.0283979811
v 0.0208580643 -0.0108519578 0.0311535187
v 0.0184061434 -0.0142167509 0.0291794948
v 0.0208580643 -0.0108519578 0.0311535187
v 0.0178782027 -0.0124573288 0.0318353586
v 0.0134103093 0.0151273562 0.0300161745
v 0.0135729481 0.013207905 0.0330964625
v 0.0178782027 0.0124573028 0.031835366
v 0.0134103093 0.0151273562 0.0300161745
v 0.0178782027 0.0124573028 0.031835366
v 0.0184061434 0.0142167266 0.029179506
v 0.0134103093 -0.0151273804 0.0300161634
v 0.0184061434 -0.0142167509 0.0291794948
v 0.0178782027 -0.0124573288 0.0318353586
v 0.0134103093 -0.0151273804 0.0300161634
v 0.0178782027 -0.0124573288 0.0318353586
v 0.0135729481 -0.0132079311 0.033096455
v 0.00823648553 0.0160093885 0.0307604261
v 0.00922333635 0.0138432486 0.0343470089
v 0.0135729481 0.013207905 0.0330964625
v 0.00823648553 0.0160093885 0.0307604261
v 0.0135729481 0.013207905 0.0330964625
v 0.0134103093 0.0151273562 0.0300161745
v 0.00823648553 -0.0160094146 0.0307604149
v 0.0134103093 -0.0151273804 0.0300161634
v 0.0135729481 -0.0132079311 0.033096455
v 0.00823648553 -0.0160094146 0.0307604149
v 0.0135729481 -0.0132079311 0.033096455
v 0.00922333635 -0.0138432765 0.0343470015
v 0.00400877837 0.0162989814 0.0315745734
v 0.00516988616 0.014434847 0.0352454744
v 0.00922333635 0.0138432486 0.0343470089
v 0.00400877837 0.0162989814 0.0315745734
v 0.00922333635 0.0138432486 0.0343470089
v 0.00823648553 0.0160093885 0.0307604261
v 0.00400877837 -0.0162990075 0.0315745585
v 0.00823648553 -0.0160094146 0.0307604149
v 0.00922333635 -0.0138432765 0.0343470015
v 0.00400877837 -0.0162990075 0.0315745585
v 0.00922333635 -0.0138432765 0.0343470015
v 0.00516988616 -0.014434875 0.0352454595
v 0.00112442742 0.0146733709 0.036098659
v 0.00326233008 0.0121066328 0.0389195718
v 0.0068427911 0.0116481008 0.0379557572
v 0.00112442742 0.0146733709 0.036098659
v 0.0068427911 0.0116481008 0.0379557572
v 0.00516988616 0.014434847 0.0352454744
v 0.00112442742 -0.0146733988 0.0360986441
v 0.00516988616 -0.014434875 0.0352454595
v 0.0068427911 -0.0116481306 0.0379557498
v 0.00112442742 -0.0146733988 0.0360986441
v 0.0068427911 -0.0116481306 0.0379557498
v 0.00326233008 -0.0121066645 0.0389195643
v 0.0088228425 0.00804340001 0.0397854373
v 0.0068427911 0.0116481008 0.0379557572
v 0.00326233008 0.0121066328 0.0389195718
v 0.0088228425 0.00804340001 0.0397854373
v 0.00326233008 0.0121066328 0.0389195718
v 0.00465046521 0.00887034647 0.0410119593
v 0.0088228425 -0.00804343168 0.0397854298
v 0.00465046521 -0.00887038 0.0410119519
v 0.00326233008 -0.0121066645 0.0389195643
v 0.0088228425 -0.00804343168 0.0397854298
v 0.00326233008 -0.0121066645 0.0389195643
v 0.0068427911 -0.0116481306 0.0379557498
v 0.0107076354 0.0108458763 0.0368207321
v 0.0068427911 0.0116481008 0.0379557572
v 0.0088228425 0.00804340001 0.0397854373
v 0.0107076354 0.0108458763 0.0368207321
v 0.0088228425 0.00804340001 0.0397854373
v 0.0126586463 0.0071195839 0.0383337438
v 0.0107076354 -0.0108459061 0.0368207246
v 0.0126586463 -0.00711961463 0.0383337364
v 0.0088228425 -0.00804343168 0.0397854298
v 0.0107076354 -0.0108459061 0.0368207246
v 0.0088228425 -0.00804343168 0.0397854298
v 0.0068427911 -0.0116481306 0.0379557498
v 0.00516988616 0.014434847 0.0352454744
v 0.0068427911 0.0116481008 0.0379557572
v 0.0107076354 0.0108458763 0.0368207321
v 0.00516988616 0.014434847 0.0352454744
v 0.0107076354 0.0108458763 0.0368207321
v 0.00922333635 0.0138432486 0.0343470089
v 0.00516988616 -0.014434875 0.0352454595
v 0.00922333635 -0.0138432765 0.0343470015
v 0.0107076354 -0.0108459061 0.0368207246
v 0.00516988616 -0.014434875 0.0352454595
v 0.0107076354 -0.0108459061 0.0368207246
v 0.0068427911 -0.0116481306 0.0379557498
v 0.0107076354 0.0108458763 0.0368207321
v 0.0126586463 0.0071195839 0.0383337438
v 0.0159510598 0.00716348225 0.0365375653
v 0.0107076354 0.0108458763 0.0368207321
v 0.0159510598 0.00716348225 0.0365375653
v 0.0145468703 0.0102081625 0.0353719592
v 0.0107076354 -0.0108459061 0.0368207246
v 0.0145468703 -0.0102081904 0.0353719518
v 0.0159510598 -0.00716351112 0.0365375578
v 0.0107076354 -0.0108459061 0.0368207246
v 0.0159510598 -0.00716351112 0.0365375578
v 0.0126586463 -0.00711961463 0.0383337364
v 0.00922333635 0.0138432486 0.0343470089
v 0.0107076354 0.0108458763 0.0368207321
v 0.0145468703 0.0102081625 0.0353719592
v 0.00922333635 0.0138432486 0.0343470089
v 0.0145468703 0.0102081625 0.0353719592
v 0.0135729481 0.013207905 0.0330964625
v 0.00922333635 -0.0138432765 0.0343470015
v 0.0135729481 -0.0132079311 0.033096455
v 0.0145468703 -0.0102081904 0.0353719518
v 0.00922333635 -0.0138432765 0.0343470015
v 0.0145468703 -0.0102081904 0.0353719518
v 0.0107076354 -0.0108459061 0.0368207246
v 0.0145468703 0.0102081625 0.0353719592
v 0.0159510598 0.00716348225 0.0365375653
v 0.0185788814 0.00764560001 0.0347937495
v 0.0145468703 0.0102081625 0.0353719592
v 0.0185788814 0.00764560001 0.0347937495
v 0.0175511017 0.0103425747 0.0337230563
v 0.0145468703 -0.0102081904 0.0353719518
v 0.0175511017 -0.0103426008 0.0337230489
v 0.0185788814 -0.00764562795 0.034793742
v 0.0145468703 -0.0102081904 0.0353719518
v 0.0185788814 -0.00764562795 0.034793742
v 0.0159510598 -0.00716351112 0.0365375578
v 0.0135729481 0.013207905 0.0330964625
v 0.0145468703 0.0102081625 0.0353719592
v 0.0175511017 0.0103425747 0.0337230563
v 0.0135729481 0.013207905 0.0330964625
v 0.0175511017 0.0103425747 0.0337230563
v 0.0178782027 0.0124573028 0.031835366
v 0.0135729481 -0.0132079311 0.033096455
v 0.0178782027 -0.0124573288 0.0318353586
v 0.0175511017 -0.0103426008 0.0337230489
v 0.0135729481 -0.0132079311 0.033096455
v 0.0175511017 -0.0103426008 0.0337230489
v 0.0145468703 -0.0102081904 0.0353719518
v 0.0223811679 0.00948670972 0.0308679678
v 0.0208580643 0.0108519336 0.0311535262
v 0.0199796036 0.0101681296 0.0323462896
v 0.0223811679 0.00948670972 0.0308679678
v 0.0199796036 0.0101681296 0.0323462896
v 0.0208338536 0.00844569877 0.0328439586
v 0.0223811679 -0.00948673394 0.0308679603
v 0.0208338536 -0.00844572484 0.0328439511
v 0.0199796036 -0.0101681557 0.0323462822
v 0.0223811679 -0.00948673394 0.0308679603
v 0.0199796036 -0.0101681557 0.0323462822
v 0.0208580643 -0.0108519578 0.0311535187
v 0.0185788814 0.00764560001 0.0347937495
v 0.0208338536 0.00844569877 0.0328439586
v 0.0199796036 0.0101681296 0.0323462896
v 0.0185788814 0.00764560001 0.0347937495
v 0.0199796036 0.0101681296 0.0323462896
v 0.0175511017 0.0103425747 0.0337230563
v 0.0185788814 -0.00764562795 0.034793742
v 0.0175511017 -0.0103426008 0.0337230489
v 0.0199796036 -0.0101681557 0.0323462822
v 0.0185788814 -0.00764562795 0.034793742
v 0.0199796036 -0.0101681557 0.0323462822
v 0.0208338536 -0.00844572484 0.0328439511
v 0.0178782027 0.0124573028 0.031835366
v 0.0175511017 0.0103425747 0.0337230563
v 0.0199796036 0.0101681296 0.0323462896
v 0.0178782027 0.0124573028 0.031835366
v 0.0199796036 0.0101681296 0.0323462896
v 0.0208580643 0.0108519336 0.0311535262
v 0.0178782027 -0.0124573288 0.0318353586
v 0.0208580643 -0.0108519578 0.0311535187
v 0.0199796036 -0.0101681557 0.0323462822
v 0.0178782027 -0.0124573288 0.0318353586
v 0.0199796036 -0.0101681557 0.0323462822
v 0.0175511017 -0.0103426008 0.0337230489
v 0.0306134764 0.000895363628 0.0182525814
v 0.0305967517 0.00257372903 0.0191795696
v 0.0321807601 0.0023439026 0.0171621237
v 0.0306134764 0.000895363628 0.0182525814
v 0.0321807601 0.0023439026 0.0171621237
v 0.0321299024 0.000895472011 0.0162666403
v 0.0306134764 -0.00089537818 0.0182525814
v 0.0321299024 -0.000895485049 0.0162666403
v 0.0321807601 -0.0023439161 0.01716212
v 0.0306134764 -0.00089537818 0.0182525814
v 0.0321807601 -0.0023439161 0.01716212
v 0.0305967517 -0.00257374439 0.0191795658
v 0.0339369178 0.00224059005 0.0147758927
v 0.0337960906 0.000788696343 0.0140918233
v 0.0321299024 0.000895472011 0.0162666403
v 0.0339369178 0.00224059005 0.0147758927
v 0.0321299024 0.000895472011 0.0162666403
v 0.0321807601 0.0023439026 0.0171621237
v 0.0339369178 -0.00224060169 0.0147758909
v 0.0321807601 -0.0023439161 0.01716212
v 0.0321299024 -0.000895485049 0.0162666403
v 0.0339369178 -0.00224060169 0.0147758909
v 0.0321299024 -0.000895485049 0.0162666403
v 0.0337960906 -0.000788707635 0.0140918233
v 0.0330009907 0.00374819385 0.0180172026
v 0.0321807601 0.0023439026 0.0171621237
v 0.0305967517 0.00257372903 0.0191795696
v 0.0330009907 0.00374819385 0.0180172026
v 0.0305967517 0.00257372903 0.0191795696
v 0.0305280369 0.00425698655 0.02103246
v 0.0330009907 -0.00374820828 0.0180171989
v 0.0305280369 -0.00425700331 0.0210324563
v 0.0305967517 -0.00257374439 0.0191795658
v 0.0330009907 -0.00374820828 0.0180171989
v 0.0305967517 -0.00257374439 0.0191795658
v 0.0321807601 -0.0023439161 0.01716212
v 0.0321807601 0.0023439026 0.0171621237
v 0.0330009907 0.00374819385 0.0180172026
v 0.0343396142 0.00337925274 0.0159221701
v 0.0321807601 0.0023439026 0.0171621237
v 0.0343396142 0.00337925274 0.0159221701
v 0.0339369178 0.00224059005 0.0147758927
v 0.0321807601 -0.0023439161 0.01716212
v 0.0339369178 -0.00224060169 0.0147758909
v 0.0343396142 -0.00337926531 0.0159221664
v 0.0321807601 -0.0023439161 0.01716212
v 0.0343396142 -0.00337926531 0.0159221664
v 0.0330009907 -0.00374820828 0.0180171989
v 0.0342097245 0.00465341052 0.0215713866
v 0.0304368548 0.00500319107 0.0226277784
v 0.0303490479 0.00507064909 0.0241311826
v 0.0342097245 0.00465341052 0.0215713866
v 0.0303490479 0.00507064909 0.0241311826
v 0.0338328034 0.00459202705 0.023175098
v 0.0342097245 -0.00465342822 0.0215713829
v 0.0338328034 -0.00459204568 0.0231750943
v 0.0303490479 -0.00507066865 0.0241311789
v 0.0342097245 -0.00465342822 0.0215713829
v 0.0303490479 -0.00507066865 0.0241311789
v 0.0304368548 -0.00500320876 0.0226277746
v 0.0338328034 0.00459202705 0.023175098
v 0.0362505168 0.00313897617 0.0228542797
v 0.0365583934 0.0032063995 0.0213381331
v 0.0338328034 0.00459202705 0.023175098
v 0.0365583934 0.0032063995 0.0213381331
v 0.0342097245 0.00465341052 0.0215713866
v 0.0338328034 -0.00459204568 0.0231750943
v 0.0342097245 -0.00465342822 0.0215713829
v 0.0365583934 -0.00320641673 0.0213381294
v 0.0338328034 -0.00459204568 0.0231750943
v 0.0365583934 -0.00320641673 0.0213381294
v 0.0362505168 -0.00313899433 0.022854276
v 0.0365583934 0.0032063995 0.0213381331
v 0.0362505168 0.00313897617 0.0228542797
v 0.0374840833 0.0010491251 0.0226793829
v 0.0365583934 0.0032063995 0.0213381331
v 0.0374840833 0.0010491251 0.0226793829
v 0.0377134755 0.00104454893 0.0213284586
v 0.0365583934 -0.00320641673 0.0213381294
v 0.0377134755 -0.00104456593 0.0213284586
v 0.0374840833 -0.00104914326 0.0226793829
v 0.0365583934 -0.00320641673 0.0213381294
v 0.0374840833 -0.00104914326 0.0226793829
v 0.0362505168 -0.00313899433 0.022854276
v 0.0356126502 0.000706614868 0.0125403116
v 0.0337960906 0.000788696343 0.0140918233
v 0.0339369178 0.00224059005 0.0147758927
v 0.0356126502 0.000706614868 0.0125403116
v 0.0339369178 0.00224059005 0.0147758927
v 0.0357477926 0.00216786563 0.0132098524
v 0.0356126502 -0.00070662488 0.0125403116
v 0.0357477926 -0.00216787634 0.0132098505
v 0.0339369178 -0.00224060169 0.0147758909
v 0.0356126502 -0.00070662488 0.0125403116
v 0.0339369178 -0.00224060169 0.0147758909
v 0.0337960906 -0.000788707635 0.0140918233
v 0.0356126502 0.000706614868 0.0125403116
v 0.0357477926 0.00216786563 0.0132098524
v 0.0376641788 0.00200983766 0.011975267
v 0.0356126502 0.000706614868 0.0125403116
v 0.0376641788 0.00200983766 0.011975267
v 0.0376361459 0.000745196012 0.0113890804
v 0.0356126502 -0.00070662488 0.0125403116
v 0.0376361459 -0.000745205092 0.0113890804
v 0.0376641788 -0.00200984743 0.0119752651
v 0.0356126502 -0.00070662488 0.0125403116
v 0.0376641788 -0.00200984743 0.0119752651
v 0.0357477926 -0.00216787634 0.0132098505
v 0.0391879156 0.00198032986 0.0112974569
v 0.0390900671 0.000687522406 0.0107845403
v 0.0376361459 0.000745196012 0.0113890804
v 0.0391879156 0.00198032986 0.0112974569
v 0.0376361459 0.000745196012 0.0113890804
v 0.0376641788 0.00200983766 0.011975267
v 0.0391879156 -0.00198033871 0.0112974551
v 0.0376641788 -0.00200984743 0.0119752651
v 0.0376361459 -0.000745205092 0.0113890804
v 0.0391879156 -0.00198033871 0.0112974551
v 0.0376361459 -0.000745205092 0.0113890804
v 0.0390900671 -0.000687531021 0.0107845403
v 0.0390900671 0.000687522406 0.0107845403
v 0.0391879156 0.00198032986 0.0112974569
v 0.0408307984 0.0018788795 0.0109553877
v 0.0390900671 0.000687522406 0.0107845403
v 0.0408307984 0.0018788795 0.0109553877
v 0.0412119441 0.000679628691 0.0105448533
v 0.0390900671 -0.000687531021 0.0107845403
v 0.0412119441 -0.000679637073 0.0105448533
v 0.0408307984 -0.00187888835 0.0109553859
v 0.0390900671 -0.000687531021 0.0107845403
v 0.0408307984 -0.00187888835 0.0109553859
v 0.0391879156 -0.00198033871 0.0112974551
v 0.0343396142 0.00337925274 0.0159221701
v 0.0360662751 0.00314070261 0.0140469493
v 0.0357477926 0.00216786563 0.0132098524
v 0.0343396142 0.00337925274 0.0159221701
v 0.0357477926 0.00216786563 0.0132098524
v 0.0339369178 0.00224059005 0.0147758927
v 0.0343396142 -0.00337926531 0.0159221664
v 0.0339369178 -0.00224060169 0.0147758909
v 0.0357477926 -0.00216787634 0.0132098505
v 0.0343396142 -0.00337926531 0.0159221664
v 0.0357477926 -0.00216787634 0.0132098505
v 0.0360662751 -0.00314071379 0.0140469475
v 0.0376641788 0.00200983766 0.011975267
v 0.0357477926 0.00216786563 0.0132098524
v 0.0360662751 0.00314070261 0.0140469493
v 0.0376641788 0.00200983766 0.011975267
v 0.0360662751 0.00314070261 0.0140469493
v 0.0378641002 0.00300934212 0.0128211193
v 0.0376641788 -0.00200984743 0.0119752651
v 0.0378641002 -0.00300935237 0.0128211174
v 0.0360662751 -0.00314071379 0.0140469475
v 0.0376641788 -0.00200984743 0.0119752651
v 0.0360662751 -0.00314071379 0.0140469475
v 0.0357477926 -0.00216787634 0.0132098505
v 0.0376641788 0.00200983766 0.011975267
v 0.0378641002 0.00300934212 0.0128211193
v 0.0392367095 0.00286983419 0.0120654376
v 0.0376641788 0.00200983766 0.011975267
v 0.0392367095 0.00286983419 0.0120654376
v 0.0391879156 0.00198032986 0.0112974569
v 0.0376641788 -0.00200984743 0.0119752651
v 0.0391879156 -0.00198033871 0.0112974551
v 0.0392367095 -0.00286984397 0.0120654358
v 0.0376641788 -0.00200984743 0.0119752651
v 0.0392367095 -0.00286984397 0.0120654358
v 0.0378641002 -0.00300935237 0.0128211174
v 0.0391879156 0.00198032986 0.0112974569
v 0.0392367095 0.00286983419 0.0120654376
v 0.04046892 0.0027216638 0.0117557282
v 0.0391879156 0.00198032986 0.0112974569
v 0.04046892 0.0027216638 0.0117557282
v 0.0408307984 0.0018788795 0.0109553877
v 0.0391879156 -0.00198033871 0.0112974551
v 0.0408307984 -0.00187888835 0.0109553859
v 0.04046892 -0.00272167311 0.0117557263
v 0.0391879156 -0.00198033871 0.0112974551
v 0.04046892 -0.00272167311 0.0117557263
v 0.0392367095 -0.00286984397 0.0120654358
v 0.0420640074 0.000633684511 0.011530105
v 0.0412119441 0.000679628691 0.0105448533
v 0.0408307984 0.0018788795 0.0109553877
v 0.0420640074 0.000633684511 0.011530105
v 0.0408307984 0.0018788795 0.0109553877
v 0.0415235907 0.00192030671 0.0119618261
v 0.0420640074 -0.000633693708 0.011530105
v 0.0415235907 -0.00192031625 0.0119618243
v 0.0408307984 -0.00187888835 0.0109553859
v 0.0420640074 -0.000633693708 0.011530105
v 0.0408307984 -0.00187888835 0.0109553859
v 0.0412119441 -0.000679637073 0.0105448533
v 0.0415235907 0.00192030671 0.0119618261
v 0.0408307984 0.0018788795 0.0109553877
v 0.04046892 0.0027216638 0.0117557282
v 0.0415235907 0.00192030671 0.0119618261
v 0.04046892 0.0027216638 0.0117557282
v 0.0407029577 0.00281098858 0.0122266384
v 0.0415235907 -0.00192031625 0.0119618243
v 0.0407029577 -0.00281099835 0.0122266365
v 0.04046892 -0.00272167311 0.0117557263
v 0.0415235907 -0.00192031625 0.0119618243
v 0.04046892 -0.00272167311 0.0117557263
v 0.0408307984 -0.00187888835 0.0109553859
v 0.0392367095 0.00286983419 0.0120654376
v 0.0395596586 0.00321641401 0.012591077
v 0.0407029577 0.00281098858 0.0122266384
v 0.0392367095 0.00286983419 0.0120654376
v 0.0407029577 0.00281098858 0.0122266384
v 0.04046892 0.0027216638 0.0117557282
v 0.0392367095 -0.00286984397 0.0120654358
v 0.04046892 -0.00272167311 0.0117557263
v 0.0407029577 -0.00281099835 0.0122266365
v 0.0392367095 -0.00286984397 0.0120654358
v 0.0407029577 -0.00281099835 0.0122266365
v 0.0395596586 -0.00321642426 0.0125910752
v 0.0383674018 0.00354782119 0.0136854881
v 0.0395596586 0.00321641401 0.012591077
v 0.0392367095 0.00286983419 0.0120654376
v 0.0383674018 0.00354782119 0.0136854881
v 0.0392367095 0.00286983419 0.0120654376
v 0.0378641002 0.00300934212 0.0128211193
v 0.0383674018 -0.0035478319 0.0136854844
v 0.0378641002 -0.00300935237 0.0128211174
v 0.0392367095 -0.00286984397 0.0120654358
v 0.0383674018 -0.0035478319 0.0136854844
v 0.0392367095 -0.00286984397 0.0120654358
v 0.0395596586 -0.00321642426 0.0125910752
v 0.0360662751 0.00314070261 0.0140469493
v 0.0368701406 0.0038601798 0.0149904275
v 0.0383674018 0.00354782119 0.0136854881
v 0.0360662751 0.00314070261 0.0140469493
v 0.0383674018 0.00354782119 0.0136854881
v 0.0378641002 0.00300934212 0.0128211193
v 0.0360662751 -0.00314071379 0.0140469475
v 0.0378641002 -0.00300935237 0.0128211174
v 0.0383674018 -0.0035478319 0.0136854844
v 0.0360662751 -0.00314071379 0.0140469475
v 0.0383674018 -0.0035478319 0.0136854844
v 0.0368701406 -0.00386019191 0.0149904238
v 0.0343396142 0.00337925274 0.0159221701
v 0.0357377417 0.00421800883 0.0165257528
v 0.0368701406 0.0038601798 0.0149904275
v 0.0343396142 0.00337925274 0.0159221701
v 0.0368701406 0.0038601798 0.0149904275
v 0.0360662751 0.00314070261 0.0140469493
v 0.0343396142 -0.00337926531 0.0159221664
v 0.0360662751 -0.00314071379 0.0140469475
v 0.0368701406 -0.00386019191 0.0149904238
v 0.0343396142 -0.00337926531 0.0159221664
v 0.0368701406 -0.00386019191 0.0149904238
v 0.0357377417 -0.00421802187 0.0165257491
v 0.0343396142 0.00337925274 0.0159221701
v 0.0330009907 0.00374819385 0.0180172026
v 0.0343838893 0.00461109588 0.0185410995
v 0.0343396142 0.00337925274 0.0159221701
v 0.0343838893 0.00461109588 0.0185410995
v 0.0357377417 0.00421800883 0.0165257528
v 0.0343396142 -0.00337926531 0.0159221664
v 0.0357377417 -0.00421802187 0.0165257491
v 0.0343838893 -0.00461111078 0.0185410958
v 0.0343396142 -0.00337926531 0.0159221664
v 0.0343838893 -0.00461111078 0.0185410958
v 0.0330009907 -0.00374820828 0.0180171989
v 0.0305280369 0.00425698655 0.02103246
v 0.0336835943 0.00482855504 0.0201252308
v 0.0343838893 0.00461109588 0.0185410995
v 0.0305280369 0.00425698655 0.02103246
v 0.0343838893 0.00461109588 0.0185410995
v 0.0330009907 0.00374819385 0.0180172026
v 0.0305280369 -0.00425700331 0.0210324563
v 0.0330009907 -0.00374820828 0.0180171989
v 0.0343838893 -0.00461111078 0.0185410958
v 0.0305280369 -0.00425700331 0.0210324563
v 0.0343838893 -0.00461111078 0.0185410958
v 0.0336835943 -0.00482857088 0.020125227
v 0.0342097245 0.00465341052 0.0215713866
v 0.0336835943 0.00482855504 0.0201252308
v 0.0305280369 0.00425698655 0.02103246
v 0.0342097245 0.00465341052 0.0215713866
v 0.0305280369 0.00425698655 0.02103246
v 0.0304368548 0.00500319107 0.0226277784
v 0.0342097245 -0.00465342822 0.0215713829
v 0.0304368548 -0.00500320876 0.0226277746
v 0.0305280369 -0.00425700331 0.0210324563
v 0.0342097245 -0.00465342822 0.0215713829
v 0.0305280369 -0.00425700331 0.0210324563
v 0.0336835943 -0.00482857088 0.020125227
v 0.0365583934 0.0032063995 0.0213381331
v 0.0377134755 0.00104454893 0.0213284586
v 0.0384233147 0.000853432692 0.0191854574
v 0.0365583934 0.0032063995 0.0213381331
v 0.0384233147 0.000853432692 0.0191854574
v 0.037734665 0.00276149623 0.0189807862
v 0.0365583934 -0.00320641673 0.0213381294
v 0.037734665 -0.0027615116 0.0189807825
v 0.0384233147 -0.000853448058 0.0191854574
v 0.0365583934 -0.00320641673 0.0213381294
v 0.0384233147 -0.000853448058 0.0191854574
v 0.0377134755 -0.00104456593 0.0213284586
v 0.0412067473 0.000642773812 0.0130153848
v 0.0420640074 0.000633684511 0.011530105
v 0.0415235907 0.00192030671 0.0119618261
v 0.0412067473 0.000642773812 0.0130153848
v 0.0415235907 0.00192030671 0.0119618261
v 0.0405865014 0.00197999226 0.0132985692
v 0.0412067473 -0.000642784173 0.0130153848
v 0.0405865014 -0.00198000297 0.0132985674
v 0.0415235907 -0.00192031625 0.0119618243
v 0.0412067473 -0.000642784173 0.0130153848
v 0.0415235907 -0.00192031625 0.0119618243
v 0.0420640074 -0.000633693708 0.011530105
v 0.0399100743 0.000667048444 0.0150783416
v 0.0412067473 0.000642773812 0.0130153848
v 0.0405865014 0.00197999226 0.0132985692
v 0.0399100743 0.000667048444 0.0150783416
v 0.0405865014 0.00197999226 0.0132985692
v 0.0394899994 0.0021374519 0.0150913037
v 0.0399100743 -0.000667060434 0.0150783416
v 0.0394899994 -0.00213746401 0.0150913019
v 0.0405865014 -0.00198000297 0.0132985674
v 0.0399100743 -0.000667060434 0.0150783416
v 0.0405865014 -0.00198000297 0.0132985674
v 0.0412067473 -0.000642784173 0.0130153848
v 0.0385692157 0.00240876176 0.0171502773
v 0.039216049 0.000744284189 0.0170126911
v 0.0399100743 0.000667048444 0.0150783416
v 0.0385692157 0.00240876176 0.0171502773
v 0.0399100743 0.000667048444 0.0150783416
v 0.0394899994 0.0021374519 0.0150913037
v 0.0385692157 -0.00240877527 0.0171502735
v 0.0394899994 -0.00213746401 0.0150913019
v 0.0399100743 -0.000667060434 0.0150783416
v 0.0385692157 -0.00240877527 0.0171502735
v 0.0399100743 -0.000667060434 0.0150783416
v 0.039216049 -0.000744297809 0.0170126911
v 0.0384233147 0.000853432692 0.0191854574
v 0.039216049 0.000744284189 0.0170126911
v 0.0385692157 0.00240876176 0.0171502773
v 0.0384233147 0.000853432692 0.0191854574
v 0.0385692157 0.00240876176 0.0171502773
v 0.037734665 0.00276149623 0.0189807862
v 0.0384233147 -0.000853448058 0.0191854574
v 0.037734665 -0.0027615116 0.0189807825
v 0.0385692157 -0.00240877527 0.0171502735
v 0.0384233147 -0.000853448058 0.0191854574
v 0.0385692157 -0.00240877527 0.0171502735
v 0.039216049 -0.000744297809 0.0170126911
v 0.0295183919 0.000862005574 0.0190745834
v 0.0295183919 -0.000862020825 0.0190745834
v 0.0286368262 -0.000788752921 0.0168886911
v 0.0295183919 0.000862005574 0.0190745834
v 0.0286368262 -0.000788752921 0.0168886911
v 0.0286368262 0.000788739417 0.0168886911
v 0.0306134764 0.000895363628 0.0182525814
v 0.0306134764 -0.00089537818 0.0182525814
v 0.0295183919 -0.000862020825 0.0190745834
v 0.0306134764 0.000895363628 0.0182525814
v 0.0295183919 -0.000862020825 0.0190745834
v 0.0295183919 0.000862005574 0.0190745834
v 0.0321299024 0.000895472011 0.0162666403
v 0.0321299024 -0.000895485049 0.0162666403
v 0.0306134764 -0.00089537818 0.0182525814
v 0.0321299024 0.000895472011 0.0162666403
v 0.0306134764 -0.00089537818 0.0182525814
v 0.0306134764 0.000895363628 0.0182525814
v 0.0321299024 -0.000895485049 0.0162666403
v 0.0321299024 0.000895472011 0.0162666403
v 0.0337960906 0.000788696343 0.0140918233
v 0.0321299024 -0.000895485049 0.0162666403
v 0.0337960906 0.000788696343 0.0140918233
v 0.0337960906 -0.000788707635 0.0140918233
v 0.0337960906 -0.000788707635 0.0140918233
v 0.0337960906 0.000788696343 0.0140918233
v 0.0356126502 0.000706614868 0.0125403116
v 0.0337960906 -0.000788707635 0.0140918233
v 0.0356126502 0.000706614868 0.0125403116
v 0.0356126502 -0.00070662488 0.0125403116
v 0.0376361459 0.000745196012 0.0113890804
v 0.0376361459 -0.000745205092 0.0113890804
v 0.0356126502 -0.00070662488 0.0125403116
v 0.0376361459 0.000745196012 0.0113890804
v 0.0356126502 -0.00070662488 0.0125403116
v 0.0356126502 0.000706614868 0.0125403116
v 0.0376361459 -0.000745205092 0.0113890804
v 0.0376361459 0.000745196012 0.0113890804
v 0.0390900671 0.000687522406 0.0107845403
v 0.0376361459 -0.000745205092 0.0113890804
v 0.0390900671 0.000687522406 0.0107845403
v 0.0390900671 -0.000687531021 0.0107845403
v 0.0390900671 -0.000687531021 0.0107845403
v 0.0390900671 0.000687522406 0.0107845403
v 0.0412119441 0.000679628691 0.0105448533
v 0.0390900671 -0.000687531021 0.0107845403
v 0.0412119441 0.000679628691 0.0105448533
v 0.0412119441 -0.000679637073 0.0105448533
v 0.0412119441 -0.000679637073 0.0105448533
v 0.0412119441 0.000679628691 0.0105448533
v 0.0420640074 0.000633684511 0.011530105
v 0.0412119441 -0.000679637073 0.0105448533
v 0.0420640074 0.000633684511 0.011530105
v 0.0420640074 -0.000633693708 0.011530105
v 0.0412067473 0.000642773812 0.0130153848
v 0.0412067473 -0.000642784173 0.0130153848
v 0.0420640074 -0.000633693708 0.011530105
v 0.0412067473 0.000642773812 0.0130153848
v 0.0420640074 -0.000633693708 0.011530105
v 0.0420640074 0.000633684511 0.011530105
v 0.0399100743 0.000667048444 0.0150783416
v 0.0399100743 -0.000667060434 0.0150783416
v 0.0412067473 -0.000642784173 0.0130153848
v 0.0399100743 0.000667048444 0.0150783416
v 0.0412067473 -0.000642784173 0.0130153848
v 0.0412067473 0.000642773812 0.0130153848
v 0.039216049 0.000744284189 0.0170126911
v 0.039216049 -0.000744297809 0.0170126911
v 0.0399100743 -0.000667060434 0.0150783416
v 0.039216049 0.000744284189 0.0170126911
v 0.0399100743 -0.000667060434 0.0150783416
v 0.0399100743 0.000667048444 0.0150783416
v 0.0384233147 0.000853432692 0.0191854574
v 0.0384233147 -0.000853448058 0.0191854574
v 0.039216049 -0.000744297809 0.0170126911
v 0.0384233147 0.000853432692 0.0191854574
v 0.039216049 -0.000744297809 0.0170126911
v 0.039216049 0.000744284189 0.0170126911
v 0.0377134755 0.00104454893 0.0213284586
v 0.0377134755 -0.00104456593 0.0213284586
v 0.0384233147 -0.000853448058 0.0191854574
v 0.0377134755 0.00104454893 0.0213284586
v 0.0384233147 -0.000853448058 0.0191854574
v 0.0384233147 0.000853432692 0.0191854574
v 0.0374840833 0.0010491251 0.0226793829
v 0.0374840833 -0.00104914326 0.0226793829
v 0.0377134755 -0.00104456593 0.0213284586
v 0.0374840833 0.0010491251 0.0226793829
v 0.0377134755 -0.00104456593 0.0213284586
v 0.0377134755 0.00104454893 0.0213284586
v 0.0362324268 0.00437929807 0.0187827051
v 0.0343838893 0.00461109588 0.0185410995
v 0.0336835943 0.00482855504 0.0201252308
v 0.0362324268 0.00437929807 0.0187827051
v 0.0336835943 0.00482855504 0.0201252308
v 0.0342097245 0.00465341052 0.0215713866
v 0.0362324268 -0.00437931297 0.0187827013
v 0.0342097245 -0.00465342822 0.0215713829
v 0.0336835943 -0.00482857088 0.020125227
v 0.0362324268 -0.00437931297 0.0187827013
v 0.0336835943 -0.00482857088 0.020125227
v 0.0343838893 -0.00461111078 0.0185410958
v 0.0342097245 0.00465341052 0.0215713866
v 0.0365583934 0.0032063995 0.0213381331
v 0.037734665 0.00276149623 0.0189807862
v 0.0342097245 0.00465341052 0.0215713866
v 0.037734665 0.00276149623 0.0189807862
v 0.0362324268 0.00437929807 0.0187827051
v 0.0342097245 -0.00465342822 0.0215713829
v 0.0362324268 -0.00437931297 0.0187827013
v 0.037734665 -0.0027615116 0.0189807825
v 0.0342097245 -0.00465342822 0.0215713829
v 0.037734665 -0.0027615116 0.0189807825
v 0.0365583934 -0.00320641673 0.0213381294
v 0.037734665 0.00276149623 0.0189807862
v 0.0385692157 0.00240876176 0.0171502773
v 0.0372956917 0.00397241348 0.0170835797
v 0.037734665 0.00276149623 0.0189807862
v 0.0372956917 0.00397241348 0.0170835797
v 0.0362324268 0.00437929807 0.0187827051
v 0.037734665 -0.0027615116 0.0189807825
v 0.0362324268 -0.00437931297 0.0187827013
v 0.0372956917 -0.00397242745 0.0170835759
v 0.037734665 -0.0027615116 0.0189807825
v 0.0372956917 -0.00397242745 0.0170835759
v 0.0385692157 -0.00240877527 0.0171502735
v 0.0343838893 0.00461109588 0.0185410995
v 0.0362324268 0.00437929807 0.0187827051
v 0.0372956917 0.00397241348 0.0170835797
v 0.0343838893 0.00461109588 0.0185410995
v 0.0372956917 0.00397241348 0.0170835797
v 0.0357377417 0.00421800883 0.0165257528
v 0.0343838893 -0.00461111078 0.0185410958
v 0.0357377417 -0.00421802187 0.0165257491
v 0.0372956917 -0.00397242745 0.0170835759
v 0.0343838893 -0.00461111078 0.0185410958
v 0.0372956917 -0.00397242745 0.0170835759
v 0.0362324268 -0.00437931297 0.0187827013
v 0.0372956917 0.00397241348 0.0170835797
v 0.0383120812 0.00352887227 0.0153925028
v 0.0368701406 0.0038601798 0.0149904275
v 0.0372956917 0.00397241348 0.0170835797
v 0.0368701406 0.0038601798 0.0149904275
v 0.0357377417 0.00421800883 0.0165257528
v 0.0372956917 -0.00397242745 0.0170835759
v 0.0357377417 -0.00421802187 0.0165257491
v 0.0368701406 -0.00386019191 0.0149904238
v 0.0372956917 -0.00397242745 0.0170835759
v 0.0368701406 -0.00386019191 0.0149904238
v 0.0383120812 -0.00352888438 0.015392499
v 0.0385692157 0.00240876176 0.0171502773
v 0.0394899994 0.0021374519 0.0150913037
v 0.0383120812 0.00352887227 0.0153925028
v 0.0385692157 0.00240876176 0.0171502773
v 0.0383120812 0.00352887227 0.0153925028
v 0.0372956917 0.00397241348 0.0170835797
v 0.0385692157 -0.00240877527 0.0171502735
v 0.0372956917 -0.00397242745 0.0170835759
v 0.0383120812 -0.00352888438 0.015392499
v 0.0385692157 -0.00240877527 0.0171502735
v 0.0383120812 -0.00352888438 0.015392499
v 0.0394899994 -0.00213746401 0.0150913019
v 0.0394899994 0.0021374519 0.0150913037
v 0.0405865014 0.00197999226 0.0132985692
v 0.0397997759 0.00309163076 0.0135575095
v 0.0394899994 0.0021374519 0.0150913037
v 0.0397997759 0.00309163076 0.0135575095
v 0.0383120812 0.00352887227 0.0153925028
v 0.0394899994 -0.00213746401 0.0150913019
v 0.0383120812 -0.00352888438 0.015392499
v 0.0397997759 -0.00309164147 0.0135575077
v 0.0394899994 -0.00213746401 0.0150913019
v 0.0397997759 -0.00309164147 0.0135575077
v 0.0405865014 -0.00198000297 0.0132985674
v 0.0383120812 0.00352887227 0.0153925028
v 0.0397997759 0.00309163076 0.0135575095
v 0.0383674018 0.00354782119 0.0136854881
v 0.0383120812 0.00352887227 0.0153925028
v 0.0383674018 0.00354782119 0.0136854881
v 0.0368701406 0.0038601798 0.0149904275
v 0.0383120812 -0.00352888438 0.015392499
v 0.0368701406 -0.00386019191 0.0149904238
v 0.0383674018 -0.0035478319 0.0136854844
v 0.0383120812 -0.00352888438 0.015392499
v 0.0383674018 -0.0035478319 0.0136854844
v 0.0397997759 -0.00309164147 0.0135575077
v 0.0397997759 0.00309163076 0.0135575095
v 0.0407029577 0.00281098858 0.0122266384
v 0.0395596586 0.00321641401 0.012591077
v 0.0397997759 0.00309163076 0.0135575095
v 0.0395596586 0.00321641401 0.012591077
v 0.0383674018 0.00354782119 0.0136854881
v 0.0397997759 -0.00309164147 0.0135575077
v 0.0383674018 -0.0035478319 0.0136854844
v 0.0395596586 -0.00321642426 0.0125910752
v 0.0397997759 -0.00309164147 0.0135575077
v 0.0395596586 -0.00321642426 0.0125910752
v 0.0407029577 -0.00281099835 0.0122266365
v 0.0405865014 0.00197999226 0.0132985692
v 0.0415235907 0.00192030671 0.0119618261
v 0.0407029577 0.00281098858 0.0122266384
v 0.0405865014 0.00197999226 0.0132985692
v 0.0407029577 0.00281098858 0.0122266384
v 0.0397997759 0.00309163076 0.0135575095
v 0.0405865014 -0.00198000297 0.0132985674
v 0.0397997759 -0.00309164147 0.0135575077
v 0.0407029577 -0.00281099835 0.0122266365
v 0.0405865014 -0.00198000297 0.0132985674
v 0.0407029577 -0.00281099835 0.0122266365
v 0.0415235907 -0.00192031625 0.0119618243
v -0.0315802395 0.0108330194 0.0357074663
v -0.0311139654 0.0111822924 0.0364769138
v -0.0307690632 0.0113757076 0.0362862721
v -0.0315802395 0.0108330194 0.0357074663
v -0.0307690632 0.0113757076 0.0362862721
v -0.0309429411 0.0111904033 0.0353552103
v -0.0309429411 0.0111904033 0.0353552103
v -0.0307690632 0.0113757076 0.0362862721
v -0.0303807836 0.0115789631 0.0362610407
v -0.0309429411 0.0111904033 0.0353552103
v -0.0303807836 0.0115789631 0.0362610407
v -0.0302254967 0.0115659731 0.035308592
v -0.0295371246 0.0119025512 0.0355747044
v -0.0302254967 0.0115659731 0.035308592
v -0.0303807836 0.0115789631 0.0362610407
v -0.0295371246 0.0119025512 0.0355747044
v -0.0303807836 0.0115789631 0.0362610407
v -0.0300082397 0.0117611187 0.0364050604
v -0.02898263 0.0121488981 0.0361130349
v -0.0295371246 0.0119025512 0.0355747044
v -0.0300082397 0.0117611187 0.0364050604
v -0.02898263 0.0121488981 0.0361130349
v -0.0300082397 0.0117611187 0.0364050604
v -0.0297081489 0.0118944403 0.0366964042
v -0.0286464188 0.0122675076 0.0368416309
v -0.02898263 0.0121488981 0.0361130349
v -0.0297081489 0.0118944403 0.0366964042
v -0.0286464188 0.0122675076 0.0368416309
v -0.0297081489 0.0118944403 0.0366964042
v -0.0295261964 0.0119586326 0.0370907187
v -0.0286464188 0.0122675076 0.0368416309
v -0.0295261964 0.0119586326 0.0370907187
v -0.0294900797 0.0119439205 0.0375279672
v -0.0286464188 0.0122675076 0.0368416309
v -0.0294900797 0.0119439205 0.0375279672
v -0.0285796896 0.0122403242 0.0376495682
v -0.0285796896 0.0122403242 0.0376495682
v -0.0294900797 0.0119439205 0.0375279672
v -0.0296053011 0.0118525457 0.0379415937
v -0.0285796896 0.0122403242 0.0376495682
v -0.0296053011 0.0118525457 0.0379415937
v -0.0287925899 0.0120714856 0.038413845
v -0.0292527154 0.0117866956 0.0390181094
v -0.0287925899 0.0120714856 0.038413845
v -0.0296053011 0.0118525457 0.0379415937
v -0.0292527154 0.0117866956 0.0390181094
v -0.0296053011 0.0118525457 0.0379415937
v -0.02985432 0.0116984183 0.038268622
v -0.0292527154 0.0117866956 0.0390181094
v -0.02985432 0.0116984183 0.038268622
v -0.0301992223 0.011505004 0.03845926
v -0.0292527154 0.0117866956 0.0390181094
v -0.0301992223 0.011505004 0.03845926
v -0.0298900101 0.0114293117 0.0393703654
v -0.0298900101 0.0114293117 0.0393703654
v -0.0301992223 0.011505004 0.03845926
v -0.0305875 0.0113017466 0.0384844914
v -0.0298900101 0.0114293117 0.0393703654
v -0.0305875 0.0113017466 0.0384844914
v -0.0306074582 0.011053741 0.0394169874
v -0.0312958285 0.0107171629 0.0391508751
v -0.0306074582 0.011053741 0.0394169874
v -0.0305875 0.0113017466 0.0384844914
v -0.0312958285 0.0107171629 0.0391508751
v -0.0305875 0.0113017466 0.0384844914
v -0.030960042 0.011119592 0.0383404717
v -0.0318503268 0.0104708159 0.0386125445
v -0.0312958285 0.0107171629 0.0391508751
v -0.030960042 0.011119592 0.0383404717
v -0.0318503268 0.0104708159 0.0386125445
v -0.030960042 0.011119592 0.0383404717
v -0.0312601365 0.0109862704 0.0380491279
v -0.0318503268 0.0104708159 0.0386125445
v -0.0312601365 0.0109862704 0.0380491279
v -0.0314420871 0.010922079 0.0376548208
v -0.0318503268 0.0104708159 0.0386125445
v -0.0314420871 0.010922079 0.0376548208
v -0.0321865343 0.0103522073 0.0378839485
v -0.0321865343 0.0103522073 0.0378839485
v -0.0314420871 0.010922079 0.0376548208
v -0.0314782038 0.0109367892 0.0372175649
v -0.0321865343 0.0103522073 0.0378839485
v -0.0314782038 0.0109367892 0.0372175649
v -0.0322532617 0.0103793908 0.0370760113
v -0.0322532617 0.0103793908 0.0370760113
v -0.0314782038 0.0109367892 0.0372175649
v -0.0313629806 0.011028165 0.0368039384
v -0.0322532617 0.0103793908 0.0370760113
v -0.0313629806 0.011028165 0.0368039384
v -0.0320403613 0.0105482284 0.0363117345
v -0.0315802395 0.0108330194 0.0357074663
v -0.0320403613 0.0105482284 0.0363117345
v -0.0313629806 0.011028165 0.0368039384
v -0.0315802395 0.0108330194 0.0357074663
v -0.0313629806 0.011028165 0.0368039384
v -0.0311139654 0.0111822924 0.0364769138
v -0.0310030691 0.0109584779 0.0347248279
v -0.0318357386 0.0104915332 0.0351850763
v -0.0315802395 0.0108330194 0.0357074663
v -0.0310030691 0.0109584779 0.0347248279
v -0.0315802395 0.0108330194 0.0357074663
v -0.0309429411 0.0111904033 0.0353552103
v -0.0300656818 0.0114491833 0.0346639156
v -0.0310030691 0.0109584779 0.0347248279
v -0.0309429411 0.0111904033 0.0353552103
v -0.0300656818 0.0114491833 0.0346639156
v -0.0309429411 0.0111904033 0.0353552103
v -0.0302254967 0.0115659731 0.035308592
v -0.0300656818 0.0114491833 0.0346639156
v -0.0302254967 0.0115659731 0.035308592
v -0.0295371246 0.0119025512 0.0355747044
v -0.0300656818 0.0114491833 0.0346639156
v -0.0295371246 0.0119025512 0.0355747044
v -0.0291662812 0.0118889445 0.0350116044
v -0.0284417942 0.0122108124 0.0357149728
v -0.0291662812 0.0118889445 0.0350116044
v -0.0295371246 0.0119025512 0.0355747044
v -0.0284417942 0.0122108124 0.0357149728
v -0.0295371246 0.0119025512 0.0355747044
v -0.02898263 0.0121488981 0.0361130349
v -0.0284417942 0.0122108124 0.0357149728
v -0.02898263 0.0121488981 0.0361130349
v -0.0286464188 0.0122675076 0.0368416309
v -0.0284417942 0.0122108124 0.0357149728
v -0.0286464188 0.0122675076 0.0368416309
v -0.0280025192 0.0123657826 0.0366669297
v -0.0279153306 0.0123302666 0.0377225466
v -0.0280025192 0.0123657826 0.0366669297
v -0.0286464188 0.0122675076 0.0368416309
v -0.0279153306 0.0123302666 0.0377225466
v -0.0286464188 0.0122675076 0.0368416309
v -0.0285796896 0.0122403242 0.0376495682
v -0.0279153306 0.0123302666 0.0377225466
v -0.0285796896 0.0122403242 0.0376495682
v -0.0287925899 0.0120714856 0.038413845
v -0.0279153306 0.0123302666 0.0377225466
v -0.0287925899 0.0120714856 0.038413845
v -0.0281935018 0.0121096671 0.0387211256
v -0.0281935018 0.0121096671 0.0387211256
v -0.0287925899 0.0120714856 0.038413845
v -0.0292527154 0.0117866956 0.0390181094
v -0.0281935018 0.0121096671 0.0387211256
v -0.0292527154 0.0117866956 0.0390181094
v -0.0287946835 0.011737572 0.0395106375
v -0.0296273511 0.0112706283 0.0399708822
v -0.0287946835 0.011737572 0.0395106375
v -0.0292527154 0.0117866956 0.0390181094
v -0.0296273511 0.0112706283 0.0399708822
v -0.0292527154 0.0117866956 0.0390181094
v -0.0298900101 0.0114293117 0.0393703654
v -0.0305647384 0.0107799219 0.0400317982
v -0.0296273511 0.0112706283 0.0399708822
v -0.0298900101 0.0114293117 0.0393703654
v -0.0305647384 0.0107799219 0.0400317982
v -0.0298900101 0.0114293117 0.0393703654
v -0.0306074582 0.011053741 0.0394169874
v -0.0305647384 0.0107799219 0.0400317982
v -0.0306074582 0.011053741 0.0394169874
v -0.0312958285 0.0107171629 0.0391508751
v -0.0305647384 0.0107799219 0.0400317982
v -0.0312958285 0.0107171629 0.0391508751
v -0.0314641371 0.0103401607 0.0396841019
v -0.0314641371 0.0103401607 0.0396841019
v -0.0312958285 0.0107171629 0.0391508751
v -0.0318503268 0.0104708159 0.0386125445
v -0.0314641371 0.0103401607 0.0396841019
v -0.0318503268 0.0104708159 0.0386125445
v -0.0321886279 0.0100182937 0.0389807373
v -0.0326278992 0.00986332167 0.0380287841
v -0.0321886279 0.0100182937 0.0389807373
v -0.0318503268 0.0104708159 0.0386125445
v -0.0326278992 0.00986332167 0.0380287841
v -0.0318503268 0.0104708159 0.0386125445
v -0.0321865343 0.0103522073 0.0378839485
v -0.0326278992 0.00986332167 0.0380287841
v -0.0321865343 0.0103522073 0.0378839485
v -0.0322532617 0.0103793908 0.0370760113
v -0.0326278992 0.00986332167 0.0380287841
v -0.0322532617 0.0103793908 0.0370760113
v -0.0327150896 0.00989883859 0.0369731598
v -0.0327150896 0.00989883859 0.0369731598
v -0.0322532617 0.0103793908 0.0370760113
v -0.0320403613 0.0105482284 0.0363117345
v -0.0327150896 0.00989883859 0.0369731598
v -0.0320403613 0.0105482284 0.0363117345
v -0.0324369185 0.0101194382 0.0359745845
v -0.0324369185 0.0101194382 0.0359745845
v -0.0320403613 0.0105482284 0.0363117345
v -0.0315802395 0.0108330194 0.0357074663
v -0.0324369185 0.0101194382 0.0359745845
v -0.0315802395 0.0108330194 0.0357074663
v -0.0318357386 0.0104915332 0.0351850763
v -0.0309402905 0.0107152415 0.0344910957
v -0.0318415612 0.0102098249 0.0349892601
v -0.0318357386 0.0104915332 0.0351850763
v -0.0309402905 0.0107152415 0.0344910957
v -0.0318357386 0.0104915332 0.0351850763
v -0.0310030691 0.0109584779 0.0347248279
v -0.0309402905 0.0107152415 0.0344910957
v -0.0310030691 0.0109584779 0.0347248279
v -0.0300656818 0.0114491833 0.0346639156
v -0.0309402905 0.0107152415 0.0344910957
v -0.0300656818 0.0114491833 0.0346639156
v -0.0299256705 0.0112463776 0.0344251618
v -0.0299256705 0.0112463776 0.0344251618
v -0.0300656818 0.0114491833 0.0346639156
v -0.0291662812 0.0118889445 0.0350116044
v -0.0299256705 0.0112463776 0.0344251618
v -0.0291662812 0.0118889445 0.0350116044
v -0.0289521646 0.0117223719 0.0348015018
v -0.0289521646 0.0117223719 0.0348015018
v -0.0291662812 0.0118889445 0.0350116044
v -0.0284417942 0.0122108124 0.0357149728
v -0.0289521646 0.0117223719 0.0348015018
v -0.0284417942 0.0122108124 0.0357149728
v -0.0281679891 0.0120707592 0.0355628133
v -0.0276925191 0.0122384969 0.0365932062
v -0.0281679891 0.0120707592 0.0355628133
v -0.0284417942 0.0122108124 0.0357149728
v -0.0276925191 0.0122384969 0.0365932062
v -0.0284417942 0.0122108124 0.0357149728
v -0.0280025192 0.0123657826 0.0366669297
v -0.0276925191 0.0122384969 0.0365932062
v -0.0280025192 0.0123657826 0.0366669297
v -0.0279153306 0.0123302666 0.0377225466
v -0.0276925191 0.0122384969 0.0365932062
v -0.0279153306 0.0123302666 0.0377225466
v -0.0275981482 0.0122000538 0.0377358049
v -0.0278992336 0.0119612794 0.0388166569
v -0.0275981482 0.0122000538 0.0377358049
v -0.0279153306 0.0123302666 0.0377225466
v -0.0278992336 0.0119612794 0.0388166569
v -0.0279153306 0.0123302666 0.0377225466
v -0.0281935018 0.0121096671 0.0387211256
v -0.0278992336 0.0119612794 0.0388166569
v -0.0281935018 0.0121096671 0.0387211256
v -0.0287946835 0.011737572 0.0395106375
v -0.0278992336 0.0119612794 0.0388166569
v -0.0287946835 0.011737572 0.0395106375
v -0.0285499487 0.0115585271 0.0396712124
v -0.0294512231 0.0110531105 0.0401693769
v -0.0285499487 0.0115585271 0.0396712124
v -0.0287946835 0.011737572 0.0395106375
v -0.0294512231 0.0110531105 0.0401693769
v -0.0287946835 0.011737572 0.0395106375
v -0.0296273511 0.0112706283 0.0399708822
v -0.0304658432 0.0105219735 0.0402353145
v -0.0294512231 0.0110531105 0.0401693769
v -0.0296273511 0.0112706283 0.0399708822
v -0.0304658432 0.0105219735 0.0402353145
v -0.0296273511 0.0112706283 0.0399708822
v -0.0305647384 0.0107799219 0.0400317982
v -0.0304658432 0.0105219735 0.0402353145
v -0.0305647384 0.0107799219 0.0400317982
v -0.0314641371 0.0103401607 0.0396841019
v -0.0304658432 0.0105219735 0.0402353145
v -0.0314641371 0.0103401607 0.0396841019
v -0.0314393491 0.0100459792 0.0398589708
v -0.0322235227 0.00969759282 0.0390976593
v -0.0314393491 0.0100459792 0.0398589708
v -0.0314641371 0.0103401607 0.0396841019
v -0.0322235227 0.00969759282 0.0390976593
v -0.0314641371 0.0103401607 0.0396841019
v -0.0321886279 0.0100182937 0.0389807373
v -0.0322235227 0.00969759282 0.0390976593
v -0.0321886279 0.0100182937 0.0389807373
v -0.0326278992 0.00986332167 0.0380287841
v -0.0322235227 0.00969759282 0.0390976593
v -0.0326278992 0.00986332167 0.0380287841
v -0.0326989964 0.00952985324 0.0380672663
v -0.0327933654 0.0095682973 0.0369246677
v -0.0326989964 0.00952985324 0.0380672663
v -0.0326278992 0.00986332167 0.0380287841
v -0.0327933654 0.0095682973 0.0369246677
v -0.0326278992 0.00986332167 0.0380287841
v -0.0327150896 0.00989883859 0.0369731598
v -0.0324922763 0.00980707072 0.0358438194
v -0.0327933654 0.0095682973 0.0369246677
v -0.0327150896 0.00989883859 0.0369731598
v -0.0324922763 0.00980707072 0.0358438194
v -0.0327150896 0.00989883859 0.0369731598
v -0.0324369185 0.0101194382 0.0359745845
v -0.0324922763 0.00980707072 0.0358438194
v -0.0324369185 0.0101194382 0.0359745845
v -0.0318357386 0.0104915332 0.0351850763
v -0.0324922763 0.00980707072 0.0358438194
v -0.0318357386 0.0104915332 0.0351850763
v -0.0318415612 0.0102098249 0.0349892601
v -0.0314393491 0.0100459792 0.0398589708
v -0.0285499487 0.0115585271 0.0396712124
v -0.0294512231 0.0110531105 0.0401693769
v -0.0314393491 0.0100459792 0.0398589708
v -0.0294512231 0.0110531105 0.0401693769
v -0.0304658432 0.0105219735 0.0402353145
v -0.0322235227 0.00969759282 0.0390976593
v -0.0278992336 0.0119612794 0.0388166569
v -0.0285499487 0.0115585271 0.0396712124
v -0.0322235227 0.00969759282 0.0390976593
v -0.0285499487 0.0115585271 0.0396712124
v -0.0314393491 0.0100459792 0.0398589708
v -0.0326989964 0.00952985324 0.0380672663
v -0.0275981482 0.0122000538 0.0377358049
v -0.0278992336 0.0119612794 0.0388166569
v -0.0326989964 0.00952985324 0.0380672663
v -0.0278992336 0.0119612794 0.0388166569
v -0.0322235227 0.00969759282 0.0390976593
v -0.0326989964 0.00952985324 0.0380672663
v -0.0327933654 0.0095682973 0.0369246677
v -0.0276925191 0.0122384969 0.0365932062
v -0.0326989964 0.00952985324 0.0380672663
v -0.0276925191 0.0122384969 0.0365932062
v -0.0275981482 0.0122000538 0.0377358049
v -0.0276925191 0.0122384969 0.0365932062
v -0.0327933654 0.0095682973 0.0369246677
v -0.0324922763 0.00980707072 0.0358438194
v -0.0276925191 0.0122384969 0.0365932062
v -0.0324922763 0.00980707072 0.0358438194
v -0.0281679891 0.0120707592 0.0355628133
v -0.0281679891 0.0120707592 0.0355628133
v -0.0324922763 0.00980707072 0.0358438194
v -0.0318415612 0.0102098249 0.0349892601
v -0.0281679891 0.0120707592 0.0355628133
v -0.0318415612 0.0102098249 0.0349892601
v -0.0289521646 0.0117223719 0.0348015018
v -0.0289521646 0.0117223719 0.0348015018
v -0.0318415612 0.0102098249 0.0349892601
v -0.0309402905 0.0107152415 0.0344910957
v -0.0289521646 0.0117223719 0.0348015018
v -0.0309402905 0.0107152415 0.0344910957
v -0.0299256705 0.0112463776 0.0344251618
v -0.0315802395 -0.0108330473 0.0357074589
v -0.0309429411 -0.0111904312 0.0353552029
v -0.0307690632 -0.0113757374 0.0362862647
v -0.0315802395 -0.0108330473 0.0357074589
v -0.0307690632 -0.0113757374 0.0362862647
v -0.0311139654 -0.0111823222 0.0364769064
v -0.0309429411 -0.0111904312 0.0353552029
v -0.0302254967 -0.011566001 0.0353085846
v -0.0303807836 -0.0115789929 0.0362610333
v -0.0309429411 -0.0111904312 0.0353552029
v -0.0303807836 -0.0115789929 0.0362610333
v -0.0307690632 -0.0113757374 0.0362862647
v -0.0295371246 -0.0119025791 0.035574697
v -0.0300082397 -0.0117611485 0.036405053
v -0.0303807836 -0.0115789929 0.0362610333
v -0.0295371246 -0.0119025791 0.035574697
v -0.0303807836 -0.0115789929 0.0362610333
v -0.0302254967 -0.011566001 0.0353085846
v -0.02898263 -0.012148926 0.0361130275
v -0.0297081489 -0.0118944701 0.0366963968
v -0.0300082397 -0.0117611485 0.036405053
v -0.02898263 -0.012148926 0.0361130275
v -0.0300082397 -0.0117611485 0.036405053
v -0.0295371246 -0.0119025791 0.035574697
v -0.0286464188 -0.0122675374 0.0368416235
v -0.0295261964 -0.0119586624 0.0370907113
v -0.0297081489 -0.0118944701 0.0366963968
v -0.0286464188 -0.0122675374 0.0368416235
v -0.0297081489 -0.0118944701 0.0366963968
v -0.02898263 -0.012148926 0.0361130275
v -0.0286464188 -0.0122675374 0.0368416235
v -0.0285796896 -0.012240354 0.0376495607
v -0.0294900797 -0.0119439503 0.0375279598
v -0.0286464188 -0.0122675374 0.0368416235
v -0.0294900797 -0.0119439503 0.0375279598
v -0.0295261964 -0.0119586624 0.0370907113
v -0.0285796896 -0.012240354 0.0376495607
v -0.0287925899 -0.0120715154 0.0384138376
v -0.0296053011 -0.0118525755 0.0379415862
v -0.0285796896 -0.012240354 0.0376495607
v -0.0296053011 -0.0118525755 0.0379415862
v -0.0294900797 -0.0119439503 0.0375279598
v -0.0292527154 -0.0117867272 0.039018102
v -0.02985432 -0.0116984481 0.0382686146
v -0.0296053011 -0.0118525755 0.0379415862
v -0.0292527154 -0.0117867272 0.039018102
v -0.0296053011 -0.0118525755 0.0379415862
v -0.0287925899 -0.0120715154 0.0384138376
v -0.0292527154 -0.0117867272 0.039018102
v -0.0298900101 -0.0114293434 0.039370358
v -0.0301992223 -0.0115050338 0.0384592526
v -0.0292527154 -0.0117867272 0.039018102
v -0.0301992223 -0.0115050338 0.0384592526
v -0.02985432 -0.0116984481 0.0382686146
v -0.0298900101 -0.0114293434 0.039370358
v -0.0306074582 -0.0110537726 0.03941698
v -0.0305875 -0.0113017783 0.038484484
v -0.0298900101 -0.0114293434 0.039370358
v -0.0305875 -0.0113017783 0.038484484
v -0.0301992223 -0.0115050338 0.0384592526
v -0.0312958285 -0.0107171945 0.0391508676
v -0.030960042 -0.0111196218 0.0383404642
v -0.0305875 -0.0113017783 0.038484484
v -0.0312958285 -0.0107171945 0.0391508676
v -0.0305875 -0.0113017783 0.038484484
v -0.0306074582 -0.0110537726 0.03941698
v -0.0318503268 -0.0104708476 0.0386125371
v -0.0312601365 -0.0109863002 0.0380491205
v -0.030960042 -0.0111196218 0.0383404642
v -0.0318503268 -0.0104708476 0.0386125371
v -0.030960042 -0.0111196218 0.0383404642
v -0.0312958285 -0.0107171945 0.0391508676
v -0.0318503268 -0.0104708476 0.0386125371
v -0.0321865343 -0.0103522372 0.0378839411
v -0.0314420871 -0.0109221088 0.0376548134
v -0.0318503268 -0.0104708476 0.0386125371
v -0.0314420871 -0.0109221088 0.0376548134
v -0.0312601365 -0.0109863002 0.0380491205
v -0.0321865343 -0.0103522372 0.0378839411
v -0.0322532617 -0.0103794206 0.0370760038
v -0.0314782038 -0.010936819 0.0372175574
v -0.0321865343 -0.0103522372 0.0378839411
v -0.0314782038 -0.010936819 0.0372175574
v -0.0314420871 -0.0109221088 0.0376548134
v -0.0322532617 -0.0103794206 0.0370760038
v -0.0320403613 -0.0105482582 0.036311727
v -0.0313629806 -0.0110281948 0.036803931
v -0.0322532617 -0.0103794206 0.0370760038
v -0.0313629806 -0.0110281948 0.036803931
v -0.0314782038 -0.010936819 0.0372175574
v -0.0315802395 -0.0108330473 0.0357074589
v -0.0311139654 -0.0111823222 0.0364769064
v -0.0313629806 -0.0110281948 0.036803931
v -0.0315802395 -0.0108330473 0.0357074589
v -0.0313629806 -0.0110281948 0.036803931
v -0.0320403613 -0.0105482582 0.036311727
v -0.0310030691 -0.0109585058 0.0347248204
v -0.0309429411 -0.0111904312 0.0353552029
v -0.0315802395 -0.0108330473 0.0357074589
v -0.0310030691 -0.0109585058 0.0347248204
v -0.0315802395 -0.0108330473 0.0357074589
v -0.0318357386 -0.0104915611 0.0351850688
v -0.0300656818 -0.0114492113 0.0346639082
v -0.0302254967 -0.011566001 0.0353085846
v -0.0309429411 -0.0111904312 0.0353552029
v -0.0300656818 -0.0114492113 0.0346639082
v -0.0309429411 -0.0111904312 0.0353552029
v -0.0310030691 -0.0109585058 0.0347248204
v -0.0300656818 -0.0114492113 0.0346639082
v -0.0291662812 -0.0118889725 0.035011597
v -0.0295371246 -0.0119025791 0.035574697
v -0.0300656818 -0.0114492113 0.0346639082
v -0.0295371246 -0.0119025791 0.035574697
v -0.0302254967 -0.011566001 0.0353085846
v -0.0284417942 -0.0122108404 0.0357149653
v -0.02898263 -0.012148926 0.0361130275
v -0.0295371246 -0.0119025791 0.035574697
v -0.0284417942 -0.0122108404 0.0357149653
v -0.0295371246 -0.0119025791 0.035574697
v -0.0291662812 -0.0118889725 0.035011597
v -0.0284417942 -0.0122108404 0.0357149653
v -0.0280025192 -0.0123658124 0.0366669223
v -0.0286464188 -0.0122675374 0.0368416235
v -0.0284417942 -0.0122108404 0.0357149653
v -0.0286464188 -0.0122675374 0.0368416235
v -0.02898263 -0.012148926 0.0361130275
v -0.0279153306 -0.0123302964 0.0377225392
v -0.0285796896 -0.012240354 0.0376495607
v -0.0286464188 -0.0122675374 0.0368416235
v -0.0279153306 -0.0123302964 0.0377225392
v -0.0286464188 -0.0122675374 0.0368416235
v -0.0280025192 -0.0123658124 0.0366669223
v -0.0279153306 -0.0123302964 0.0377225392
v -0.0281935018 -0.0121096987 0.0387211181
v -0.0287925899 -0.0120715154 0.0384138376
v -0.0279153306 -0.0123302964 0.0377225392
v -0.0287925899 -0.0120715154 0.0384138376
v -0.0285796896 -0.012240354 0.0376495607
v -0.0281935018 -0.0121096987 0.0387211181
v -0.0287946835 -0.0117376037 0.0395106301
v -0.0292527154 -0.0117867272 0.039018102
v -0.0281935018 -0.0121096987 0.0387211181
v -0.0292527154 -0.0117867272 0.039018102
v -0.0287925899 -0.0120715154 0.0384138376
v -0.0296273511 -0.01127066 0.0399708748
v -0.0298900101 -0.0114293434 0.039370358
v -0.0292527154 -0.0117867272 0.039018102
v -0.0296273511 -0.01127066 0.0399708748
v -0.0292527154 -0.0117867272 0.039018102
v -0.0287946835 -0.0117376037 0.0395106301
v -0.0305647384 -0.0107799536 0.0400317907
v -0.0306074582 -0.0110537726 0.03941698
v -0.0298900101 -0.0114293434 0.039370358
v -0.0305647384 -0.0107799536 0.0400317907
v -0.0298900101 -0.0114293434 0.039370358
v -0.0296273511 -0.01127066 0.0399708748
v -0.0305647384 -0.0107799536 0.0400317907
v -0.0314641371 -0.0103401924 0.0396840945
v -0.0312958285 -0.0107171945 0.0391508676
v -0.0305647384 -0.0107799536 0.0400317907
v -0.0312958285 -0.0107171945 0.0391508676
v -0.0306074582 -0.0110537726 0.03941698
v -0.0314641371 -0.0103401924 0.0396840945
v -0.0321886279 -0.0100183254 0.0389807299
v -0.0318503268 -0.0104708476 0.0386125371
v -0.0314641371 -0.0103401924 0.0396840945
v -0.0318503268 -0.0104708476 0.0386125371
v -0.0312958285 -0.0107171945 0.0391508676
v -0.0326278992 -0.00986335147 0.0380287766
v -0.0321865343 -0.0103522372 0.0378839411
v -0.0318503268 -0.0104708476 0.0386125371
v -0.0326278992 -0.00986335147 0.0380287766
v -0.0318503268 -0.0104708476 0.0386125371
v -0.0321886279 -0.0100183254 0.0389807299
v -0.0326278992 -0.00986335147 0.0380287766
v -0.0327150896 -0.00989886839 0.0369731523
v -0.0322532617 -0.0103794206 0.0370760038
v -0.0326278992 -0.00986335147 0.0380287766
v -0.0322532617 -0.0103794206 0.0370760038
v -0.0321865343 -0.0103522372 0.0378839411
v -0.0327150896 -0.00989886839 0.0369731523
v -0.0324369185 -0.0101194661 0.0359745771
v -0.0320403613 -0.0105482582 0.036311727
v -0.0327150896 -0.00989886839 0.0369731523
v -0.0320403613 -0.0105482582 0.036311727
v -0.0322532617 -0.0103794206 0.0370760038
v -0.0324369185 -0.0101194661 0.0359745771
v -0.0318357386 -0.0104915611 0.0351850688
v -0.0315802395 -0.0108330473 0.0357074589
v -0.0324369185 -0.0101194661 0.0359745771
v -0.0315802395 -0.0108330473 0.0357074589
v -0.0320403613 -0.0105482582 0.036311727
v -0.0309402905 -0.0107152695 0.0344910882
v -0.0310030691 -0.0109585058 0.0347248204
v -0.0318357386 -0.0104915611 0.0351850688
v -0.0309402905 -0.0107152695 0.0344910882
v -0.0318357386 -0.0104915611 0.0351850688
v -0.0318415612 -0.0102098528 0.0349892527
v -0.0309402905 -0.0107152695 0.0344910882
v -0.0299256705 -0.0112464055 0.0344251543
v -0.0300656818 -0.0114492113 0.0346639082
v -0.0309402905 -0.0107152695 0.0344910882
v -0.0300656818 -0.0114492113 0.0346639082
v -0.0310030691 -0.0109585058 0.0347248204
v -0.0299256705 -0.0112464055 0.0344251543
v -0.0289521646 -0.0117223999 0.0348014943
v -0.0291662812 -0.0118889725 0.035011597
v -0.0299256705 -0.0112464055 0.0344251543
v -0.0291662812 -0.0118889725 0.035011597
v -0.0300656818 -0.0114492113 0.0346639082
v -0.0289521646 -0.0117223999 0.0348014943
v -0.0281679891 -0.0120707871 0.0355628058
v -0.0284417942 -0.0122108404 0.0357149653
v -0.0289521646 -0.0117223999 0.0348014943
v -0.0284417942 -0.0122108404 0.0357149653
v -0.0291662812 -0.0118889725 0.035011597
v -0.0276925191 -0.0122385267 0.0365931988
v -0.0280025192 -0.0123658124 0.0366669223
v -0.0284417942 -0.0122108404 0.0357149653
v -0.0276925191 -0.0122385267 0.0365931988
v -0.0284417942 -0.0122108404 0.0357149653
v -0.0281679891 -0.0120707871 0.0355628058
v -0.0276925191 -0.0122385267 0.0365931988
v -0.0275981482 -0.0122000836 0.0377357975
v -0.0279153306 -0.0123302964 0.0377225392
v -0.0276925191 -0.0122385267 0.0365931988
v -0.0279153306 -0.0123302964 0.0377225392
v -0.0280025192 -0.0123658124 0.0366669223
v -0.0278992336 -0.0119613111 0.0388166495
v -0.0281935018 -0.0121096987 0.0387211181
v -0.0279153306 -0.0123302964 0.0377225392
v -0.0278992336 -0.0119613111 0.0388166495
v -0.0279153306 -0.0123302964 0.0377225392
v -0.0275981482 -0.0122000836 0.0377357975
v -0.0278992336 -0.0119613111 0.0388166495
v -0.0285499487 -0.0115585588 0.039671205
v -0.0287946835 -0.0117376037 0.0395106301
v -0.0278992336 -0.0119613111 0.0388166495
v -0.0287946835 -0.0117376037 0.0395106301
v -0.0281935018 -0.0121096987 0.0387211181
v -0.0294512231 -0.0110531421 0.0401693694
v -0.0296273511 -0.01127066 0.0399708748
v -0.0287946835 -0.0117376037 0.0395106301
v -0.0294512231 -0.0110531421 0.0401693694
v -0.0287946835 -0.0117376037 0.0395106301
v -0.0285499487 -0.0115585588 0.039671205
v -0.0304658432 -0.0105220051 0.0402353071
v -0.0305647384 -0.0107799536 0.0400317907
v -0.0296273511 -0.01127066 0.0399708748
v -0.0304658432 -0.0105220051 0.0402353071
v -0.0296273511 -0.01127066 0.0399708748
v -0.0294512231 -0.0110531421 0.0401693694
v -0.0304658432 -0.0105220051 0.0402353071
v -0.0314393491 -0.0100460108 0.0398589633
v -0.0314641371 -0.0103401924 0.0396840945
v -0.0304658432 -0.0105220051 0.0402353071
v -0.0314641371 -0.0103401924 0.0396840945
v -0.0305647384 -0.0107799536 0.0400317907
v -0.0322235227 -0.00969762448 0.0390976518
v -0.0321886279 -0.0100183254 0.0389807299
v -0.0314641371 -0.0103401924 0.0396840945
v -0.0322235227 -0.00969762448 0.0390976518
v -0.0314641371 -0.0103401924 0.0396840945
v -0.0314393491 -0.0100460108 0.0398589633
v -0.0322235227 -0.00969762448 0.0390976518
v -0.0326989964 -0.00952988304 0.0380672589
v -0.0326278992 -0.00986335147 0.0380287766
v -0.0322235227 -0.00969762448 0.0390976518
v -0.0326278992 -0.00986335147 0.0380287766
v -0.0321886279 -0.0100183254 0.0389807299
v -0.0327933654 -0.00956832711 0.0369246602
v -0.0327150896 -0.00989886839 0.0369731523
v -0.0326278992 -0.00986335147 0.0380287766
v -0.0327933654 -0.00956832711 0.0369246602
v -0.0326278992 -0.00986335147 0.0380287766
v -0.0326989964 -0.00952988304 0.0380672589
v -0.0324922763 -0.00980709866 0.0358438119
v -0.0324369185 -0.0101194661 0.0359745771
v -0.0327150896 -0.00989886839 0.0369731523
v -0.0324922763 -0.00980709866 0.0358438119
v -0.0327150896 -0.00989886839 0.0369731523
v -0.0327933654 -0.00956832711 0.0369246602
v -0.0324922763 -0.00980709866 0.0358438119
v -0.0318415612 -0.0102098528 0.0349892527
v -0.0318357386 -0.0104915611 0.0351850688
v -0.0324922763 -0.00980709866 0.0358438119
v -0.0318357386 -0.0104915611 0.0351850688
v -0.0324369185 -0.0101194661 0.0359745771
v -0.0314393491 -0.0100460108 0.0398589633
v -0.0304658432 -0.0105220051 0.0402353071
v -0.0294512231 -0.0110531421 0.0401693694
v -0.0314393491 -0.0100460108 0.0398589633
v -0.0294512231 -0.0110531421 0.0401693694
v -0.0285499487 -0.0115585588 0.039671205
v -0.0322235227 -0.00969762448 0.0390976518
v -0.0314393491 -0.0100460108 0.0398589633
v -0.0285499487 -0.0115585588 0.039671205
v -0.0322235227 -0.00969762448 0.0390976518
v -0.0285499487 -0.0115585588 0.039671205
v -0.0278992336 -0.0119613111 0.0388166495
v -0.0326989964 -0.00952988304 0.0380672589
v -0.0322235227 -0.00969762448 0.0390976518
v -0.0278992336 -0.0119613111 0.0388166495
v -0.0326989964 -0.00952988304 0.0380672589
v -0.0278992336 -0.0119613111 0.0388166495
v -0.0275981482 -0.0122000836 0.0377357975
v -0.0326989964 -0.00952988304 0.0380672589
v -0.0275981482 -0.0122000836 0.0377357975
v -0.0276925191 -0.0122385267 0.0365931988
v -0.0326989964 -0.00952988304 0.0380672589
v -0.0276925191 -0.0122385267 0.0365931988
v -0.0327933654 -0.00956832711 0.0369246602
v -0.0276925191 -0.0122385267 0.0365931988
v -0.0281679891 -0.0120707871 0.0355628058
v -0.0324922763 -0.00980709866 0.0358438119
v -0.0276925191 -0.0122385267 0.0365931988
v -0.0324922763 -0.00980709866 0.0358438119
v -0.0327933654 -0.00956832711 0.0369246602
v -0.0281679891 -0.0120707871 0.0355628058
v -0.0289521646 -0.0117223999 0.0348014943
v -0.0318415612 -0.0102098528 0.0349892527
v -0.0281679891 -0.0120707871 0.0355628058
v -0.0318415612 -0.0102098528 0.0349892527
v -0.0324922763 -0.00980709866 0.0358438119
v -0.0289521646 -0.0117223999 0.0348014943
v -0.0299256705 -0.0112464055 0.0344251543
v -0.0309402905 -0.0107152695 0.0344910882
v -0.0289521646 -0.0117223999 0.0348014943
v -0.0309402905 -0.0107152695 0.0344910882
v -0.0318415612 -0.0102098528 0.0349892527

# 1964 UV coordinates
vt 0.0398268066 0.365264714 1
vt 0.0312874317 0.366912305 1
vt 0.0398074985 0.368664384 1
vt 0.0384970307 0.371797085 1
vt 0.0360776149 0.374178946 1
vt 0.0329288244 0.375451207 1
vt 0.0295309424 0.375426292 1
vt 0.0263970476 0.374110103 1
vt 0.0240060072 0.371701598 1
vt 0.0227333885 0.368555903 1
vt 0.0227629542 0.365162075 1
vt 0.024085341 0.362033784 1
vt 0.026501298 0.359646559 1
vt 0.0296426397 0.358364522 1
vt 0.033039391 0.358389735 1
vt 0.0361723267 0.359701157 1
vt 0.0385551453 0.362115562 1
vt 0.0247077234 0.846332133 1
vt 0.0247271508 0.849731803 1
vt 0.0332468711 0.847979546 1
vt 0.0260372814 0.852864623 1
vt 0.02845704 0.855246186 1
vt 0.0316054709 0.856518626 1
vt 0.0350035466 0.856493592 1
vt 0.0381374881 0.855177522 1
vt 0.0405283384 0.852768898 1
vt 0.0418010876 0.849623442 1
vt 0.0417715199 0.846229196 1
vt 0.0404490046 0.843101263 1
vt 0.0380331837 0.840713978 1
vt 0.0348921306 0.83943224 1
vt 0.0314950757 0.839457273 1
vt 0.0283620413 0.840768576 1
vt 0.0259793419 0.84318316 1
vt 0.885701835 0.573777199 1
vt 0.864343047 0.571578205 1
vt 0.855909228 0.60211122 1
vt 0.876370132 0.608710825 1
vt 0.885645509 0.538527191 1
vt 0.873145819 0.505228937 1
vt 0.852812588 0.512818694 1
vt 0.863622248 0.541971743 1
vt 0.845466733 0.474818826 1
vt 0.833633959 0.48975271 1
vt 0.838221788 0.626494169 1
vt 0.850826383 0.640772402 1
vt 0.807795346 0.459072828 1
vt 0.804952681 0.476972103 1
vt 0.814381301 0.658771038 1
vt 0.810430586 0.641017735 1
vt 0.76991725 0.459072828 1
vt 0.774913013 0.476600945 1
vt 0.776652634 0.661099553 1
vt 0.780578434 0.643269062 1
vt 0.731485844 0.477734089 1
vt 0.74376142 0.49353689 1
vt 0.737227261 0.64486587 1
vt 0.748393416 0.628298342 1
vt 0.706865847 0.508725405 1
vt 0.725002527 0.518447995 1
vt 0.710462868 0.615497947 1
vt 0.727894187 0.604710698 1
vt 0.695657134 0.543816686 1
vt 0.717092872 0.549464703 1
vt 0.695318758 0.581853032 1
vt 0.718127608 0.575724721 1
vt 0.830479026 0.521030664 1
vt 0.836437702 0.546450377 1
vt 0.837767124 0.569061339 1
vt 0.833406806 0.59521544 1
vt 0.823021114 0.501870394 1
vt 0.827033222 0.614945531 1
vt 0.800617993 0.496958017 1
vt 0.805056512 0.621245384 1
vt 0.776194811 0.50115025 1
vt 0.780427694 0.618735075 1
vt 0.755506873 0.510959744 1
vt 0.759096384 0.610281587 1
vt 0.745173395 0.528645754 1
vt 0.747942448 0.593450546 1
vt 0.740668058 0.551088214 1
vt 0.742375374 0.571687818 1
vt 0.775182068 0.550747335 1
vt 0.776401579 0.527379632 1
vt 0.7772609 0.569171309 1
vt 0.779184043 0.592554688 1
vt 0.804364324 0.592754722 1
vt 0.801538408 0.525394797 1
vt 0.803475916 0.549600363 1
vt 0.805171371 0.568413258 1
vt 0.0476295464 0.995481849 1
vt 0.0539296232 0.975458741 1
vt 0.0337089263 0.96778816 1
vt 0.0214350186 0.984527349 1
vt 0.0783848763 0.99609375 1
vt 0.105292827 0.986347973 1
vt 0.0934917405 0.969201565 1
vt 0.0729876533 0.976061106 1
vt 0.0355970785 0.711738229 1
vt 0.0506086722 0.697166085 1
vt 0.0407117754 0.674537241 1
vt 0.0256040469 0.68403095 1
vt 0.0351274572 0.501466274 1
vt 0.0252596028 0.52921772 1
vt 0.0404106453 0.538644552 1
vt 0.050204549 0.515971661 1
vt 0.0219753571 0.65955621 1
vt 0.036660254 0.655544758 1
vt 0.0217416976 0.553707004 1
vt 0.036445383 0.557654381 1
vt 0.035946168 0.634918213 1
vt 0.0215717405 0.638081193 1
vt 0.0358248167 0.578286052 1
vt 0.0214350186 0.575180829 1
vt 0.0357134864 0.615784407 1
vt 0.0216773376 0.617683887 1
vt 0.0216450058 0.595571995 1
vt 0.0357627124 0.597395182 1
vt 0.51900208 0.209520638 1
vt 0.515011668 0.239213943 1
vt 0.544524074 0.239596248 1
vt 0.561699688 0.21760869 1
vt 0.520081222 0.29927665 1
vt 0.56274116 0.290540516 1
vt 0.545559525 0.268785894 1
vt 0.515277445 0.269937277 1
vt 0.453192532 0.207314432 1
vt 0.420664817 0.208256841 1
vt 0.423796833 0.240226626 1
vt 0.452166617 0.239442468 1
vt 0.454524785 0.303162098 1
vt 0.453209788 0.271130264 1
vt 0.423513442 0.271734476 1
vt 0.421922594 0.302652061 1
vt 0.0580440611 0.947165072 1
vt 0.0432124808 0.941175997 1
vt 0.0853540897 0.942170858 1
vt 0.0702565312 0.947472811 1
vt 0.0695099682 0.675969481 1
vt 0.0630098879 0.659900188 1
vt 0.0627780035 0.553174138 1
vt 0.0692061558 0.537077546 1
vt 0.0591280758 0.646131098 1
vt 0.0589551926 0.566958964 1
vt 0.0578174777 0.628273487 1
vt 0.0570269451 0.613160849 1
vt 0.0569401309 0.599981368 1
vt 0.057749331 0.58481729 1
vt 0.0783241168 0.623631954 1
vt 0.0777878091 0.611112475 1
vt 0.0998079851 0.618033528 1
vt 0.0985871181 0.609990001 1
vt 0.0782251135 0.589391053 1
vt 0.077698946 0.601904213 1
vt 0.0985630229 0.602895021 1
vt 0.0997461304 0.594909787 1
vt 0.108898669 0.615965128 1
vt 0.110666826 0.609417975 1
vt 0.11091435 0.603404641 1
vt 0.108922459 0.596880674 1
vt 0.0630579963 0.867092609 1
vt 0.0568513684 0.868556142 1
vt 0.0569501705 0.875274658 1
vt 0.0630360022 0.874974608 1
vt 0.0690713525 0.867340088 1
vt 0.0687655807 0.875036597 1
vt 0.0748117268 0.875691175 1
vt 0.0753297433 0.868991494 1
vt 0.0562301576 0.893787086 1
vt 0.0614416339 0.895299375 1
vt 0.0693392679 0.895507276 1
vt 0.0746154115 0.89423877 1
vt 0.0597238988 0.91896987 1
vt 0.0501407497 0.917022288 1
vt 0.0796005204 0.917725086 1
vt 0.0699287653 0.919208884 1
vt 0.0882986337 0.659212947 1
vt 0.0834775716 0.647001624 1
vt 0.0833005235 0.565989256 1
vt 0.0880704001 0.553758383 1
vt 0.0805045143 0.636469483 1
vt 0.0803803653 0.576535583 1
vt 0.100966938 0.626708627 1
vt 0.100862607 0.586230636 1
vt 0.111142807 0.622594357 1
vt 0.111064173 0.59026444 1
vt 0.10488186 0.641040921 1
vt 0.0991768762 0.636847258 1
vt 0.0990382656 0.576092243 1
vt 0.104725033 0.571878612 1
vt 0.597104788 0.190057874 1
vt 0.590618968 0.212845623 1
vt 0.616013467 0.216558576 1
vt 0.623595178 0.197236836 1
vt 0.598687708 0.317290545 1
vt 0.625032187 0.309628367 1
vt 0.617173016 0.290413201 1
vt 0.591790438 0.294681966 1
vt 0.611194313 0.168860614 1
vt 0.635366261 0.180028677 1
vt 0.613184392 0.33822608 1
vt 0.637118161 0.326651394 1
vt 0.916729152 0.99609375 1
vt 0.94023633 0.989706576 1
vt 0.940416455 0.976571381 1
vt 0.916740954 0.978633404 1
vt 0.750467658 0.187822819 1
vt 0.748630345 0.170458615 1
vt 0.724869549 0.170883834 1
vt 0.726421297 0.183927834 1
vt 0.961733043 0.98318845 1
vt 0.958766282 0.969891727 1
vt 0.7043612 0.179693341 1
vt 0.705922961 0.166158319 1
vt 0.901204765 0.972289026 1
vt 0.892996907 0.988838136 1
vt 0.773310959 0.178126395 1
vt 0.763417542 0.162525833 1
vt 0.878116965 0.966274261 1
vt 0.86671114 0.980386794 1
vt 0.798569083 0.166972697 1
vt 0.785749316 0.154130399 1
vt 0.983832181 0.976503015 1
vt 0.977322102 0.962563157 1
vt 0.681685269 0.175354004 1
vt 0.686703205 0.160809815 1
vt 0.428933352 0.976570368 1
vt 0.453761667 0.962201416 1
vt 0.444440812 0.947526157 1
vt 0.423088402 0.957585037 1
vt 0.0910840705 0.0288596153 1
vt 0.0844144151 0.0475708246 1
vt 0.105306245 0.0585537553 1
vt 0.11526031 0.0443011522 1
vt 0.404734582 0.961934924 1
vt 0.404060453 0.980512619 1
vt 0.0664068982 0.0238339901 1
vt 0.0662689731 0.0424235463 1
vt 0.384503543 0.973778665 1
vt 0.386720955 0.957190454 1
vt 0.046574913 0.0297085047 1
vt 0.0480648167 0.0463774204 1
vt 0.364441067 0.961210191 1
vt 0.367049843 0.946116745 1
vt 0.35051313 0.936637998 1
vt 0.346691042 0.950953603 1
vt 0.0259827226 0.0413910747 1
vt 0.00780153181 0.050863266 1
vt 0.010995796 0.0653320551 1
vt 0.0279295538 0.0565835238 1
vt 0.657465637 0.223223269 1
vt 0.635652065 0.226319134 1
vt 0.648805499 0.241378903 1
vt 0.659862518 0.244081855 1
vt 0.658466816 0.283141792 1
vt 0.659147263 0.261210382 1
vt 0.649108648 0.264833987 1
vt 0.636676013 0.280305326 1
vt 0.730998278 0.396361291 1
vt 0.750314176 0.399202645 1
vt 0.751835287 0.388006568 1
vt 0.736278832 0.385063529 1
vt 0.785732508 0.398545206 1
vt 0.781341016 0.386897504 1
vt 0.765648842 0.388839602 1
vt 0.766266704 0.400115669 1
vt 0.644341886 0.201456845 1
vt 0.645686984 0.305073917 1
vt 0.660005808 0.203632593 1
vt 0.661340237 0.302632809 1
vt 0.658018947 0.17796582 1
vt 0.659818292 0.328282475 1
vt 0.670408607 0.17955339 1
vt 0.672198057 0.326420009 1
vt 0.675614476 0.156832218 1
vt 0.669879436 0.156232357 1
vt 0.672136188 0.34968704 1
vt 0.67787081 0.348957837 1
vt 0.682838202 0.130313993 1
vt 0.673268855 0.131608546 1
vt 0.685615599 0.375254989 1
vt 0.676004708 0.374158144 1
vt 0.667030275 0.105597138 1
vt 0.687430024 0.109292269 1
vt 0.670296967 0.400265813 1
vt 0.690632164 0.396137357 1
vt 0.713646829 0.385607123 1
vt 0.720734119 0.374504447 1
vt 0.803877711 0.38918817 1
vt 0.797679305 0.37756747 1
vt 0.707799971 0.356478751 1
vt 0.699983776 0.364778221 1
vt 0.819135427 0.369494021 1
vt 0.812008739 0.360601604 1
vt 0.670012474 0.298484087 1
vt 0.677743256 0.319653749 1
vt 0.687617362 0.311811268 1
vt 0.68092984 0.290041149 1
vt 0.854153454 0.305786133 1
vt 0.843915343 0.296474874 1
vt 0.835596323 0.317650259 1
vt 0.844838202 0.32626003 1
vt 0.688504219 0.345499396 1
vt 0.695638359 0.334091008 1
vt 0.825875461 0.339213073 1
vt 0.832092524 0.351156533 1
vt 0.664156497 0.275545776 1
vt 0.678037167 0.27163434 1
vt 0.861810744 0.283499599 1
vt 0.848263264 0.278421462 1
vt 0.676296532 0.255962849 1
vt 0.664190471 0.251124859 1
vt 0.864005446 0.259312928 1
vt 0.851462603 0.263041198 1
vt 0.447718263 0.170768023 1
vt 0.417432815 0.174400091 1
vt 0.419385582 0.336619735 1
vt 0.449715763 0.339726448 1
vt 0.442212313 0.135803282 1
vt 0.414006025 0.141009688 1
vt 0.41663757 0.370116353 1
vt 0.444912672 0.374786377 1
vt 0.441201895 0.405188441 1
vt 0.410140753 0.399553955 1
vt 0.437876493 0.105480373 1
vt 0.406936288 0.111732483 1
vt 0.422843367 0.0773390532 1
vt 0.39404723 0.0819421411 1
vt 0.40286532 0.0445417166 1
vt 0.377853304 0.0572118759 1
vt 0.462192476 0.528666735 1
vt 0.494404316 0.535477996 1
vt 0.496600956 0.509858191 1
vt 0.470848918 0.5035941 1
vt 0.524942994 0.535602808 1
vt 0.523130596 0.508745909 1
vt 0.556825876 0.528926969 1
vt 0.548094034 0.5035941 1
vt 0.407459527 0.46682781 1
vt 0.426752001 0.433627069 1
vt 0.397872418 0.429609954 1
vt 0.382195026 0.454671204 1
vt 0.48536855 0.206556201 1
vt 0.486676484 0.23882556 1
vt 0.486749023 0.303304791 1
vt 0.48696503 0.270680308 1
vt 0.461292505 0.546938717 1
vt 0.49322927 0.549161196 1
vt 0.525906861 0.549560726 1
vt 0.557746291 0.547263145 1
vt 0.454748362 0.559931993 1
vt 0.490172863 0.560653746 1
vt 0.564291358 0.560243249 1
vt 0.528857708 0.561081946 1
vt 0.452523053 0.0325834155 1
vt 0.453829646 0.0160881877 1
vt 0.420236051 0.0147430897 1
vt 0.412387908 0.0279855728 1
vt 0.457356095 0.477766156 1
vt 0.41732347 0.483184814 1
vt 0.425443619 0.496263862 1
vt 0.45900774 0.494229198 1
vt 0.48876521 0.0311651826 1
vt 0.486719042 0.0118147135 1
vt 0.493620068 0.478414297 1
vt 0.491979659 0.497804999 1
vt 0.522926629 0.0103054047 1
vt 0.524932027 0.0299086571 1
vt 0.528206766 0.498550355 1
vt 0.52980125 0.478906035 1
vt 0.562909842 0.0285509825 1
vt 0.558942616 0.00949186087 1
vt 0.564218521 0.498607993 1
vt 0.567802489 0.47948277 1
vt 0.660446644 0.0279917121 1
vt 0.659238994 0.00738668442 1
vt 0.628818989 0.00688624382 1
vt 0.627087831 0.0268809199 1
vt 0.665451586 0.478030622 1
vt 0.632203996 0.479897678 1
vt 0.631801605 0.499215603 1
vt 0.664800823 0.498846889 1
vt 0.697064996 0.00577741861 1
vt 0.695472479 0.0283051729 1
vt 0.702606499 0.499445319 1
vt 0.700310647 0.476947844 1
vt 0.459377229 0.0744464397 1
vt 0.453566104 0.0519021153 1
vt 0.457997501 0.458431065 1
vt 0.463340521 0.435775518 1
vt 0.486240864 0.173295736 1
vt 0.488242567 0.336480916 1
vt 0.486860901 0.136783779 1
vt 0.489550561 0.372926891 1
vt 0.470702052 0.101115465 1
vt 0.47411412 0.408888638 1
vt 0.490389585 0.0522509217 1
vt 0.494814277 0.457300842 1
vt 0.521204591 0.176842809 1
vt 0.523111105 0.332040787 1
vt 0.562447309 0.182662427 1
vt 0.564140558 0.325401902 1
vt 0.568407953 0.156103253 1
vt 0.570690751 0.351819634 1
vt 0.532911062 0.147310078 1
vt 0.535409451 0.361352205 1
vt 0.530830741 0.0518091321 1
vt 0.535269737 0.456891418 1
vt 0.565401971 0.0527932644 1
vt 0.569813609 0.455184281 1
vt 0.660663366 0.0513905287 1
vt 0.626786351 0.0497863889 1
vt 0.665117264 0.454599679 1
vt 0.631300986 0.456992269 1
vt 0.69976598 0.0482777357 1
vt 0.704236984 0.45682162 1
vt 0.692739725 0.0889208317 1
vt 0.67255795 0.0839751363 1
vt 0.676287651 0.421746373 1
vt 0.696374357 0.416367114 1
vt 0.700716972 0.0679413676 1
vt 0.678818703 0.0683922768 1
vt 0.704797924 0.43715632 1
vt 0.682883978 0.437176764 1
vt 0.687910438 0.240947008 1
vt 0.679601431 0.236929655 1
vt 0.849891245 0.24387145 1
vt 0.841234922 0.247238219 1
vt 0.69841522 0.21656388 1
vt 0.704820037 0.223658621 1
vt 0.832796156 0.222283423 1
vt 0.825818419 0.228980005 1
vt 0.72852248 0.210067809 1
vt 0.718579352 0.203751028 1
vt 0.803277433 0.213741064 1
vt 0.814001799 0.20813787 1
vt 0.754477084 0.203541517 1
vt 0.752138495 0.193170846 1
vt 0.782234073 0.195586383 1
vt 0.776189029 0.202934802 1
vt 0.695038974 0.25594914 1
vt 0.832617104 0.261353254 1
vt 0.710866928 0.242972374 1
vt 0.817757368 0.246896088 1
vt 0.732733488 0.22343713 1
vt 0.796947002 0.225472987 1
vt 0.755734324 0.218880117 1
vt 0.773769021 0.217282295 1
vt 0.69852072 0.277228117 1
vt 0.827373624 0.282205522 1
vt 0.716138721 0.260930419 1
vt 0.811160386 0.264328539 1
vt 0.737622261 0.241036057 1
vt 0.791175306 0.242685795 1
vt 0.756339014 0.235877335 1
vt 0.773486495 0.234872282 1
vt 0.705669463 0.298545599 1
vt 0.818657458 0.302913487 1
vt 0.718821764 0.323159814 1
vt 0.803657651 0.326448441 1
vt 0.753688693 0.371053576 1
vt 0.74177599 0.369768977 1
vt 0.777129173 0.371173561 1
vt 0.765271425 0.371405482 1
vt 0.727619112 0.362273753 1
vt 0.791818798 0.364807189 1
vt 0.723982215 0.346249282 1
vt 0.796717346 0.34909755 1
vt 0.72100538 0.285440862 1
vt 0.804443181 0.288514912 1
vt 0.740104556 0.26979214 1
vt 0.786710143 0.27134335 1
vt 0.756574988 0.266275287 1
vt 0.77077359 0.266275406 1
vt 0.724527776 0.304532647 1
vt 0.799468935 0.307359219 1
vt 0.741421521 0.300052822 1
vt 0.783048153 0.301562369 1
vt 0.756850719 0.29951489 1
vt 0.767737269 0.299954593 1
vt 0.755132914 0.34878248 1
vt 0.742820919 0.346235693 1
vt 0.765477359 0.34904629 1
vt 0.777971804 0.34759438 1
vt 0.756592572 0.325299561 1
vt 0.741948307 0.323426843 1
vt 0.765910447 0.325655341 1
vt 0.780635417 0.324883401 1
vt 0.653937221 0.0757095814 1
vt 0.650300801 0.0912137628 1
vt 0.653873265 0.415019393 1
vt 0.657851756 0.430436313 1
vt 0.627068818 0.078365922 1
vt 0.62534374 0.095251143 1
vt 0.630939007 0.428401709 1
vt 0.628856301 0.411546052 1
vt 0.966777921 0.737018466 1
vt 0.985270083 0.732581139 1
vt 0.981735706 0.712861538 1
vt 0.963113964 0.71860522 1
vt 0.97763586 0.547678828 1
vt 0.971912205 0.565564752 1
vt 0.98976624 0.573362947 1
vt 0.995506406 0.554167271 1
vt 0.943829656 0.723822236 1
vt 0.946383417 0.739005148 1
vt 0.95759511 0.543441296 1
vt 0.953337789 0.558249235 1
vt 0.925387025 0.725269079 1
vt 0.922737777 0.739005148 1
vt 0.934143662 0.540700197 1
vt 0.9352054 0.554671168 1
vt 0.907643676 0.718912184 1
vt 0.915456712 0.71051544 1
vt 0.916893184 0.558875561 1
vt 0.923669159 0.568182945 1
vt 0.891163766 0.64739418 1
vt 0.874501705 0.645602465 1
vt 0.881330729 0.668582797 1
vt 0.894298971 0.666080594 1
vt 0.891676128 0.62896657 1
vt 0.897349238 0.609596133 1
vt 0.884882569 0.605331719 1
vt 0.877087295 0.627772272 1
vt 0.975120485 0.692098737 1
vt 0.959359407 0.692268968 1
vt 0.965155244 0.591287255 1
vt 0.980842531 0.593202353 1
vt 0.958460569 0.669006824 1
vt 0.974952102 0.674575984 1
vt 0.961601079 0.614235163 1
vt 0.978698969 0.610530257 1
vt 0.974104106 0.652209282 1
vt 0.959720135 0.649378657 1
vt 0.960122347 0.632785022 1
vt 0.97642535 0.632322133 1
vt 0.910646558 0.647225142 1
vt 0.912746966 0.666389704 1
vt 0.9102301 0.630901933 1
vt 0.91499567 0.611750245 1
vt 0.934702814 0.647901416 1
vt 0.935616553 0.666900158 1
vt 0.934625924 0.631888151 1
vt 0.937903464 0.61331737 1
vt 0.938304305 0.693544507 1
vt 0.944348514 0.587728858 1
vt 0.893719137 0.696615815 1
vt 0.904041529 0.690154791 1
vt 0.909606457 0.58676064 1
vt 0.900244355 0.578907251 1
vt 0.914479256 0.685605645 1
vt 0.919377804 0.59259665 1
vt 0.601338923 0.143718421 1
vt 0.571705222 0.132769644 1
vt 0.574462175 0.375100851 1
vt 0.603851438 0.363564432 1
vt 0.606723428 0.116914272 1
vt 0.571204245 0.10992372 1
vt 0.609790742 0.390261352 1
vt 0.5744344 0.397962689 1
vt 0.539262474 0.125018775 1
vt 0.542192936 0.383520663 1
vt 0.509986043 0.117251575 1
vt 0.513085961 0.391915143 1
vt 0.505518496 0.0958611965 1
vt 0.509057879 0.413395226 1
vt 0.497090727 0.072522223 1
vt 0.501102269 0.436899424 1
vt 0.535748065 0.073264122 1
vt 0.539742291 0.435339034 1
vt 0.537996471 0.101497173 1
vt 0.541416645 0.407069802 1
vt 0.569378376 0.0760802627 1
vt 0.573322654 0.431845367 1
vt 0.598932981 0.0782191157 1
vt 0.60281986 0.429116905 1
vt 0.591871083 0.00644552708 1
vt 0.593052864 0.0264101028 1
vt 0.597892523 0.48002404 1
vt 0.597236514 0.499445319 1
vt 0.5965783 0.0498836637 1
vt 0.601097703 0.457501769 1
vt 0.00390625 0.482230902 1
vt 0.035958562 0.4897843 1
vt 0.0440608598 0.460157335 1
vt 0.0203423053 0.448526084 1
vt 0.00446017087 0.723763585 1
vt 0.020763278 0.757532895 1
vt 0.0445205308 0.745930791 1
vt 0.0351912938 0.720359266 1
vt 0.0617120974 0.502047837 1
vt 0.0737411678 0.476563573 1
vt 0.0742044672 0.729535758 1
vt 0.0621849038 0.704084277 1
vt 0.0884095654 0.521375179 1
vt 0.105060399 0.501959562 1
vt 0.10559205 0.704170048 1
vt 0.0888358578 0.684787393 1
vt 0.130074367 0.524851799 1
vt 0.103910178 0.543835878 1
vt 0.1306272 0.681199908 1
vt 0.104323775 0.662466049 1
vt 0.11696662 0.566540003 1
vt 0.13741231 0.565251231 1
vt 0.137807429 0.640779138 1
vt 0.116878159 0.639983773 1
vt 0.11920514 0.592026055 1
vt 0.140373513 0.593381524 1
vt 0.140577793 0.613823414 1
vt 0.117808528 0.615035832 1
vt 0.837753415 0.437180638 1
vt 0.831276953 0.416624963 1
vt 0.821915388 0.418783367 1
vt 0.827697694 0.441475093 1
vt 0.83751148 0.376859009 1
vt 0.827687025 0.37249136 1
vt 0.822956502 0.396048725 1
vt 0.831905365 0.398661971 1
vt 0.843476236 0.463255346 1
vt 0.849039137 0.453337431 1
vt 0.843396246 0.350811839 1
vt 0.848947763 0.360796094 1
vt 0.866040587 0.48136127 1
vt 0.870444298 0.46783042 1
vt 0.865981042 0.33306998 1
vt 0.870385885 0.346635163 1
vt 0.896872044 0.493953884 1
vt 0.897784591 0.476650596 1
vt 0.896735311 0.320483267 1
vt 0.897676289 0.337803066 1
vt 0.925628722 0.499445319 1
vt 0.925303042 0.48135668 1
vt 0.925150692 0.332988381 1
vt 0.927863061 0.312436998 1
vt 0.958595812 0.497994959 1
vt 0.950881839 0.476225674 1
vt 0.958595812 0.316294193 1
vt 0.950756192 0.338047445 1
vt 0.94296968 0.456007659 1
vt 0.920921087 0.456915677 1
vt 0.920803964 0.357472122 1
vt 0.942870736 0.35825485 1
vt 0.935288608 0.433637679 1
vt 0.916971326 0.433619022 1
vt 0.916978478 0.380792141 1
vt 0.935340405 0.380613446 1
vt 0.932845473 0.414524436 1
vt 0.915682375 0.413921893 1
vt 0.915612519 0.400029063 1
vt 0.933546364 0.399672329 1
vt 0.897190869 0.454760849 1
vt 0.897078395 0.359710872 1
vt 0.896244347 0.43361938 1
vt 0.895945907 0.380678594 1
vt 0.894459188 0.414945245 1
vt 0.894094527 0.399160683 1
vt 0.871860445 0.451256156 1
vt 0.871636391 0.363244593 1
vt 0.855441749 0.44656831 1
vt 0.855231047 0.367706537 1
vt 0.851442516 0.431821406 1
vt 0.850807011 0.382563353 1
vt 0.84820658 0.414998651 1
vt 0.847464025 0.399845719 1
vt 0.8685745 0.414991617 1
vt 0.87097466 0.431197524 1
vt 0.870455503 0.383237839 1
vt 0.867417932 0.399202526 1
vt 0.971639991 0.93897438 1
vt 0.958158016 0.942086399 1
vt 0.70362103 0.138440967 1
vt 0.689888477 0.136755466 1
vt 0.963339686 0.910848677 1
vt 0.955400348 0.91537416 1
vt 0.703572273 0.111584723 1
vt 0.695204139 0.107913494 1
vt 0.901837409 0.951921582 1
vt 0.889827371 0.948935091 1
vt 0.772291005 0.138110042 1
vt 0.760659516 0.142335296 1
vt 0.902438521 0.920881569 1
vt 0.895680904 0.9198668 1
vt 0.763431251 0.10981214 1
vt 0.756816745 0.11152786 1
vt 0.943102837 0.94804579 1
vt 0.942159593 0.919418097 1
vt 0.719217062 0.142794013 1
vt 0.717161596 0.114222765 1
vt 0.920173824 0.922623038 1
vt 0.918149114 0.950458527 1
vt 0.739361107 0.115112662 1
vt 0.744284809 0.142584622 1
vt 0.905536592 0.899780393 1
vt 0.899167359 0.896537364 1
vt 0.757528126 0.0869745016 1
vt 0.751532376 0.090865016 1
vt 0.953117669 0.890284956 1
vt 0.946774721 0.893976808 1
vt 0.709915102 0.0894022584 1
vt 0.703221321 0.0863931179 1
vt 0.936987281 0.898635685 1
vt 0.720135093 0.0930126309 1
vt 0.918749452 0.901566386 1
vt 0.738578558 0.0940222144 1
vt 0.373122841 0.923352301 1
vt 0.357604623 0.913935423 1
vt 0.0170895159 0.0883250833 1
vt 0.0330027267 0.0795928836 1
vt 0.440307975 0.92687881 1
vt 0.421249539 0.935314119 1
vt 0.0816029385 0.0697410107 1
vt 0.100275651 0.079000473 1
vt 0.405067444 0.935333967 1
vt 0.0654377565 0.0690146685 1
vt 0.389029115 0.93185544 1
vt 0.049263522 0.0717909932 1
vt 0.439300686 0.897394359 1
vt 0.426033765 0.903899729 1
vt 0.0850110352 0.101333141 1
vt 0.0979830027 0.108410299 1
vt 0.433292091 0.875705898 1
vt 0.424745649 0.882027268 1
vt 0.082772769 0.123128533 1
vt 0.0910374373 0.129814327 1
vt 0.366668373 0.887126923 1
vt 0.37752229 0.894188464 1
vt 0.384827793 0.873474181 1
vt 0.377290636 0.867562413 1
vt 0.0249751564 0.115505695 1
vt 0.0347380899 0.13551718 1
vt 0.0425238349 0.129938006 1
vt 0.0361254998 0.108924031 1
vt 0.392447501 0.899502754 1
vt 0.0512662344 0.104264319 1
vt 0.407446563 0.902941942 1
vt 0.0664001405 0.101480663 1
vt 0.409371704 0.880061507 1
vt 0.0673283413 0.124424398 1
vt 0.396325916 0.876951635 1
vt 0.0541610345 0.126964331 1
vt 0.938614905 0.881326437 1
vt 0.931549966 0.885809422 1
vt 0.724202573 0.0796874166 1
vt 0.716708779 0.0759673715 1
vt 0.919112384 0.887224138 1
vt 0.910979092 0.885210454 1
vt 0.744597375 0.0769428015 1
vt 0.736720204 0.0797950029 1
vt 0.94394201 0.876710415 1
vt 0.710928977 0.0719333887 1
vt 0.904417932 0.882118523 1
vt 0.750799596 0.0731825233 1
vt 0.925300777 0.869848788 1
vt 0.921290278 0.871489882 1
vt 0.732910931 0.0643731952 1
vt 0.7287516 0.0631603599 1
vt 0.930599928 0.871688604 1
vt 0.723672867 0.0655436516 1
vt 0.916735172 0.875489295 1
vt 0.737858117 0.0678756237 1
vt 0.934650183 0.865898728 1
vt 0.719040155 0.0602089763 1
vt 0.926246524 0.862317324 1
vt 0.727023184 0.0557687879 1
vt 0.911975861 0.869627595 1
vt 0.741979897 0.0615493059 1
vt 0.919730186 0.863572776 1
vt 0.733635962 0.0563364625 1
vt 0.427525342 0.862061858 1
vt 0.422065824 0.862538159 1
vt 0.0792522952 0.142482698 1
vt 0.0846865401 0.143195271 1
vt 0.420451164 0.84926796 1
vt 0.417404771 0.851382673 1
vt 0.0741145983 0.153424859 1
vt 0.0770672187 0.155670047 1
vt 0.412950903 0.841653943 1
vt 0.411340266 0.845475495 1
vt 0.0692443773 0.162951648 1
vt 0.0678006411 0.159063578 1
vt 0.405538201 0.839831233 1
vt 0.405683964 0.843397677 1
vt 0.0620601065 0.160894692 1
vt 0.0617591925 0.164451122 1
vt 0.395944715 0.843480229 1
vt 0.397401273 0.84695071 1
vt 0.0539380983 0.156985164 1
vt 0.0523326732 0.160388649 1
vt 0.385786295 0.853796124 1
vt 0.391379625 0.855960548 1
vt 0.0426300317 0.149640441 1
vt 0.0483116619 0.147721291 1
vt 0.401110649 0.858300269 1
vt 0.058134757 0.145806849 1
vt 0.411856681 0.860510767 1
vt 0.068964988 0.144065022 1
vt 0.158743531 0.592614293 1
vt 0.158109143 0.569484711 1
vt 0.159076005 0.636925697 1
vt 0.159343943 0.614154816 1
vt 0.180928633 0.594093442 1
vt 0.189019293 0.576668382 1
vt 0.190346211 0.629609883 1
vt 0.182531878 0.612690091 1
vt 0.199957058 0.598346114 1
vt 0.208946973 0.586714268 1
vt 0.21069698 0.619408488 1
vt 0.204278767 0.608204246 1
vt 0.103321552 0.102261066 1
vt 0.120641574 0.103191793 1
vt 0.12485186 0.0844457746 1
vt 0.110847838 0.0818254352 1
vt 0.10323593 0.12038058 1
vt 0.110904247 0.14118731 1
vt 0.12482769 0.138249874 1
vt 0.120206125 0.119548857 1
vt 0.13214536 0.231326401 1
vt 0.113877252 0.233331382 1
vt 0.113989346 0.268248796 1
vt 0.13297686 0.271075428 1
vt 0.132172748 0.974837482 1
vt 0.133064762 0.935086608 1
vt 0.11407546 0.937876999 1
vt 0.113910422 0.972800076 1
vt 0.490499854 0.58101356 1
vt 0.452941924 0.576655269 1
vt 0.52836138 0.581167817 1
vt 0.566244543 0.576966763 1
vt 0.123252943 0.30694437 1
vt 0.104632109 0.300979614 1
vt 0.123402178 0.899194896 1
vt 0.10477259 0.905119538 1
vt 0.106435195 0.345385134 1
vt 0.0861903951 0.332756579 1
vt 0.106670029 0.860724151 1
vt 0.0863841176 0.87329334 1
vt 0.0672587454 0.363228917 1
vt 0.089476712 0.372648299 1
vt 0.0675236285 0.842762828 1
vt 0.0897859707 0.833428204 1
vt 0.0528266393 0.392087281 1
vt 0.0736143589 0.400709331 1
vt 0.0518714599 0.814686894 1
vt 0.0740088448 0.805346489 1
vt 0.0343769602 0.422326028 1
vt 0.0577405281 0.430943191 1
vt 0.0354793482 0.78583622 1
vt 0.0581739955 0.775136828 1
vt 0.0886815488 0.444588602 1
vt 0.0891405046 0.761477947 1
vt 0.455194175 0.596257448 1
vt 0.490541935 0.603111506 1
vt 0.528261065 0.603118479 1
vt 0.563793361 0.596444726 1
vt 0.491507649 0.625373721 1
vt 0.455636978 0.614840865 1
vt 0.527263343 0.625316978 1
vt 0.563216329 0.61496824 1
vt 0.452814579 0.625573635 1
vt 0.473853618 0.642178059 1
vt 0.544817805 0.64220345 1
vt 0.56596601 0.625720143 1
vt 0.489225537 0.663990796 1
vt 0.499801368 0.656260729 1
vt 0.518967927 0.656385779 1
vt 0.529498875 0.664132953 1
vt 0.497689337 0.692613363 1
vt 0.504991472 0.691373706 1
vt 0.513515949 0.691453218 1
vt 0.520803332 0.692743778 1
vt 0.500903904 0.723433733 1
vt 0.50587064 0.723740339 1
vt 0.51226896 0.723787725 1
vt 0.517246366 0.723510087 1
vt 0.504386127 0.746668816 1
vt 0.49904269 0.744935095 1
vt 0.513644159 0.746668339 1
vt 0.51900363 0.744952679 1
vt 0.501277089 0.788876116 1
vt 0.488613844 0.773521721 1
vt 0.516780555 0.788858414 1
vt 0.529437065 0.773492038 1
vt 0.469808906 0.792058706 1
vt 0.472959191 0.806787491 1
vt 0.545113623 0.80674094 1
vt 0.54824847 0.792007804 1
vt 0.437341422 0.815009713 1
vt 0.436282516 0.799640238 1
vt 0.580750108 0.814897537 1
vt 0.581784368 0.799528658 1
vt 0.298319906 0.324831784 1
vt 0.334221393 0.307231724 1
vt 0.325367212 0.294633627 1
vt 0.294138461 0.308414161 1
vt 0.298439026 0.881699443 1
vt 0.294219553 0.898108721 1
vt 0.325403094 0.911979675 1
vt 0.334291995 0.899404168 1
vt 0.250601083 0.330714881 1
vt 0.257585555 0.309778214 1
vt 0.250750959 0.875667453 1
vt 0.257687896 0.896633029 1
vt 0.168357834 0.252114654 1
vt 0.179663345 0.246518493 1
vt 0.177468374 0.210141659 1
vt 0.166556388 0.212308526 1
vt 0.168417349 0.954108059 1
vt 0.166558906 0.993909001 1
vt 0.177468374 0.99609375 1
vt 0.179716453 0.95972383 1
vt 0.182340816 0.287563682 1
vt 0.19661139 0.277012467 1
vt 0.182447359 0.918684959 1
vt 0.196702406 0.92926532 1
vt 0.213569298 0.316856265 1
vt 0.225389481 0.298621595 1
vt 0.213704959 0.889442086 1
vt 0.225491881 0.907706738 1
vt 0.149901971 0.2211622 1
vt 0.153531179 0.260622442 1
vt 0.149916261 0.985028684 1
vt 0.153601751 0.945575595 1
vt 0.170833841 0.301297486 1
vt 0.170964628 0.904925764 1
vt 0.202370837 0.331667781 1
vt 0.20254077 0.874600172 1
vt 0.157976627 0.316834509 1
vt 0.158137992 0.889362276 1
vt 0.191369593 0.34697789 1
vt 0.191575468 0.859260082 1
vt 0.249487177 0.355189562 1
vt 0.249681801 0.851183534 1
vt 0.232574552 0.368625462 1
vt 0.232799515 0.837698638 1
vt 0.145427465 0.335101783 1
vt 0.145632043 0.871067762 1
vt 0.12711063 0.360601902 1
vt 0.127374038 0.845534146 1
vt 0.113013804 0.388720274 1
vt 0.113352962 0.817383528 1
vt 0.10119383 0.414211094 1
vt 0.101607136 0.791862249 1
vt 0.178100064 0.361295402 1
vt 0.178342104 0.844911277 1
vt 0.212034836 0.388216496 1
vt 0.212306559 0.818045139 1
vt 0.474520743 0.834620535 1
vt 0.50022471 0.832516909 1
vt 0.517895997 0.832524776 1
vt 0.543606639 0.834573627 1
vt 0.441176921 0.83565706 1
vt 0.576955557 0.835549653 1
vt 0.745815575 0.880064607 1
vt 0.71735245 0.889370143 1
vt 0.724265993 0.895928442 1
vt 0.751920938 0.889052093 1
vt 0.614123523 0.794363618 1
vt 0.608018458 0.803350806 1
vt 0.635673463 0.810228169 1
vt 0.642587304 0.803669691 1
vt 0.775792718 0.877761483 1
vt 0.763475955 0.868802845 1
vt 0.584148526 0.792057872 1
vt 0.596465468 0.783099771 1
vt 0.796760023 0.860732555 1
vt 0.78003633 0.852875113 1
vt 0.563180983 0.77502799 1
vt 0.579906285 0.767171562 1
vt 0.816837907 0.8308568 1
vt 0.794656634 0.82725805 1
vt 0.543105543 0.74515146 1
vt 0.565286756 0.741553724 1
vt 0.824334383 0.797639251 1
vt 0.802108049 0.798870146 1
vt 0.5578385 0.71316582 1
vt 0.535612226 0.711933374 1
vt 0.819143593 0.76376307 1
vt 0.800547063 0.768926978 1
vt 0.559401453 0.683223367 1
vt 0.540803611 0.678058267 1
vt 0.804888904 0.736071229 1
vt 0.787732661 0.745602369 1
vt 0.555059671 0.650367439 1
vt 0.572215617 0.659899056 1
vt 0.780834854 0.713092685 1
vt 0.767778575 0.724084973 1
vt 0.59216845 0.638380885 1
vt 0.57911092 0.627388954 1
vt 0.756010294 0.693468332 1
vt 0.744758427 0.703996956 1
vt 0.615186751 0.61829257 1
vt 0.603934288 0.607763886 1
vt 0.730857015 0.672473907 1
vt 0.725005627 0.686311603 1
vt 0.634937763 0.600605607 1
vt 0.629085362 0.58676821 1
vt 0.707469821 0.662204027 1
vt 0.700591743 0.674798369 1
vt 0.659348249 0.589088976 1
vt 0.652470171 0.576494217 1
vt 0.678724885 0.656204283 1
vt 0.677082539 0.66542685 1
vt 0.682856679 0.57971555 1
vt 0.681213975 0.570493579 1
vt 0.696837187 0.905373216 1
vt 0.693256497 0.896746993 1
vt 0.663101375 0.819674134 1
vt 0.666682899 0.811048269 1
vt 0.678724885 0.916240454 1
vt 0.674978077 0.907395005 1
vt 0.681213975 0.830544293 1
vt 0.684960783 0.821698546 1
vt 0.750949919 0.841818154 1
vt 0.739612758 0.855032206 1
vt 0.620328248 0.769330502 1
vt 0.60899502 0.756126821 1
vt 0.727447093 0.830972493 1
vt 0.719085693 0.844769478 1
vt 0.702934027 0.821004152 1
vt 0.695130646 0.832099319 1
vt 0.640856028 0.759068608 1
vt 0.66481173 0.746399879 1
vt 0.657009423 0.735304832 1
vt 0.632496178 0.745270967 1
vt 0.726691782 0.866840839 1
vt 0.633248091 0.781139731 1
vt 0.709906697 0.856748402 1
vt 0.650034726 0.771048546 1
vt 0.689372838 0.842265069 1
vt 0.670569122 0.756566107 1
vt 0.762163639 0.82153666 1
vt 0.597779393 0.73583281 1
vt 0.734246135 0.816022098 1
vt 0.625696957 0.730319619 1
vt 0.709160268 0.810032904 1
vt 0.650784016 0.724332631 1
vt 0.767818451 0.797183216 1
vt 0.592127442 0.711479783 1
vt 0.765231609 0.77537328 1
vt 0.594715297 0.689670086 1
vt 0.758444846 0.754756451 1
vt 0.601502836 0.669052839 1
vt 0.744823873 0.736553907 1
vt 0.615122736 0.650849819 1
vt 0.70682919 0.877773583 1
vt 0.653110683 0.792073548 1
vt 0.687053978 0.885035396 1
vt 0.672885954 0.799337268 1
vt 0.669403315 0.89217931 1
vt 0.690536141 0.806484401 1
vt 0.669447124 0.679619551 1
vt 0.690549135 0.688691854 1
vt 0.669392228 0.60298121 1
vt 0.690493286 0.593907118 1
vt 0.710349858 0.701927423 1
vt 0.649593294 0.61622113 1
vt 0.727367222 0.718125105 1
vt 0.632578373 0.632421255 1
vt 0.73751384 0.796566725 1
vt 0.622431934 0.710863948 1
vt 0.711507082 0.7976982 1
vt 0.648437977 0.71199739 1
vt 0.735558093 0.77870065 1
vt 0.624388576 0.692997456 1
vt 0.709450006 0.782638609 1
vt 0.650494814 0.696936965 1
vt 0.732135832 0.761664331 1
vt 0.62781167 0.675961733 1
vt 0.707578421 0.768420458 1
vt 0.652368426 0.6827178 1
vt 0.723026931 0.744647264 1
vt 0.636919737 0.658944249 1
vt 0.702993214 0.753265679 1
vt 0.656952322 0.667561531 1
vt 0.711558521 0.728548944 1
vt 0.6483863 0.642844439 1
vt 0.694718778 0.739723921 1
vt 0.665225625 0.654017806 1
vt 0.697205424 0.713442147 1
vt 0.662738621 0.627735019 1
vt 0.682732821 0.727657437 1
vt 0.677210927 0.641949594 1
vt 0.680011392 0.70320034 1
vt 0.679930091 0.617489457 1
vt 0.669015527 0.715543389 1
vt 0.690926433 0.629833221 1
vt 0.661463797 0.693191051 1
vt 0.698476911 0.607480407 1
vt 0.65441829 0.707234383 1
vt 0.705523431 0.621525168 1
vt 0.67864722 0.870638967 1
vt 0.663754702 0.877491474 1
vt 0.696185589 0.791798353 1
vt 0.681293249 0.784943163 1
vt 0.671066999 0.856914401 1
vt 0.659183562 0.862403452 1
vt 0.700756669 0.776710808 1
vt 0.688874483 0.771219373 1
vt 0.696982682 0.865314603 1
vt 0.66295737 0.779615641 1
vt 0.682141423 0.85000515 1
vt 0.677800119 0.764308929 1
vt 0.381838769 0.775700271 1
vt 0.387925655 0.787904859 1
vt 0.394058704 0.78440392 1
vt 0.388796747 0.773424864 1
vt 0.358700424 0.314332962 1
vt 0.360973448 0.307374597 1
vt 0.3499915 0.302117169 1
vt 0.346494019 0.30825156 1
vt 0.381748587 0.758065939 1
vt 0.389737129 0.761026621 1
vt 0.376333714 0.314419448 1
vt 0.373371899 0.306431055 1
vt 0.391972691 0.741655767 1
vt 0.397675723 0.748181105 1
vt 0.39274168 0.304198444 1
vt 0.386217117 0.298493385 1
vt 0.407533377 0.732454419 1
vt 0.41131714 0.741421938 1
vt 0.40194717 0.28864032 1
vt 0.392980009 0.284855783 1
vt 0.422313571 0.739794612 1
vt 0.424584776 0.732454419 1
vt 0.40194717 0.271588564 1
vt 0.39460659 0.273860693 1
vt 0.439271361 0.741508663 1
vt 0.432662368 0.74625349 1
vt 0.392885864 0.256904602 1
vt 0.388144195 0.263514519 1
vt 0.439694196 0.757890522 1
vt 0.447040379 0.754624188 1
vt 0.379766345 0.249139965 1
vt 0.37650308 0.256487012 1
vt 0.442452908 0.769637346 1
vt 0.449795604 0.770575762 1
vt 0.363813967 0.246389985 1
vt 0.364753366 0.253731191 1
vt 0.439151704 0.778951049 1
vt 0.445087284 0.783119142 1
vt 0.351270407 0.251098871 1
vt 0.355438203 0.257034481 1
vt 0.430122048 0.787066817 1
vt 0.435097992 0.792134166 1
vt 0.342252672 0.261085331 1
vt 0.347318769 0.266061962 1
vt 0.420098573 0.791755199 1
vt 0.421568513 0.797416687 1
vt 0.336967409 0.274614573 1
vt 0.342629522 0.276083946 1
vt 0.409329534 0.799382031 1
vt 0.409782797 0.793315589 1
vt 0.335005194 0.286854327 1
vt 0.341071486 0.286398768 1
vt 0.401107103 0.791619301 1
vt 0.398461699 0.796712577 1
vt 0.337679029 0.29772085 1
vt 0.342771322 0.295072913 1
vt 0.417914003 0.777560711 1
vt 0.42890501 0.774360597 1
vt 0.356828094 0.278264582 1
vt 0.360029608 0.267276943 1
vt 0.405198961 0.781465411 1
vt 0.352925271 0.290977597 1
vt 0.401529402 0.769979239 1
vt 0.364415228 0.294641614 1
vt 0.413922369 0.76531297 1
vt 0.369081259 0.282251656 1
vt 0.425271183 0.762140632 1
vt 0.372253835 0.270906866 1
vt 0.41848278 0.749485195 1
vt 0.384914637 0.277691066 1
vt 0.406377316 0.754240155 1
vt 0.380157679 0.289793015 1
vt 0.39777863 0.761385798 1
vt 0.373010606 0.298390329 1
vt 0.116289854 0.470906734 1
vt 0.116798125 0.735179067 1
vt 0.126695722 0.437313735 1
vt 0.127143621 0.768775105 1
vt 0.142300621 0.406991959 1
vt 0.142666429 0.799139738 1
vt 0.159116119 0.381501615 1
vt 0.159411326 0.824669719 1
vt 0.322412848 0.343919516 1
vt 0.349314809 0.322744548 1
vt 0.349421799 0.883932412 1
vt 0.322573423 0.862678349 1
vt 0.515610099 0.877327561 1
vt 0.544524193 0.863914132 1
vt 0.502574742 0.87735486 1
vt 0.47366026 0.863967121 1
vt 0.572222292 0.863276124 1
vt 0.445960075 0.86337477 1
vt 0.369221747 0.863650918 1
vt 0.350521088 0.841457367 1
vt 0.35030365 0.36522764 1
vt 0.369060844 0.343081713 1
vt 0.471527249 0.87526691 1
vt 0.490966946 0.887973726 1
vt 0.527243137 0.887925088 1
vt 0.546670914 0.875210583 1
vt 0.360829055 0.371386647 1
vt 0.375620693 0.353072345 1
vt 0.375808448 0.85367775 1
vt 0.361066341 0.83532846 1
vt 0.445714086 0.875354767 1
vt 0.572486997 0.875254989 1
vt 0.499923319 0.909320593 1
vt 0.505336285 0.907578468 1
vt 0.512933195 0.907564819 1
vt 0.518355906 0.909285843 1
vt 0.340109408 0.401582897 1
vt 0.354938745 0.40202415 1
vt 0.340414315 0.80508399 1
vt 0.355251759 0.80469501 1
vt 0.354194105 0.438085079 1
vt 0.365366966 0.43468529 1
vt 0.354619116 0.768654883 1
vt 0.365786225 0.772083879 1
vt 0.370429307 0.475184619 1
vt 0.38128829 0.467888415 1
vt 0.371014833 0.7316432 1
vt 0.381850928 0.738944292 1
vt 0.391678065 0.509352446 1
vt 0.400798887 0.502893865 1
vt 0.401497841 0.703850746 1
vt 0.392397165 0.697433352 1
vt 0.41166997 0.539624333 1
vt 0.419711173 0.532834828 1
vt 0.420479655 0.673710763 1
vt 0.41244328 0.66699779 1
vt 0.421507031 0.56549871 1
vt 0.432296962 0.557307243 1
vt 0.421987653 0.640717387 1
vt 0.432770342 0.648852944 1
vt 0.440158159 0.596882582 1
vt 0.4471986 0.580774903 1
vt 0.439976305 0.609220922 1
vt 0.447418392 0.625150323 1
vt 0.504077137 0.980512619 1
vt 0.506334186 0.954864979 1
vt 0.499903113 0.953256965 1
vt 0.488163561 0.974283099 1
vt 0.514635384 0.980463266 1
vt 0.530517101 0.97412926 1
vt 0.518614829 0.953199148 1
vt 0.512195587 0.954856277 1
vt 0.506196916 0.931482375 1
vt 0.50229007 0.931269944 1
vt 0.516097784 0.931230605 1
vt 0.512190163 0.931461453 1
vt 0.283384502 0.346083343 1
vt 0.297884405 0.366828024 1
vt 0.298098028 0.839696407 1
vt 0.283554554 0.860395968 1
vt 0.320524037 0.379234314 1
vt 0.32076931 0.827365398 1
vt 0.316058874 0.41639477 1
vt 0.316393465 0.790203273 1
vt 0.331225067 0.452322662 1
vt 0.331669599 0.754355848 1
vt 0.354011148 0.48498565 1
vt 0.35459432 0.721820593 1
vt 0.375533313 0.518069506 1
vt 0.376222938 0.688868046 1
vt 0.391362637 0.55061245 1
vt 0.392067611 0.656369567 1
vt 0.405647248 0.573706865 1
vt 0.406149715 0.632805467 1
vt 0.412050396 0.595967114 1
vt 0.411870927 0.610108852 1
vt 0.381765991 0.581419587 1
vt 0.389819175 0.596572042 1
vt 0.390207797 0.609530747 1
vt 0.382713348 0.62571311 1
vt 0.370556653 0.558640122 1
vt 0.371260881 0.648249745 1
vt 0.283874571 0.385227442 1
vt 0.284126699 0.821253657 1
vt 0.264177918 0.399168074 1
vt 0.264458686 0.807249784 1
vt 0.29159072 0.430366814 1
vt 0.291949034 0.776153684 1
vt 0.314298838 0.464612484 1
vt 0.314767301 0.742014647 1
vt 0.847160637 0.0619933605 1
vt 0.833012938 0.0790278316 1
vt 0.842550159 0.0844470859 1
vt 0.857057035 0.0663153529 1
vt 0.896231413 0.718348682 1
vt 0.886335313 0.72267139 1
vt 0.900843322 0.740803719 1
vt 0.910379767 0.735384107 1
vt 0.863724053 0.0906279683 1
vt 0.874971211 0.0734671354 1
vt 0.868420959 0.72982353 1
vt 0.879671037 0.746984005 1
vt 0.887797058 0.0980552435 1
vt 0.895088613 0.0831947923 1
vt 0.908002257 0.105761409 1
vt 0.912594676 0.0918557048 1
vt 0.855598509 0.754412055 1
vt 0.848304212 0.739552617 1
vt 0.830798686 0.748214722 1
vt 0.835391939 0.762119055 1
vt 0.892901719 0.273249865 1
vt 0.911715984 0.285204828 1
vt 0.916991949 0.27655375 1
vt 0.902713716 0.264547169 1
vt 0.850473285 0.929602504 1
vt 0.840661347 0.920899868 1
vt 0.826387048 0.93290925 1
vt 0.831664085 0.941559792 1
vt 0.911715984 0.00390625 1
vt 0.895412743 0.0186193585 1
vt 0.900024712 0.0241189599 1
vt 0.917741716 0.0119265914 1
vt 0.831664085 0.660268545 1
vt 0.825638652 0.668289423 1
vt 0.84335804 0.680480421 1
vt 0.847969711 0.674980104 1
vt 0.877539933 0.0299338102 1
vt 0.884667695 0.0360884666 1
vt 0.858719051 0.692447186 1
vt 0.865845263 0.686292768 1
vt 0.860742807 0.0425951481 1
vt 0.869912982 0.0505030751 1
vt 0.882645309 0.698951006 1
vt 0.873477221 0.706859708 1
vt 0.819291174 0.104382217 1
vt 0.832348645 0.105766714 1
vt 0.92410332 0.760740936 1
vt 0.91104579 0.762123823 1
vt 0.883056164 0.251467049 1
vt 0.874694228 0.258003056 1
vt 0.868681014 0.914357245 1
vt 0.860319734 0.907820582 1
vt 0.867525458 0.233435869 1
vt 0.8588503 0.239020765 1
vt 0.884526789 0.895377398 1
vt 0.875850976 0.88979131 1
vt 0.854807615 0.215074718 1
vt 0.846048057 0.220547557 1
vt 0.897330403 0.876906037 1
vt 0.88857156 0.871431887 1
vt 0.830609262 0.195779324 1
vt 0.841042995 0.191298544 1
vt 0.912774563 0.852140605 1
vt 0.902342141 0.847658157 1
vt 0.819484293 0.164236605 1
vt 0.831539631 0.162574112 1
vt 0.923904777 0.820597887 1
vt 0.91185081 0.818934441 1
vt 0.816072464 0.133636773 1
vt 0.829607368 0.132357538 1
vt 0.927318156 0.789997339 1
vt 0.913784742 0.788716733 1
vt 0.857566178 0.109431326 1
vt 0.885830402 0.765787601 1
vt 0.886143506 0.116042733 1
vt 0.857252419 0.77239871 1
vt 0.908053935 0.118772984 1
vt 0.835341454 0.775129318 1
vt 0.859165907 0.132491171 1
vt 0.884227574 0.788848102 1
vt 0.890103817 0.132635057 1
vt 0.853290915 0.788991034 1
vt 0.909625173 0.133194685 1
vt 0.833766699 0.789548934 1
vt 0.860910416 0.156737685 1
vt 0.882480383 0.813095927 1
vt 0.890730202 0.15127188 1
vt 0.852660894 0.807627201 1
vt 0.912458539 0.147507787 1
vt 0.83093226 0.803860128 1
vt 0.896644592 0.169071198 1
vt 0.912906528 0.164516747 1
vt 0.830480754 0.820868313 1
vt 0.846742451 0.825424552 1
vt 0.868139386 0.179652512 1
vt 0.875246286 0.836008668 1
vt 0.879368424 0.201543391 1
vt 0.864011824 0.857898116 1
vt 0.904335439 0.189236701 1
vt 0.839047074 0.845588684 1
vt 0.921682298 0.181819141 1
vt 0.821701169 0.838169038 1
vt 0.891606688 0.218946218 1
vt 0.851771832 0.875299692 1
vt 0.912737012 0.206290901 1
vt 0.83064276 0.862642646 1
vt 0.926250994 0.197886348 1
vt 0.81712997 0.85423702 1
vt 0.884868145 0.0579137206 1
vt 0.858521879 0.714271426 1
vt 0.902465522 0.0692552924 1
vt 0.840925395 0.725614905 1
vt 0.919170856 0.0792756677 1
vt 0.824220419 0.735636353 1
vt 0.893520534 0.0454116464 1
vt 0.84986639 0.701771617 1
vt 0.909198225 0.0346195102 1
vt 0.834186852 0.69098109 1
vt 0.926749766 0.0248585939 1
vt 0.816633582 0.68122232 1
vt 0.927431524 0.264061749 1
vt 0.916743875 0.251312137 1
vt 0.826631367 0.907665133 1
vt 0.815947354 0.920416474 1
vt 0.903893828 0.23544991 1
vt 0.839482903 0.891801715 1
vt 0.911767423 0.0586361289 1
vt 0.831621587 0.714996994 1
vt 0.925967276 0.0688769817 1
vt 0.817422152 0.725239396 1
vt 0.920546651 0.222253025 1
vt 0.933359861 0.212597907 1
vt 0.810020328 0.868949294 1
vt 0.822831154 0.878605247 1
vt 0.930710435 0.237144351 1
vt 0.942531049 0.224515498 1
vt 0.812667012 0.893497288 1
vt 0.800848663 0.880867422 1
vt 0.941634893 0.246126831 1
vt 0.80174315 0.902480543 1
vt 0.95067817 0.233060241 1
vt 0.792700827 0.889410973 1
vt 0.92513293 0.0488152504 1
vt 0.818253875 0.705178201 1
vt 0.940742552 0.0423354506 1
vt 0.802642763 0.698700488 1
vt 0.935462475 0.0603885055 1
vt 0.807925761 0.716752231 1
vt 0.949394405 0.0553905964 1
vt 0.793992877 0.711756587 1
vt 0.259749085 0.254011512 1
vt 0.259749085 0.239377439 1
vt 0.250270218 0.240020871 1
vt 0.250181079 0.252480447 1
vt 0.264890134 0.265700579 1
vt 0.274458259 0.264169812 1
vt 0.274369329 0.251710176 1
vt 0.264890134 0.251066327 1
vt 0.246842861 0.259827793 1
vt 0.253104895 0.266127884 1
vt 0.271534503 0.277816892 1
vt 0.277796507 0.27151674 1
vt 0.238650069 0.265398741 1
vt 0.240033939 0.27478385 1
vt 0.284606427 0.286471486 1
vt 0.285989732 0.277086139 1
vt 0.225661218 0.269052863 1
vt 0.22490105 0.277414262 1
vt 0.299739242 0.289100111 1
vt 0.298978657 0.280738711 1
vt 0.214318037 0.26750803 1
vt 0.211779967 0.275418401 1
vt 0.312859893 0.28710264 1
vt 0.310321897 0.279192865 1
vt 0.200283423 0.268550992 1
vt 0.205826461 0.262220204 1
vt 0.324356169 0.280235529 1
vt 0.318813592 0.273903966 1
vt 0.193492517 0.254088759 1
vt 0.202454433 0.253767908 1
vt 0.331148267 0.265773296 1
vt 0.32218641 0.265452504 1
vt 0.201578334 0.240347624 1
vt 0.190879777 0.241895616 1
vt 0.323063493 0.252032161 1
vt 0.333762258 0.253580034 1
vt 0.203269407 0.229183555 1
vt 0.194958135 0.226484954 1
vt 0.32968387 0.238169491 1
vt 0.32137236 0.240868032 1
vt 0.210309073 0.222084045 1
vt 0.207095742 0.214792669 1
vt 0.317544222 0.226477981 1
vt 0.314331681 0.233770132 1
vt 0.221079916 0.218470752 1
vt 0.223921105 0.210666001 1
vt 0.30071795 0.222354293 1
vt 0.303559989 0.230158329 1
vt 0.237515569 0.219736099 1
vt 0.243290246 0.213092208 1
vt 0.281348944 0.224782407 1
vt 0.287123799 0.231425583 1
vt 0.2476715 0.228314698 1
vt 0.254584342 0.225707471 1
vt 0.270054907 0.237397313 1
vt 0.276967853 0.240004241 1
vt 0.239049643 0.253949404 1
vt 0.239454612 0.241837561 1
vt 0.285590023 0.265637398 1
vt 0.285185277 0.253526151 1
vt 0.225501016 0.254380763 1
vt 0.299139291 0.26606667 1
vt 0.228567943 0.241089642 1
vt 0.296072543 0.252777398 1
vt 0.21234268 0.25443989 1
vt 0.312297851 0.266124129 1
vt 0.214129016 0.240745544 1
vt 0.310512155 0.252430618 1
vt 0.217867658 0.228701174 1
vt 0.306773156 0.240387857 1
vt 0.231231928 0.228595614 1
vt 0.293407977 0.240283966 1
vt 0.240988374 0.232395291 1
vt 0.283651292 0.244084179 1
vt 0.239934355 0.415712893 1
vt 0.240251645 0.790622711 1
vt 0.267695993 0.446185589 1
vt 0.268085599 0.760252833 1
vt 0.293275476 0.478245795 1
vt 0.293797672 0.728302002 1
vt 0.130860955 0.0699033737 1
vt 0.123816058 0.0638076663 1
vt 0.124102741 0.158957601 1
vt 0.131044969 0.152751267 1
vt 0.141534105 0.0468403101 1
vt 0.147775784 0.0542552471 1
vt 0.141999289 0.175710261 1
vt 0.148155153 0.168242574 1
vt 0.164882734 0.0345757008 1
vt 0.1626295 0.0465002656 1
vt 0.165446833 0.187812626 1
vt 0.16308479 0.175902784 1
vt 0.185490027 0.0409302115 1
vt 0.175101787 0.0507335663 1
vt 0.186013862 0.181322455 1
vt 0.175525606 0.171592712 1
vt 0.190351591 0.0592455864 1
vt 0.200841606 0.0517235994 1
vt 0.201314509 0.170463741 1
vt 0.190752938 0.16301477 1
vt 0.201374337 0.0723371506 1
vt 0.212369353 0.0652783513 1
vt 0.201721832 0.149861395 1
vt 0.212746367 0.156857908 1
vt 0.21125102 0.0866239071 1
vt 0.222062826 0.0836474299 1
vt 0.211494908 0.135478139 1
vt 0.22229448 0.138497055 1
vt 0.226934969 0.101764679 1
vt 0.214336351 0.102405488 1
vt 0.226625025 0.120391071 1
vt 0.215103284 0.119057715 1
vt 0.162279725 0.0593643188 1
vt 0.162630305 0.163048208 1
vt 0.147607625 0.0733688474 1
vt 0.147799999 0.149150491 1
vt 0.140203908 0.0887777209 1
vt 0.140158936 0.133879483 1
vt 0.138568029 0.10394752 1
vt 0.138339058 0.118872941 1
vt 0.159214944 0.104415417 1
vt 0.16135703 0.0916284323 1
vt 0.161502585 0.130934119 1
vt 0.159251735 0.118326783 1
vt 0.180683896 0.10467869 1
vt 0.180055201 0.0948052406 1
vt 0.180335462 0.127644181 1
vt 0.1810835 0.117811143 1
vt 0.20212914 0.103294492 1
vt 0.198449433 0.0910941958 1
vt 0.202892706 0.118983328 1
vt 0.198765069 0.131049812 1
vt 0.178551853 0.0674669743 1
vt 0.178918466 0.15486753 1
vt 0.189366013 0.0786194205 1
vt 0.1897154 0.143648386 1
vt 0.166435182 0.079303205 1
vt 0.166686058 0.143167794 1
vt 0.1788885 0.0845112801 1
vt 0.179164529 0.137880802 1
vt 0.204718947 0.0331581831 1
vt 0.198201224 0.0211951137 1
vt 0.198927462 0.200948894 1
vt 0.205350533 0.188953161 1
vt 0.228661895 0.029653132 1
vt 0.230660126 0.0167321563 1
vt 0.231465861 0.205152452 1
vt 0.229352564 0.192259073 1
vt 0.256606519 0.031005621 1
vt 0.249649987 0.0436604619 1
vt 0.257306397 0.190687597 1
vt 0.250233352 0.178095579 1
vt 0.278011322 0.0558997989 1
vt 0.266309917 0.0630628467 1
vt 0.278506547 0.165659606 1
vt 0.266705573 0.158595681 1
vt 0.279017508 0.0837197304 1
vt 0.289087564 0.0788350701 1
vt 0.289384216 0.142710447 1
vt 0.279293507 0.137861133 1
vt 0.282999337 0.102118075 1
vt 0.294933051 0.100870073 1
vt 0.283516586 0.118741691 1
vt 0.294487447 0.120576382 1
vt 0.239928767 0.102606952 1
vt 0.235240653 0.0836272836 1
vt 0.240156442 0.119523525 1
vt 0.235513017 0.138157129 1
vt 0.263471544 0.0849424601 1
vt 0.267469287 0.102412403 1
vt 0.268188477 0.119176626 1
vt 0.263852358 0.136652589 1
vt 0.255681336 0.0684069395 1
vt 0.25608474 0.153278649 1
vt 0.213261738 0.0459842682 1
vt 0.213819787 0.176078081 1
vt 0.227114707 0.0440879464 1
vt 0.227699399 0.177837551 1
vt 0.240686074 0.0536808372 1
vt 0.241204754 0.168120146 1
vt 0.224209502 0.062318027 1
vt 0.224675372 0.159656882 1
vt 0.248757601 0.0853635669 1
vt 0.252443314 0.10258621 1
vt 0.252981335 0.119308472 1
vt 0.249129832 0.136410475 1
vt 0.24450101 0.0717915893 1
vt 0.244864121 0.149943709 1
vt 0.268556148 0.0293294787 1
vt 0.25389564 0.0163497925 1
vt 0.254724562 0.205351591 1
vt 0.269290477 0.19226104 1
vt 0.282144159 0.0276244283 1
vt 0.278985858 0.0163513422 1
vt 0.279828787 0.205146492 1
vt 0.282901824 0.193854928 1
vt 0.0227062181 0.209269524 1
vt 0.0175397359 0.219749033 1
vt 0.0339443721 0.230159521 1
vt 0.0344224572 0.220645726 1
vt 0.087691322 0.209269524 1
vt 0.0759226158 0.220602393 1
vt 0.076292567 0.230165541 1
vt 0.0927468464 0.219820201 1
vt 0.0486767925 0.225144565 1
vt 0.0480604321 0.235543489 1
vt 0.0617265813 0.224996984 1
vt 0.0622579157 0.235647798 1
vt 0.362428755 0.587577343 1
vt 0.370732903 0.597821534 1
vt 0.372818589 0.609229624 1
vt 0.363685161 0.619157314 1
vt 0.355236769 0.576682925 1
vt 0.356129766 0.629982471 1
vt 0.354935169 0.527685523 1
vt 0.355640799 0.679164171 1
vt 0.335057169 0.496189833 1
vt 0.335665315 0.710546732 1
vt 0.225632161 0.585361362 1
vt 0.219049856 0.569062412 1
vt 0.220228031 0.637150884 1
vt 0.227218002 0.620851636 1
vt 0.244079784 0.582927346 1
vt 0.241716579 0.56974721 1
vt 0.242834762 0.636663198 1
vt 0.245423213 0.623394608 1
vt 0.261377364 0.568113089 1
vt 0.262512207 0.582657218 1
vt 0.262423277 0.638374269 1
vt 0.263678789 0.623794258 1
vt 0.289189339 0.577908993 1
vt 0.286985189 0.564326525 1
vt 0.287948757 0.642230034 1
vt 0.290210426 0.628622413 1
vt 0.316829354 0.561460793 1
vt 0.31436041 0.577246785 1
vt 0.31771639 0.645144045 1
vt 0.315303922 0.629328609 1
vt 0.333129287 0.577255964 1
vt 0.334925324 0.558108151 1
vt 0.334045559 0.629351854 1
vt 0.33576408 0.648522258 1
vt 0.315621942 0.508712351 1
vt 0.316297889 0.697932839 1
vt 0.331571579 0.536531329 1
vt 0.332348853 0.670132518 1
vt 0.19000487 0.408132017 1
vt 0.190333739 0.79806006 1
vt 0.215912133 0.432178676 1
vt 0.216273844 0.774068594 1
vt 0.243810996 0.460546613 1
vt 0.244237766 0.74579674 1
vt 0.270839989 0.489729464 1
vt 0.271393746 0.716747522 1
vt 0.295116574 0.519112051 1
vt 0.295835286 0.687475026 1
vt 0.309095442 0.54371953 1
vt 0.309921682 0.662902594 1
vt 0.169163525 0.429144621 1
vt 0.169550657 0.776998043 1
vt 0.193782717 0.449714184 1
vt 0.194194943 0.756451368 1
vt 0.222584918 0.476384282 1
vt 0.223056927 0.72986865 1
vt 0.250707746 0.503020167 1
vt 0.251303345 0.703378677 1
vt 0.271609306 0.528661609 1
vt 0.272364378 0.677858233 1
vt 0.282303184 0.547357678 1
vt 0.283161581 0.659202039 1
vt 0.255619079 0.551457524 1
vt 0.256514549 0.655020237 1
vt 0.23518391 0.55453968 1
vt 0.236099198 0.651828885 1
vt 0.209262162 0.552898705 1
vt 0.210189804 0.653327584 1
vt 0.182650164 0.549708843 1
vt 0.183532313 0.656519771 1
vt 0.154513195 0.543356776 1
vt 0.155026913 0.662649393 1
vt 0.150268182 0.457584202 1
vt 0.150740281 0.748498082 1
vt 0.247635484 0.537226319 1
vt 0.248420939 0.669198215 1
vt 0.229982153 0.517111301 1
vt 0.23061955 0.689207792 1
vt 0.202280015 0.4970029 1
vt 0.202812538 0.709164619 1
vt 0.174122095 0.477778435 1
vt 0.174611583 0.728309989 1
vt 0.137901053 0.489112556 1
vt 0.138431206 0.71693927 1
vt 0.161499575 0.508272827 1
vt 0.162047908 0.697767735 1
vt 0.187814564 0.523819804 1
vt 0.188385084 0.682300568 1
vt 0.213967785 0.53180778 1
vt 0.21470876 0.674453139 1
vt 0.235243514 0.539986014 1
vt 0.236047849 0.666379929 1
vt 0.0360930599 0.249878407 1
vt 0.0481541492 0.254797041 1
vt 0.0620856993 0.254719615 1
vt 0.0742379352 0.249909878 1
vt 0.037034221 0.272919297 1
vt 0.0489838086 0.275805354 1
vt 0.0732004195 0.27283442 1
vt 0.0612377636 0.275709569 1
vt 0.0219844468 0.249291599 1
vt 0.0883288234 0.249254346 1
vt 0.0253584571 0.268500566 1
vt 0.084938474 0.26848644 1
vt 0.290716082 0.0563156605 1
vt 0.291249901 0.165111303 1
vt 0.299945325 0.0794248581 1
vt 0.300237149 0.141837716 1
vt 0.304035962 0.101331532 1
vt 0.303788662 0.120082855 1
vt 0.0495919809 0.293986738 1
vt 0.0373046398 0.291756928 1
vt 0.0606565215 0.29391402 1
vt 0.0729417354 0.291642785 1
vt 0.0386840254 0.309598267 1
vt 0.0493463688 0.311764002 1
vt 0.0609832406 0.311540306 1
vt 0.0716939345 0.309449553 1
vt 0.0390694067 0.322576642 1
vt 0.0498465709 0.323908567 1
vt 0.0713798106 0.32238245 1
vt 0.0605641529 0.323535085 1
vt 0.0392494127 0.335565567 1
vt 0.0495190173 0.339357138 1
vt 0.0613036491 0.339738786 1
vt 0.0710581467 0.335377395 1
vt 0.0275953356 0.28960824 1
vt 0.0826612189 0.289481819 1
vt 0.0287928414 0.307605028 1
vt 0.0815819725 0.307433307 1
vt 0.0302546844 0.320345819 1
vt 0.080199413 0.320168972 1
vt 0.0308022182 0.330568969 1
vt 0.0795597583 0.330416143 1
vt 0.383243769 0.105572999 1
vt 0.394140214 0.104393721 1
vt 0.3880243 0.0937093496 1
vt 0.379255086 0.0958800912 1
vt 0.384203196 0.114282966 1
vt 0.379604578 0.124345005 1
vt 0.388207585 0.126841187 1
vt 0.393758386 0.116183519 1
vt 0.378963262 0.0866429806 1
vt 0.374861717 0.0875083208 1
vt 0.375156969 0.132770002 1
vt 0.379202724 0.133715332 1
vt 0.373429298 0.0768902302 1
vt 0.36926204 0.0797703862 1
vt 0.373800665 0.14349556 1
vt 0.369625628 0.140625358 1
vt 0.357871264 0.0741599798 1
vt 0.364149719 0.0677113533 1
vt 0.358322591 0.146551728 1
vt 0.364680618 0.152840078 1
vt 0.351250589 0.0575853586 1
vt 0.344584882 0.0665683746 1
vt 0.351797253 0.163187683 1
vt 0.345051229 0.154287815 1
vt 0.333964616 0.0474838614 1
vt 0.330949068 0.0606232285 1
vt 0.334588289 0.173422396 1
vt 0.331433743 0.160319269 1
vt 0.314807147 0.0402835011 1
vt 0.313044101 0.0531589985 1
vt 0.313608557 0.167964935 1
vt 0.315512985 0.180824041 1
vt 0.299633861 0.0497863889 1
vt 0.300236881 0.171518981 1
vt 0.319800317 0.10362035 1
vt 0.318813175 0.0865286589 1
vt 0.319045216 0.134516001 1
vt 0.320123166 0.117716134 1
vt 0.369985312 0.105382979 1
vt 0.366608977 0.0943257213 1
vt 0.370344967 0.11535573 1
vt 0.366776586 0.126244366 1
vt 0.351929814 0.10486275 1
vt 0.350829035 0.0924497843 1
vt 0.351921439 0.11585933 1
vt 0.351052135 0.128323197 1
vt 0.333800733 0.0900471807 1
vt 0.336827606 0.104299664 1
vt 0.33416611 0.131001055 1
vt 0.336959004 0.116595209 1
vt 0.315839559 0.0681200027 1
vt 0.316231728 0.152965248 1
vt 0.330488145 0.0740405321 1
vt 0.330832362 0.146927118 1
vt 0.345333725 0.078787148 1
vt 0.34573552 0.14212054 1
vt 0.362712115 0.084461689 1
vt 0.362987339 0.136150599 1
vt 0.0471245013 0.363828719 1
vt 0.0470921397 0.370130002 1
vt 0.04467839 0.375956059 1
vt 0.0401895046 0.3803792 1
vt 0.0343505703 0.382758677 1
vt 0.028057754 0.382717967 1
vt 0.022251308 0.38028115 1
vt 0.0177958589 0.375821948 1
vt 0.0154292574 0.36998266 1
vt 0.0154669276 0.363677859 1
vt 0.0179136973 0.357879281 1
vt 0.0223863702 0.353444934 1
vt 0.0282045584 0.35104692 1
vt 0.0344923101 0.351101935 1
vt 0.0403168201 0.353520989 1
vt 0.0447652899 0.357992947 1
vt 0.052174326 0.371107817 1
vt 0.0522204004 0.362836242 1
vt 0.0490040183 0.378790319 1
vt 0.0430686474 0.384680927 1
vt 0.0353628956 0.387831986 1
vt 0.0270357132 0.38780874 1
vt 0.0194087625 0.384608269 1
vt 0.0135238757 0.37873745 1
vt 0.0103536239 0.370996952 1
vt 0.0103929034 0.362670958 1
vt 0.0136038652 0.354985833 1
vt 0.0194843989 0.349162161 1
vt 0.02716887 0.345964432 1
vt 0.0354865193 0.346010506 1
vt 0.0431303345 0.349188983 1
vt 0.0490493141 0.355099916 1
vt 0.054785192 0.371606767 1
vt 0.0547705293 0.362298489 1
vt 0.0511329733 0.380219996 1
vt 0.0445366465 0.386835217 1
vt 0.0359282494 0.390377462 1
vt 0.0265931468 0.390377462 1
vt 0.0179519635 0.38683188 1
vt 0.011389195 0.380156755 1
vt 0.00780153181 0.37152797 1
vt 0.00782561209 0.36221832 1
vt 0.0114009362 0.353593588 1
vt 0.017986713 0.346968412 1
vt 0.0266738515 0.343453526 1
vt 0.0360404216 0.343412042 1
vt 0.0446113944 0.347046614 1
vt 0.0511863232 0.353676498 1
vt 0.354481608 0.17859906 1
vt 0.372357339 0.160724223 1
vt 0.364155948 0.164120913 1
vt 0.357879072 0.170398057 1
vt 0.354481608 0.187476456 1
vt 0.381234437 0.160724103 1
vt 0.357878625 0.195677817 1
vt 0.389435589 0.164121151 1
vt 0.364155501 0.201954544 1
vt 0.395712525 0.170398295 1
vt 0.372356862 0.205351591 1
vt 0.399109483 0.178599596 1
vt 0.38123408 0.205351591 1
vt 0.399109662 0.187476873 1
vt 0.38943541 0.201954663 1
vt 0.395712346 0.195677936 1
vt 0.0174099207 0.844896317 1
vt 0.0174423419 0.8511976 1
vt 0.0198560916 0.857023478 1
vt 0.0243447982 0.861446738 1
vt 0.0301839598 0.863825917 1
vt 0.0364768393 0.863785446 1
vt 0.0422832184 0.861348748 1
vt 0.0467386134 0.856889546 1
vt 0.0491051525 0.851050138 1
vt 0.0490674861 0.84474504 1
vt 0.0466208942 0.838946581 1
vt 0.0421478562 0.834511995 1
vt 0.0363298655 0.832114339 1
vt 0.0300421659 0.832169414 1
vt 0.0242176596 0.834588349 1
vt 0.0197692476 0.839060307 1
vt 0.0123600308 0.852175117 1
vt 0.0123141473 0.843903542 1
vt 0.0155302249 0.859857559 1
vt 0.021465892 0.865748286 1
vt 0.0291715246 0.868899465 1
vt 0.0374987759 0.868876219 1
vt 0.0451255925 0.865675569 1
vt 0.0510106087 0.85980463 1
vt 0.0541809052 0.852064371 1
vt 0.0541414432 0.843738437 1
vt 0.0509304851 0.836053014 1
vt 0.0450501963 0.830229878 1
vt 0.0373654217 0.827031672 1
vt 0.0290478449 0.827077985 1
vt 0.0214041471 0.830256701 1
vt 0.0154851638 0.836167455 1
vt 0.00974917226 0.852674246 1
vt 0.00976401754 0.843365788 1
vt 0.0134016806 0.861287296 1
vt 0.0199978836 0.867902756 1
vt 0.0286062229 0.871444702 1
vt 0.03794121 0.871444702 1
vt 0.0465823337 0.867899418 1
vt 0.0531452149 0.861224115 1
vt 0.056732811 0.852595448 1
vt 0.0567088686 0.843285799 1
vt 0.053133525 0.834661126 1
vt 0.0465475805 0.828035831 1
vt 0.0378607474 0.824520826 1
vt 0.0284941699 0.824479103 1
vt 0.0199228581 0.828114033 1
vt 0.0133480476 0.834743977 1
vt 0.0365018472 0.205351591 1
vt 0.0447030179 0.201953948 1
vt 0.0509799086 0.195677221 1
vt 0.054376822 0.18747592 1
vt 0.0276247803 0.205351591 1
vt 0.0543768816 0.178598404 1
vt 0.0194233935 0.201954663 1
vt 0.0509796664 0.170397282 1
vt 0.0447026119 0.164120615 1
vt 0.0131465495 0.195677757 1
vt 0.0365012549 0.160723805 1
vt 0.00974917226 0.187476695 1
vt 0.0276243035 0.160723686 1
vt 0.00974917226 0.17859906 1
vt 0.0194229744 0.164121032 1
vt 0.0131462216 0.170398057 1

# 1958 vertex normals
vn -0.00105325016 0.00169884134 -6.78382057e-05
vn -0.000918511476 0.00177143607 0.000135466951
vn -0.000975390431 0.00174250442 -0.000110871159
vn -0.000887750008 0.00178838498 -0.000116529147
vn -0.000803659379 0.00182949903 -8.40620778e-05
vn -0.000735926325 0.00185959099 -1.82977928e-05
vn -0.000694847316 0.0018740833 7.07089712e-05
vn -0.000686702551 0.00187076011 0.000169401406
vn -0.000712737208 0.00185012829 0.0002627371
vn -0.000768911617 0.00181534817 0.000336580386
vn -0.000846768962 0.00177168893 0.000379608071
vn -0.000934405252 0.00172582001 0.000385269319
vn -0.00101849227 0.00168469746 0.000352800387
vn -0.00108623621 0.00165459886 0.000287042407
vn -0.00112730078 0.00164011505 0.000198029884
vn -0.0011354516 0.00164343603 9.93399444e-05
vn -0.00110941962 0.00166407728 5.99911073e-06
vn -0.00105324702 -0.0016988432 -6.78422512e-05
vn -0.000975386123 -0.00174250675 -0.000110873822
vn -0.000918511534 -0.00177143607 0.000135465525
vn -0.000887738715 -0.00178839068 -0.000116528798
vn -0.000803649367 -0.00182950357 -8.40570792e-05
vn -0.000735914626 -0.00185959577 -1.82827007e-05
vn -0.00069484819 -0.00187408295 7.07041036e-05
vn -0.000686700805 -0.00187076267 0.000169380801
vn -0.000712742738 -0.0018501248 0.000262746762
vn -0.000768914877 -0.00181534642 0.000336581666
vn -0.000846779847 -0.00177168322 0.000379609875
vn -0.000934416545 -0.00172581465 0.000385266147
vn -0.00101850217 -0.00168469315 0.000352792587
vn -0.00108623912 -0.00165459793 0.000287037168
vn -0.00112730195 -0.00164011505 0.000198024005
vn -0.00113545102 -0.00164343673 9.93338472e-05
vn -0.00110941764 -0.00166407868 5.99359009e-06
vn -0.00198307796 -0.000258125336 -2.781488e-05
vn -0.00196720357 -0.000248529686 -0.000261426321
vn -0.00183441455 -0.00074543932 -0.000281501736
vn -0.00183553575 -0.000789731857 -8.44544265e-05
vn -0.00198307773 0.000258129003 -2.78165571e-05
vn -0.00183553551 0.000789732556 -8.44540191e-05
vn -0.00183441455 0.000745439553 -0.000281501154
vn -0.00196719565 0.000248489552 -0.000261522888
vn -0.00137035281 0.0014365362 -0.000241861824
vn -0.00139122375 0.00138396223 -0.000386193657
vn -0.00139128952 -0.00138391531 -0.000386123837
vn -0.00137035281 -0.00143653573 -0.000241864167
vn -0.00063534762 0.00181939628 -0.000534912397
vn -0.000688394299 0.00174461177 -0.000694581599
vn -0.000635347678 -0.00181939581 -0.000534914201
vn -0.000688394648 -0.00174461061 -0.000694584043
vn 7.71808336e-05 0.00179819181 -0.000872094708
vn -5.59446162e-05 0.00173331576 -0.000996236224
vn 7.71813357e-05 -0.00179819029 -0.00087209756
vn -5.60478657e-05 -0.00173332368 -0.000996217248
vn 0.000699282275 0.00149266515 -0.00113267626
vn 0.000562139612 0.00146503688 -0.0012400269
vn 0.000699284836 -0.00149266352 -0.00113267696
vn 0.000562191766 -0.0014649654 -0.00124008767
vn 0.00122855848 0.000918652862 -0.00128324656
vn 0.00104378723 0.000898984785 -0.00144994305
vn 0.00122855813 -0.000918652106 -0.00128324726
vn 0.00104378455 -0.000898980594 -0.00144994736
vn 0.00147567736 0.000333900884 -0.00130800903
vn 0.00126339251 0.000305733993 -0.00151998887
vn 0.00147570239 -0.000333810138 -0.00130800367
vn 0.00126341602 -0.000305730471 -0.00151997025
vn -0.00167376851 0.000666596054 -0.000868417847
vn -0.00179956295 0.000237257627 -0.000839811226
vn -0.00179956516 -0.000237249915 -0.000839808316
vn -0.00167376839 -0.000666595355 -0.000868418545
vn -0.00140193268 0.00116281351 -0.000826105359
vn -0.00140193827 -0.00116280769 -0.000826104078
vn -0.0009177631 0.00136135716 -0.00114211102
vn -0.000917763973 -0.00136135635 -0.00114211137
vn -0.000386970729 0.00138954783 -0.0013854279
vn -0.000386971282 -0.00138954655 -0.00138542906
vn 0.000146790815 0.00127593789 -0.00153311319
vn 0.000146826453 -0.00127585744 -0.00153317652
vn 0.000330297189 0.000804605254 -0.001800976
vn 0.000330298033 -0.000804600364 -0.00180097809
vn 0.000402478385 0.000307828566 -0.00193474873
vn 0.000402537204 -0.000307804061 -0.00193474058
vn -0.000544679933 0.000310642208 -0.0018991644
vn -0.000568600837 0.000816561107 -0.00173491251
vn -0.000544744194 -0.000310622243 -0.00189914927
vn -0.000568604912 -0.000816557556 -0.00173491274
vn -0.00124584814 -0.000762756506 -0.00136604009
vn -0.00124584814 0.000762759009 -0.00136603834
vn -0.00140046736 0.000273025333 -0.00140148099
vn -0.00140050589 -0.000273035461 -0.00140144024
vn -0.00191558572 0.000382379629 -0.000429321983
vn -0.00184861582 0.000389341032 -0.000656531658
vn -0.00175661838 0.000763850752 -0.000575172948
vn -0.00184501475 0.000697068812 -0.000331685704
vn -0.00191559631 -0.000382292666 -0.00042935228
vn -0.00184501475 -0.000697067939 -0.000331687945
vn -0.00175661454 -0.000763802032 -0.000575249491
vn -0.00184862025 -0.000389332825 -0.000656523393
vn -0.00147535105 0.00134968141 4.1229363e-05
vn -0.00138514582 0.00143741455 -0.000123332386
vn -0.00111323327 0.00165895838 9.2566901e-05
vn -0.00128388859 0.00151721248 0.000222926639
vn -0.00147535105 -0.00134968164 4.1225685e-05
vn -0.00128388579 -0.00151721644 0.000222916118
vn -0.00111324585 -0.00165894919 9.25783388e-05
vn -0.00138514582 -0.00143741514 -0.000123327307
vn -0.000530127785 0.00174477079 0.000821425754
vn -0.000445032871 0.00180540746 0.000736511895
vn -0.000530129648 -0.00174477161 0.000821422669
vn -0.000445030688 -0.00180540874 0.000736510148
vn 0.000120065546 0.00145332562 0.00136873289
vn 5.1733994e-05 0.00143009715 0.00139719201
vn 0.000120071003 -0.00145332981 0.00136872788
vn 5.17350454e-05 -0.00143010018 0.00139718922
vn 0.000531613186 0.000508636353 0.00185975176
vn 0.000466003548 0.000553252758 0.00186460523
vn 0.000465983729 -0.000553270569 0.00186460488
vn 0.000531521393 -0.000508633035 0.00185977912
vn -0.00175553164 0.000868314004 0.000405142171
vn -0.00192814087 0.000232188948 0.000477871828
vn -0.00193515734 0.000245054543 0.000441717624
vn -0.0017089484 0.000954524032 0.000410340464
vn -0.00175553479 -0.000868311035 0.000405134575
vn -0.00170889124 -0.000954631309 0.000410329463
vn -0.00193514011 -0.000245173782 0.000441727723
vn -0.00192814891 -0.000232178849 0.000477844034
vn -0.00173587818 0.000958648452 0.000260231609
vn -0.00174629618 0.000955864554 0.000191761996
vn -0.00196513627 0.000271833822 0.000253666192
vn -0.00195218751 0.000259860535 0.000348477624
vn -0.00173587701 -0.000958649907 0.000260234578
vn -0.00195219438 -0.000259773456 0.000348503439
vn -0.00196512253 -0.000271937781 0.000253660546
vn -0.00174629572 -0.000955865835 0.000191758692
vn -0.00166980689 0.000443684752 -0.00100741687
vn -0.00156513369 0.000816271116 -0.000940243714
vn -0.00156513357 -0.000816270767 -0.000940244237
vn -0.00166978675 -0.000443595985 -0.00100748951
vn -0.00117996603 0.00155820011 -0.000423901947
vn -0.00093657471 0.00176308351 -0.000119851713
vn -0.000936639612 -0.00176305394 -0.00011978118
vn -0.00117996591 -0.00155820011 -0.000423902966
vn -0.000351308991 0.00187188876 0.000610421703
vn -0.000351309049 -0.00187188922 0.000610420422
vn 0.000179450057 0.00145333924 0.00136220525
vn 0.000542895054 0.000485018158 0.00186279987
vn 0.000542896101 -0.000485003227 0.00186280336
vn 0.000179445298 -0.00145333761 0.00136220769
vn 0.000111325673 0.00147313229 0.0013481424
vn 0.0004766208 0.0004709606 0.00188441749
vn -1.64243575e-05 0.00143433188 0.00139370817
vn 0.000316448277 0.000439428462 0.00192529568
vn 0.000111338602 -0.00147306023 0.00134822028
vn 0.000476633111 -0.000470903527 0.00188442855
vn 0.000316491874 -0.000439450552 0.00192528346
vn -1.64269004e-05 -0.00143433246 0.00139370759
vn -0.000311805779 0.00139511214 0.00139872776
vn -6.61172162e-05 0.000290625758 0.00197766651
vn -6.61547674e-05 -0.000290564465 0.00197767443
vn -0.000311804964 -0.00139511237 0.00139872788
vn -0.00185534952 0.000267326366 0.000697291049
vn -0.00180506229 0.000563091889 0.000651673181
vn -0.00189206086 0.000545092509 -0.000350685819
vn -0.00194549526 0.000233797764 -0.000400483899
vn -0.00185530598 -0.000267427589 0.00069736829
vn -0.00194549002 -0.000233845101 -0.000400482764
vn -0.0018920654 -0.000545078306 -0.000350683229
vn -0.00180506136 -0.000563086302 0.000651680573
vn -0.00168117764 0.000568095013 -0.000922447885
vn -0.00171950599 0.00026426866 -0.000986641273
vn -0.00171950459 -0.000264272385 -0.000986643019
vn -0.00168117613 -0.000568092393 -0.000922452193
vn -0.00160278077 0.000376631127 -0.00113544846
vn -0.0015126043 0.000740584452 -0.00107868598
vn -0.00151260407 -0.00074058352 -0.00107868691
vn -0.00160277309 -0.000376647717 -0.0011354537
vn -0.00110396475 0.00157254084 -0.000555317791
vn -0.000903495587 0.00177104434 -0.000217020846
vn -0.00090349681 -0.00177104352 -0.000217022054
vn -0.00110396475 -0.00157254038 -0.00055531878
vn -0.000386638945 0.00189465319 0.000510685612
vn -0.000386645668 -0.00189464935 0.000510694808
vn -0.000618482241 0.00186460407 0.000375142496
vn -0.0006184823 -0.0018646043 0.000375140982
vn -0.000845212897 0.00180699956 0.000142715435
vn -0.000845215225 -0.00180699828 0.000142717807
vn -0.00117492524 0.00155043509 -0.0004644375
vn -0.00101200212 0.00171052699 -0.00022349444
vn -0.00101189932 -0.00171058963 -0.000223481125
vn -0.00117489474 -0.00155048782 -0.000464338227
vn -0.00132821954 0.00135955843 0.000622441992
vn -0.00146809593 0.00122218451 0.000592418655
vn -0.00109994214 0.00128154748 0.00107133714
vn -0.00121819018 0.00115376129 0.00108850736
vn -0.00132820872 -0.00135957147 0.000622436753
vn -0.00121814886 -0.00115371938 0.00108859781
vn -0.00109994283 -0.00128154701 0.00107133738
vn -0.00146809698 -0.00122218439 0.00059241656
vn -0.00121585722 0.00147042191 0.000599626161
vn -0.0013367018 0.000927700952 0.00116301316
vn -0.00121585443 -0.00147042261 0.000599630061
vn -0.00133670249 -0.000927701767 0.00116301165
vn -0.0016877905 0.00103970722 0.000265276292
vn -0.00179567351 0.000421904435 0.000773015723
vn -0.00193571777 0.000195078872 0.000463616976
vn -0.00184593059 0.000763229211 0.000100105732
vn -0.0016877912 -0.00103970617 0.000265276525
vn -0.00184601021 -0.000763000164 0.000100382291
vn -0.00193571788 -0.000195079236 0.00046361686
vn -0.00179567677 -0.000421900622 0.000773010193
vn -0.00123514922 -0.000704528007 0.00140643097
vn -0.00139623566 -0.000778932299 0.00120157818
vn -0.00123515027 0.000704528415 0.00140642957
vn -0.00139623752 0.000778933405 0.00120157574
vn -0.0012703411 0.00139527291 -0.000662908365
vn -0.000950977381 0.00170748006 -0.000424445636
vn -0.000950980233 -0.00170747866 -0.000424445461
vn -0.0012703411 -0.00139527232 -0.000662909471
vn -0.000464784622 0.00169867335 -0.000947883818
vn -0.000461234333 0.0018526999 -0.000595622638
vn -0.000461237214 -0.00185269827 -0.000595626014
vn -0.000464784593 -0.00169867266 -0.000947885215
vn -0.000513320731 -0.00104066404 0.00162896293
vn -0.000508241006 -0.00115474826 0.00155185303
vn -0.000513324863 0.00104066066 0.00162896374
vn -0.000508247525 0.00115474104 0.00155185629
vn 0.000703641796 0.00187209889 -1.15872554e-05
vn 0.000355677796 0.00194706791 -0.000287088711
vn 0.000576132443 0.00180186785 -0.000649109948
vn 0.00086901692 0.00177788001 -0.000289744639
vn 0.000703638711 -0.00187210005 -1.15868261e-05
vn 0.000869010342 -0.00177786755 -0.000289840915
vn 0.000576218241 -0.00180186448 -0.000649043126
vn 0.000355682423 -0.00194706675 -0.000287091098
vn 0.00139600702 0.00135708705 0.000457689312
vn 0.00123309752 0.00145342865 0.000605818117
vn 0.00123310485 -0.00145342445 0.000605813228
vn 0.00139600702 -0.00135708752 0.000457688206
vn 0.00136327208 0.000629224989 0.0013211983
vn 0.00146770652 0.000412144611 0.00129459437
vn 0.00136331434 -0.000629401591 0.00132107059
vn 0.00146770768 -0.000412148307 0.00129459193
vn 0.000973552989 -0.000255220424 0.00172831083
vn 0.00103059853 -0.000433513691 0.00165829249
vn 0.000825621595 -0.000711100292 0.0016771066
vn 0.000675538031 -0.000620096806 0.00177739386
vn 0.000973551942 0.000255218358 0.00172831176
vn 0.000675542571 0.000620096806 0.00177739223
vn 0.00082562305 0.000711100642 0.00167710567
vn 0.00103059981 0.00043351925 0.00165829016
vn -0.000668707071 0.00088739983 0.00166293525
vn -0.000804203271 0.0010754267 0.00148213189
vn -0.000705047278 0.000568714167 0.00178310776
vn -0.000747028098 0.000408543681 0.00180970749
vn -0.00066870742 -0.000887400936 0.00166293443
vn -0.000747020589 -0.000408529246 0.0018097139
vn -0.000705056649 -0.000568646123 0.00178312557
vn -0.000804246461 -0.00107549166 0.00148206123
vn -0.00130331411 0.00101250538 0.00112969277
vn -0.00146101112 0.000419930147 0.001299656
vn -0.00163178053 0.000378550583 0.00109269924
vn -0.00140644959 0.000991113367 0.00101960462
vn -0.00130331342 -0.00101250736 0.00112969161
vn -0.0014064248 -0.000991093344 0.00101965829
vn -0.00163177168 -0.000378535828 0.00109271798
vn -0.00146100717 -0.000419931894 0.00129966007
vn -0.00103748846 0.000891504576 0.00145905383
vn -0.00103748892 -0.000891505741 0.0014590529
vn -0.000907020178 0.00065859512 0.00165637152
vn -0.000907020411 -0.00065859477 0.00165637175
vn -0.00109902956 0.00050888781 0.00159159291
vn -0.00109911547 -0.000508901605 0.00159152912
vn -0.000893467106 0.00038194732 0.00174809422
vn -0.000893468037 -0.000381960999 0.00174809073
vn -0.000162847136 0.000522038783 0.00192378694
vn -0.00022793356 0.000505475269 0.00192159868
vn -0.000227926954 -0.000505476608 0.00192159903
vn -0.000162840457 -0.000522040355 0.00192378694
vn 0.000457652932 0.000897415506 0.00172777288
vn 0.000432939676 0.00085860712 0.00175366981
vn 0.000457658403 -0.000897416554 0.00172777101
vn 0.000432943372 -0.000858610554 0.00175366725
vn 0.000515688851 0.00119836419 0.00151591178
vn 0.0005268557 0.00104995305 0.00161864818
vn 0.000515770109 -0.00119830749 0.00151592877
vn 0.000526854477 -0.00104995014 0.00161865051
vn -0.00118287338 0.00121736946 0.00105774379
vn -0.00119617872 0.00127347361 0.00097335584
vn -0.00118294405 -0.0012173244 0.00105771655
vn -0.00119611691 -0.00127352518 0.000973364396
vn -0.000804152456 0.00148844684 0.00106670766
vn -0.000929150381 0.00125673926 0.00124791288
vn -0.000929150323 -0.00125674019 0.00124791195
vn -0.000804089243 -0.00148842891 0.00106678007
vn 0.000260649831 0.00173699285 0.000956513453
vn 9.21525134e-05 0.00159273914 0.00120610523
vn -0.000109520013 0.00181291788 0.000837456668
vn 0.000111576737 0.00190720067 0.000591723248
vn 0.000260648434 -0.00173699274 0.000956513453
vn 0.000111578491 -0.00190720125 0.000591720396
vn -0.000109519991 -0.00181291858 0.000837455387
vn 9.22265099e-05 -0.00159284438 0.00120596087
vn -0.00036841337 0.00137531012 0.0014045618
vn -0.000358033023 0.00168330478 0.00101896899
vn -0.000358032994 -0.0016833056 0.00101896771
vn -0.00036843479 -0.00137531164 0.00140455458
vn 0.000467645965 0.00181130716 0.000707441301
vn 0.000332581491 0.00193525525 0.000379706617
vn 0.000467632286 -0.00181132636 0.000707401778
vn 0.000332576979 -0.00193525676 0.000379702135
vn 0.000582327659 0.00189561362 0.000259892171
vn 0.00067831669 0.00183704786 0.000406376639
vn 0.000678315933 -0.00183704845 0.000406375155
vn 0.000582327659 -0.00189561385 0.000259890658
vn -0.00120138435 0.0015966479 8.59709617e-05
vn -0.00125221896 0.00155896053 3.98738957e-05
vn -0.00125221896 -0.00155896065 3.98732336e-05
vn -0.0012013868 -0.00159664627 8.59720531e-05
vn -0.000630227907 0.00189124886 -0.000161217264
vn -0.000604351168 0.00188597653 -0.000279020926
vn -0.000604350702 -0.00188597653 -0.000279021828
vn -0.000630227791 -0.00189124863 -0.000161218908
vn -4.02112782e-05 -0.00192313304 -0.00054767105
vn 9.67243031e-05 -0.00186417811 -0.000717972696
vn -4.02112564e-05 0.00192313327 -0.000547669537
vn 9.67268861e-05 0.00186417869 -0.00071797031
vn 0.000576406892 0.00160367333 -0.00104689447
vn 0.00085369515 0.00147581741 -0.00104554708
vn 0.000763062853 0.00130676816 -0.00130770495
vn 0.00111559394 0.00123763899 -0.00110621017
vn 0.00131070137 0.000491423649 -0.00142848352
vn 0.00140297785 0.000265246897 -0.0014004634
vn 0.00154670153 0.000271891622 -0.00123846263
vn 0.00148133491 0.000535622356 -0.00123237807
vn 0.00140299019 -0.000265317794 -0.00140043756
vn 0.00154666824 -0.000271986675 -0.00123848289
vn 0.00131069997 -0.000491425802 -0.00142848387
vn 0.00148133538 -0.000535623461 -0.0012323769
vn 0.000763064658 -0.00130675489 -0.00130771729
vn 0.000576409395 -0.00160366821 -0.00104690064
vn 0.00085360714 -0.00147590088 -0.00104550086
vn 0.00111558626 -0.00123764214 -0.00110621424
vn -0.00172498263 0.000945140782 0.000362138409
vn -0.00192855007 0.000253009144 0.000465490768
vn -0.00172497984 -0.000945141655 0.000362148683
vn -0.00192852819 -0.000253010134 0.000465581834
vn 0.000370673777 0.000459972478 -0.001910766
vn 0.000524802483 0.000236574153 -0.0019153629
vn 0.000524733856 -0.000236565946 -0.0019153828
vn 0.000370675669 -0.000459965755 -0.0019107674
vn -0.00152843632 0.000479803188 -0.00119736034
vn -0.00149303919 0.000263004215 -0.00130447815
vn -0.00152843364 -0.000479821902 -0.00119735615
vn -0.00149303186 -0.000263008464 -0.0013044856
vn -0.000173921682 0.00147450657 -0.00133999356
vn -0.000551010598 0.00145958888 -0.00125139463
vn -0.000540508889 0.00108206819 -0.00159278954
vn 8.05192685e-05 0.00116811332 -0.00162142783
vn -0.000173923952 -0.00147451903 -0.00133997947
vn 8.05186573e-05 -0.00116811378 -0.0016214276
vn -0.000540508598 -0.0010820654 -0.00159279164
vn -0.000551012403 -0.00145958667 -0.00125139626
vn -0.000294489175 0.00185929984 -0.000675485295
vn -0.000440227275 0.00182937505 -0.000677928678
vn -0.000294489146 -0.00185929937 -0.000675486983
vn -0.000440227042 -0.0018293726 -0.00067793543
vn -0.000237991626 0.00196446455 -0.00029023955
vn -0.000190091785 0.00196696725 -0.000308067916
vn -0.000237991597 -0.00196446455 -0.000290241063
vn -0.000190296894 -0.00196695654 -0.000308008195
vn -4.9863007e-05 0.00199922477 -2.47722273e-05
vn -6.30619179e-05 0.00199846621 -4.64446966e-05
vn -5.25966607e-05 -0.00199873932 -4.77043614e-05
vn -4.38476891e-05 -0.00199935376 -2.57331067e-05
vn 0.000765649544 0.00129565806 0.00131721352
vn 0.000866382499 0.00126882223 0.0012804186
vn 0.000534694758 0.00169360999 0.000919667014
vn 0.000471081759 0.00173173205 0.000882715394
vn 0.000768431346 -0.00129826285 0.00131302257
vn 0.000483551528 -0.00172603957 0.000887111062
vn 0.000534937542 -0.00170695083 0.000894516939
vn 0.000871648081 -0.0012740047 0.00127166929
vn 0.000977573567 0.00108659465 0.0013651601
vn 0.000853524194 0.00107857725 0.0014519532
vn 0.000977573451 -0.00108659593 0.00136515906
vn 0.000853431877 -0.00107855839 0.0014520213
vn 0.000247298041 0.00180114759 -0.000833493599
vn 0.000287486706 0.00158133276 -0.00119026832
vn 0.000287490751 -0.00158131949 -0.00119028485
vn 0.00024729807 -0.00180114701 -0.000833495054
vn -0.00121515978 0.00157821004 0.000180665156
vn -0.00121516024 -0.00157820981 0.000180664996
vn -0.000757857051 0.00185072713 -2.15011096e-05
vn -0.000757858448 -0.00185072655 -2.15007676e-05
vn -0.000193581494 0.00195162604 -0.000392023503
vn -0.000193582993 -0.00195162569 -0.000392025831
vn -9.71738918e-05 0.00189437915 -0.00063394371
vn -9.71738846e-05 -0.0018943788 -0.000633945339
vn -0.00130673137 0.00149001414 0.000268907053
vn -0.0013066798 -0.00149008376 0.00026877303
vn -0.00137737405 0.00140093965 0.000374446274
vn -0.00137737684 -0.00140093663 0.000374447613
vn -0.00104131002 0.00168381503 0.000283620204
vn -0.00104122888 -0.00168386893 0.000283597212
vn -0.000941521488 0.00175747578 0.000157532122
vn -0.000941522652 -0.00175747555 0.000157529124
vn -0.000127472245 0.00197480619 -0.000289638643
vn -0.000127660867 -0.0019748027 -0.000289582822
vn -5.1134386e-05 0.00199933979 5.16657428e-06
vn -5.17207591e-05 -0.00199932675 4.32262959e-06
vn 0.000663760176 0.00139752822 0.00126741373
vn 0.000372794311 0.00177408848 0.000844769296
vn 0.000663758314 -0.00139752671 0.00126741629
vn 0.000373633811 -0.00177359895 0.000845425762
vn 0.00089361245 0.00105663878 0.00144394336
vn 0.000893613207 -0.00105663971 0.00144394219
vn 0.00059297838 0.00108776009 0.00157008111
vn 0.000567284762 0.00128559174 0.00142318034
vn 0.000567212934 -0.00128568674 0.00142312318
vn 0.000592945842 -0.00108780328 0.00157006318
vn 0.000952351198 0.00105547009 0.00140677323
vn 0.000846055744 0.00116486463 0.00138826505
vn 0.000952352013 -0.00105547276 0.00140677055
vn 0.000846053299 -0.00116486847 0.00138826331
vn 0.000680989702 0.00188020442 -3.29444629e-05
vn 0.000882519642 0.00179433089 -3.91921712e-05
vn 0.000882520573 -0.00179433054 -3.91885369e-05
vn 0.00068098976 -0.00188020442 -3.29460017e-05
vn 0.00122359605 0.00155841769 -0.000272300851
vn 0.000975685543 0.0017458424 8.50364995e-06
vn 0.00122359616 -0.00155841699 -0.000272302656
vn 0.000975678209 -0.00174584647 8.49724165e-06
vn 0.00145905325 0.00134949165 0.000223688316
vn 0.00164021901 0.00113074936 -0.000176316185
vn 0.00145905581 -0.00134948792 0.000223694107
vn 0.00164016965 -0.0011308114 -0.000176377827
vn 0.00188632857 0.000519379391 0.000414740876
vn 0.00193268317 0.000514012121 2.29698126e-05
vn 0.00193267886 -0.00051402906 2.29542438e-05
vn 0.00188634288 -0.000519323687 0.000414745853
vn 0.000281456829 0.00196542405 0.000240605194
vn 0.00028144152 -0.00196543848 0.00024050365
vn 0.000439740194 0.00186684506 0.000567025621
vn 0.00043974162 -0.0018668453 0.000567024166
vn 0.000952397881 0.00147041318 0.000964791689
vn 0.000952400849 -0.00147041841 0.000964781095
vn 0.0014381829 0.000550147321 0.00127631065
vn 0.00143820303 -0.0005501376 0.00127629179
vn -3.54779695e-05 0.00191733206 0.000567960611
vn -3.54725089e-05 -0.00191733264 0.000567958923
vn -2.6158832e-05 0.0017103157 0.00103640545
vn -2.61572568e-05 -0.00171031395 0.00103640847
vn 0.000217929264 0.00131642853 0.00148980645
vn 0.000217925408 -0.00131642993 0.00148980576
vn 0.00049408467 0.000507581804 0.00187035871
vn 0.000494061562 -0.000507591816 0.00187036197
vn -0.000230603444 0.00181929511 0.000798114925
vn -0.000230603313 -0.00181929558 0.000798114401
vn -0.000497206289 0.00160381477 0.00108653796
vn -0.00049720821 -0.00160381582 0.00108653563
vn -0.00159058825 0.000368271576 0.00115516444
vn -0.00139474159 0.000966702995 0.00105838641
vn -0.00139474159 -0.00096670381 0.00105838571
vn -0.0015905922 -0.000368275592 0.00115515769
vn -0.00115969602 0.00131444749 0.000962981605
vn -0.00115969614 -0.00131444808 0.000962980615
vn -0.000778483227 0.0014809242 0.00109582301
vn -0.000778484799 -0.00148092839 0.00109581638
vn -0.000259893568 0.00157272292 0.00120789011
vn -0.000259894965 -0.00157272501 0.0012078872
vn -0.000202627169 0.00120317843 0.00158470939
vn -0.000202625306 -0.00120317936 0.00158470892
vn -0.000119233468 0.000487928453 0.00193590019
vn -0.000119212251 -0.000487839337 0.00193592382
vn -0.000427372957 0.00145785883 0.00130076928
vn -0.000427372957 -0.00145785965 0.00130076788
vn -0.00049080071 0.00109062809 0.00160301127
vn -0.000490797567 -0.00109062903 0.00160301174
vn -0.000536257459 0.000471587497 0.00186816335
vn -0.000536239415 -0.000471642357 0.00186815439
vn -0.00118318514 0.00040628243 0.001560451
vn -0.000961963378 0.00105058716 0.0014038852
vn -0.00118317769 -0.000406312582 0.00156044913
vn -0.000961962854 -0.00105058798 0.00140388485
vn -0.000756983587 0.000439493277 0.00179828308
vn -0.000660768012 0.00108770817 0.00154281454
vn -0.000756994239 -0.000439441501 0.00179829122
vn -0.000660766731 -0.00108770956 0.00154281419
vn 0.000467145437 0.00158749486 0.00112322567
vn 0.000364839623 0.00162001583 0.0011146483
vn 0.000364894397 -0.00161996146 0.0011147093
vn 0.000467145437 -0.00158749591 0.00112322427
vn 0.000234256062 0.00181658997 0.000803196977
vn 7.1396149e-05 0.00186871015 0.000709101674
vn 0.000234254985 -0.00181659136 0.000803194125
vn 7.13929185e-05 -0.00186871085 0.000709100103
vn -8.92099779e-05 0.00196217117 0.000376730721
vn 6.21918443e-05 0.00192944135 0.000522865623
vn -0.000100693185 0.00184169074 0.000773328182
vn -0.000108987115 0.00189672923 0.000624932174
vn -8.92097232e-05 -0.00196217163 0.000376729091
vn -0.000108988774 -0.00189672795 0.000624935783
vn -0.000100693767 -0.00184169225 0.00077332434
vn 6.21950239e-05 -0.00192944822 0.000522839895
vn 0.000132529545 0.0019766409 0.000274459948
vn 1.06127372e-05 0.00199973746 3.06379625e-05
vn 1.0610117e-05 -0.00199973746 3.06344082e-05
vn 0.000132529502 -0.0019766409 0.000274458347
vn 0.00050107931 0.00193445722 -8.24285671e-05
vn 0.000479634386 0.00192569883 -0.00024826455
vn 0.00047963392 -0.00192569871 -0.000248265889
vn 0.00050107931 -0.00193445722 -8.24300951e-05
vn 0.000741945929 0.00180553587 -0.00043538012
vn 0.000561041757 0.00191865524 -6.32047741e-05
vn 0.000741943542 -0.00180553691 -0.000435380527
vn 0.000561066787 -0.00191865128 -6.31048752e-05
vn 0.00181556167 0.000629000657 0.000555062608
vn 0.00186769501 0.000538837281 0.000470499624
vn 0.00142128579 0.00140567031 6.35509787e-05
vn 0.00136365136 0.0014310017 0.000304448651
vn 0.00181554805 -0.000629020564 0.000555084145
vn 0.00136364624 -0.00143100612 0.000304450688
vn 0.00142128835 -0.00140566786 6.3547006e-05
vn 0.0018676914 -0.000538866967 0.000470480416
vn -0.000242022914 0.00161243882 0.00115821697
vn -7.96896202e-05 0.00170167966 0.00104782474
vn -7.96873792e-05 -0.00170167966 0.00104782486
vn -0.000242028371 -0.00161244033 0.00115821359
vn -3.94351409e-05 0.00128838676 0.00152921712
vn -0.000276671519 0.00118934456 0.0015839549
vn -3.93772571e-05 -0.00128845545 0.00152916077
vn -0.00027667635 -0.00118934689 0.00158395234
vn -0.000369962974 0.000536808919 0.00189075759
vn -5.03035444e-05 0.000543357339 0.00192411861
vn -5.03063784e-05 -0.000543351111 0.00192412036
vn -0.000369962363 -0.000536810374 0.00189075712
vn 0.00137639197 0.000645993161 0.00129932212
vn 0.000919660437 0.00147344964 0.000991550041
vn 0.0013763319 -0.000646004453 0.00129938056
vn 0.000919652812 -0.00147345639 0.000991546898
vn 0.000526356453 0.000611682946 0.00182997109
vn 0.000357846729 0.00140960165 0.001372942
vn 0.00052635069 -0.000611714902 0.0018299619
vn 0.000357847719 -0.00140960305 0.00137294049
vn 0.00024080601 0.00183653808 0.000754414534
vn 0.000240808513 -0.00183653762 0.000754414476
vn 0.000956254953 0.0017225293 -0.000344194734
vn 0.000811945938 0.00182763254 2.24272953e-05
vn 0.000811944483 -0.00182763312 2.24250798e-05
vn 0.000956257689 -0.0017225272 -0.000344197237
vn 0.000603112625 0.00180958596 0.000601376931
vn 0.000603109016 -0.00180958852 0.000601372914
vn -0.000839791959 0.00179412705 0.000275422324
vn -0.000741472293 0.00184710103 0.00019605305
vn -0.000741477474 -0.00184709986 0.000196045308
vn -0.00084016606 -0.00179394276 0.000275482045
vn -0.000282116613 0.00195397926 0.000319961022
vn -0.000358347228 0.00196143496 0.000156082344
vn -0.000282116845 -0.00195397972 0.00031995945
vn -0.000358347403 -0.00196143496 0.000156078662
vn -0.000717499235 0.00186434959 9.69309549e-05
vn -0.000717499177 -0.00186434959 9.69294997e-05
vn -0.000619963044 0.00190056325 -5.92149227e-05
vn -0.000619963161 -0.00190056325 -5.92191936e-05
vn -0.000249194447 0.00196412206 -0.000283066271
vn -0.000249194447 -0.00196412206 -0.000283067813
vn -5.79738044e-05 0.00194448745 -0.000464335986
vn -5.79594416e-05 -0.00194446323 -0.000464439101
vn -0.000171249165 0.00198409846 -0.00018446421
vn -0.000171293548 -0.00198410265 -0.000184377874
vn -0.000317188125 0.00197416428 -4.54655965e-05
vn -0.000317191152 -0.00197416381 -4.54699475e-05
vn -0.000165561883 0.00199077302 9.70198817e-05
vn -0.000165562189 -0.00199077278 9.70175461e-05
vn -3.8138176e-05 0.00196006452 0.000395843177
vn -3.81389727e-05 -0.00196006498 0.000395842217
vn 0.000184923279 0.00195251836 0.000391761307
vn 0.000156903101 0.0019578936 0.000376874756
vn 0.000158309107 -0.00195967965 0.000366871711
vn 0.000190873936 -0.0019556866 0.000372636568
vn 0.000116540396 0.00195753458 0.000393035356
vn 0.000116606367 -0.00195744564 0.000393459224
vn 0.000969053071 0.00104000547 0.0014068851
vn 0.000902239757 0.00103655376 0.00145310711
vn 0.000840506924 0.0012060866 0.0013560619
vn 0.000885186426 0.00119823648 0.00133441901
vn 0.000929479138 -0.00106544257 0.00141453207
vn 0.000845276925 -0.00123033766 0.00133108092
vn 0.000822949631 -0.00122901471 0.0013462085
vn 0.000892566401 -0.0010669746 0.00143697264
vn 0.000718260591 0.0010569857 0.00153846794
vn 0.000675317191 0.00120159378 0.0014491789
vn 0.000679485849 -0.00120970956 0.00144045195
vn 0.000724310346 -0.00107483473 0.00152318913
vn 0.000673411298 0.00102129462 0.00158223743
vn 0.000621844141 0.00112830894 0.00152978057
vn 0.00062184257 -0.0011283115 0.00152977917
vn 0.000673410948 -0.00102129567 0.00158223661
vn 0.00075782981 0.000996986637 0.00155939488
vn 0.00081037631 0.000881790591 0.00160179159
vn 0.000757827365 -0.000996987219 0.00155939569
vn 0.000810232363 -0.000881939661 0.00160178239
vn 0.000963376136 0.00067090214 0.0016191965
vn 0.000929704984 0.000602032291 0.00166529464
vn 0.000929706672 -0.000602037762 0.00166529173
vn 0.000963378465 -0.000670903537 0.00161919463
vn 0.00113462855 0.000226822682 0.00163130928
vn 0.00103551743 0.000179851806 0.00170157512
vn 0.0010355165 -0.000179849158 0.00170157594
vn 0.00113462855 -0.000226725329 0.0016313229
vn 0.00166597485 0.00109028479 -0.00018922858
vn 0.0019635486 0.000374187337 -6.67920031e-05
vn 0.00193995622 0.000455246161 0.000171234366
vn 0.00160981249 0.00118651229 -2.63250458e-05
vn 0.00166597439 -0.00109029037 -0.000189200626
vn 0.00160981307 -0.00118651136 -2.63240036e-05
vn 0.00193995831 -0.000455233792 0.000171242398
vn 0.00196354929 -0.000374185009 -6.67853237e-05
vn 0.000916675606 0.00177254737 -0.00013334924
vn 0.000984514365 0.00173757912 -0.000107474785
vn 0.000916680496 -0.00177254516 -0.000133345369
vn 0.000984494458 -0.0017375896 -0.000107488901
vn 0.000385047344 0.00195128366 0.000210310594
vn 0.000391917594 0.00193081202 0.000344042055
vn 0.000385044783 -0.00195128447 0.000210308004
vn 0.000391914946 -0.00193081377 0.000344035099
vn 0.000197246802 0.00191129057 0.000555033446
vn 0.000185154 0.0019070413 0.000573508558
vn 0.000292214158 -0.0018831765 0.000606842572
vn 0.000220797228 -0.00189761363 0.00059187127
vn 0.000257083797 0.00186759222 0.000667837856
vn 0.000210220081 0.00187966775 0.000650120957
vn 0.000261538167 -0.00184950861 0.000714783615
vn 0.000339113263 -0.00180635694 0.000788718986
vn 0.000305125548 0.00186184666 0.000663645391
vn 0.000255523861 0.00187583361 0.000644946937
vn 0.000337483158 -0.0017922509 0.000820939778
vn 0.000276120176 -0.0018375871 0.000739616109
vn 0.000276402832 0.00182867376 0.000761284609
vn 0.000294546277 0.00180402864 0.000811617763
vn 0.000294546247 -0.00180402934 0.000811616308
vn 0.000276402687 -0.00182867446 0.000761283212
vn 0.000618688122 0.00145331596 0.00122682459
vn 0.000722895085 0.00136778422 0.00126751326
vn 0.000722893921 -0.00136778236 0.0012675157
vn 0.000618685561 -0.00145331654 0.00122682517
vn 0.000986165716 0.000588937372 0.00163726299
vn 0.00109035638 0.000526716816 0.00159175787
vn 0.00109033636 -0.000526892138 0.0015917134
vn 0.000986149884 -0.00058900693 0.00163724739
vn 0.000401142723 0.00176594977 0.000848826137
vn 0.000401142752 -0.00176595047 0.000848824857
vn 0.000873528013 0.00127649656 0.0012678745
vn 0.000873528072 -0.0012764975 0.00126787357
vn 0.00124516571 0.000456791662 0.00149696507
vn 0.00124518434 -0.00045681023 0.00149694365
vn 0.000657402386 0.00172408589 0.000771589344
vn 0.000657392316 -0.00172409241 0.000771583291
vn 0.00108179543 0.0016525992 0.00031406217
vn 0.00108179555 -0.00165259943 0.000314060861
vn 0.00167846191 0.00102007727 0.000377106131
vn 0.00167846528 -0.00102007156 0.000377105142
vn 0.00192536972 0.000341038831 0.000420291501
vn 0.00192534772 -0.000341115723 0.000420328171
vn 0.00151563529 0.000375945005 0.00124960567
vn 0.00118988787 0.00112662499 0.00114668359
vn 0.00118989102 -0.0011266286 0.00114667672
vn 0.00151570304 -0.000375904317 0.00124953606
vn -0.000547391071 -0.00112608355 0.00155958277
vn -0.00147002703 -0.000791671104 0.00110103493
vn -0.00147002528 0.000791658938 0.00110104587
vn -0.000547393633 0.00112608052 0.0015595844
vn -0.000830298464 -0.000783863128 0.00164199993
vn -0.00160743948 -0.000556693936 0.00105177495
vn -0.00160743948 0.000556693063 0.00105177541
vn -0.000830298231 0.000783861324 0.00164200098
vn -0.00150047871 0.000795512053 -0.00105627894
vn -0.000456058071 0.00111364585 -0.00159743661
vn -0.000456054753 -0.00111364049 -0.00159744138
vn -0.00150047871 -0.000795511238 -0.00105627964
vn -0.0017387335 0.000421338947 -0.000894024619
vn -0.000651014212 0.00101378921 -0.00159637455
vn -0.000651009497 -0.00101376523 -0.0015963919
vn -0.00173873361 -0.000421338162 -0.000894024794
vn -0.00199366687 -8.09391622e-06 0.000158832452
vn -0.00199810648 -7.80197443e-05 3.85198655e-05
vn -0.00199366733 8.0948812e-06 0.000158827621
vn -0.00199810648 7.8015386e-05 3.85212734e-05
vn -0.00198942423 -4.70577379e-06 -0.00020535283
vn -0.00197911309 0.000249621487 -0.000144222227
vn -0.00198942469 4.70327041e-06 -0.000205347795
vn -0.00197911332 -0.000249620469 -0.00014422313
vn -0.00181851385 0.000468071928 -0.000688415836
vn -0.00105703517 0.00120363128 -0.00119747594
vn -0.00105711923 -0.00120358495 -0.00119744835
vn -0.00181851385 -0.000468071434 -0.000688416068
vn -0.00128247216 -0.000429322128 0.00147341378
vn -0.0017772445 -0.000300811836 0.000866553455
vn -0.00177724403 0.00030081236 0.000866554095
vn -0.0012824724 0.000429321721 0.00147341366
vn -0.00199482893 -0.000126891246 6.75016709e-05
vn -0.00199482427 0.000126912651 6.76014752e-05
vn -0.00199289457 -6.66649285e-05 -0.000154684079
vn -0.00199289457 6.66654159e-05 -0.000154682188
vn 0.00122784346 -0.000367326371 0.00153540634
vn 0.00100802234 -0.000628855079 0.00160886068
vn 0.00100802328 0.000628852576 0.00160886103
vn 0.0012278402 0.000367328263 0.00153540832
vn 0.000899891369 0.00135673094 -0.00116166996
vn 0.00119025609 0.00142306974 -0.00074710371
vn 0.00119024934 -0.00142307323 -0.000747107144
vn 0.000899891311 -0.00135673 -0.00116167113
vn 0.0016465371 0.00113041303 0.000105270956
vn 0.00164653535 -0.00113041524 0.000105273655
vn 0.0016403707 0.00034260322 0.001091699
vn 0.00164038036 -0.000342599378 0.00109168631
vn 0.00101074786 0.00121112133 -0.0012294607
vn 0.00132086256 0.00120757194 -0.000892800395
vn 0.00132086244 -0.00120757124 -0.000892801327
vn 0.0010106893 -0.00121108815 -0.00122954138
vn 0.0010645634 0.00129278866 -0.00109334488
vn 0.00145903404 0.00116085017 -0.000723634381
vn 0.00145906291 -0.00116087426 -0.000723537523
vn 0.00106456049 -0.00129279122 -0.00109334465
vn 0.00114686799 -0.00039159655 0.00159102061
vn 0.00136071013 -0.000177625028 0.00145496312
vn 0.0014799136 6.18187696e-05 0.00134388788
vn 0.00117903599 -0.000126429382 0.00161055592
vn 0.0011468702 0.00039159978 0.0015910184
vn 0.00117903447 0.000126426297 0.00161055708
vn 0.00147998065 -6.1790357e-05 0.00134381535
vn 0.00136071083 0.000177625683 0.00145496265
vn 0.00171502994 0.000411818124 0.000942909799
vn 0.00171503052 -0.000411817891 0.00094290881
vn 0.00173868751 0.000988411368 -3.01130672e-06
vn 0.00173868844 -0.00098840904 -3.11658732e-06
vn 0.00180329091 0.000863930851 4.20147735e-05
vn 0.00180329347 -0.000863926136 4.2007603e-05
vn 0.0017758531 0.000439409196 0.000808249053
vn 0.00177585369 -0.000439410651 0.000808246667
vn -0.00187599054 -0.000138472518 0.000679327291
vn -0.00199430273 -8.52193625e-05 0.000124478
vn -0.00199430273 8.52192534e-05 0.000124478072
vn -0.0018759896 0.000138468124 0.000679330376
vn -0.00199883757 1.64610992e-05 -6.61651575e-05
vn -0.00178377784 0.000710215303 -0.000560116896
vn -0.00178377097 -0.00071021344 -0.000560141227
vn -0.00199883734 -1.64590801e-05 -6.61737067e-05
vn -0.00168231153 -0.000166503582 0.00106869335
vn -0.00168237404 0.000166456244 0.00106860162
vn -0.00128241838 0.0012628329 -0.000872156001
vn -0.00128243235 -0.00126287749 -0.000872071076
vn -0.00197398639 0.000195558838 0.000255216379
vn -0.00196236093 0.000386186439 -8.05886827e-07
vn -0.00196236069 -0.000386186439 -8.0622516e-07
vn -0.00197398756 -0.000195566201 0.000255200954
vn -0.00192913262 5.77510436e-05 0.000524511619
vn -0.00192913262 -5.77514584e-05 0.000524511619
vn -0.00178801594 0.00079964794 -0.000404428924
vn -0.00178801594 -0.000799647591 -0.000404429564
vn -0.00185336999 7.57620655e-05 0.000747850281
vn -0.00185336848 -7.57679954e-05 0.000747853715
vn -0.00191584195 0.000407222746 0.000404622609
vn -0.0019158537 -0.000407261541 0.000404527935
vn -0.0015328934 0.00115551229 -0.000561275112
vn -0.0015328913 -0.00115551334 -0.00056127843
vn -0.00180658221 0.000853171397 -9.14286138e-05
vn -0.00180658197 -0.000853171863 -9.14284974e-05
vn 0.00103261939 0.00142414949 -0.000951575232
vn 0.00153007288 0.00117537228 -0.000526666641
vn 0.00153007347 -0.00117536995 -0.000526669959
vn 0.00103255711 -0.00142422039 -0.000951536815
vn 0.000736686576 0.00175415049 -0.00061664352
vn 0.00141495641 0.0013743235 -0.000330353942
vn 0.00141495641 -0.00137432327 -0.000330355018
vn 0.000736687449 -0.00175414991 -0.000616644393
vn 0.000464845565 0.00193431915 0.000205740143
vn 0.00160016748 0.00115582778 0.000321755826
vn 0.00046484833 -0.00193431857 0.00020573959
vn 0.00160017901 -0.00115583546 0.000321671483
vn 0.000406130799 0.00141521008 0.00135360181
vn 0.0015388272 0.000906453934 0.000900195504
vn 0.00153883768 -0.000906532689 0.000900098821
vn 0.000406125764 -0.00141520763 0.001353606
vn 0.000563377456 0.000511191669 0.00184967264
vn 0.00134095969 0.000431097491 0.00141985284
vn 0.00134096108 -0.00043104685 0.00141986727
vn 0.000563439738 -0.000511107559 0.00184967695
vn 0.00102274562 -6.54362657e-06 0.00171870575
vn 0.00147005788 0.000190237915 0.00134266121
vn 0.00102274399 6.53582356e-06 0.00171870668
vn 0.00147006952 -0.000190204562 0.00134265341
vn 0.00180096563 0.000483889482 0.000722754223
vn 0.0018009654 -0.000483892713 0.000722752651
vn 0.00182402122 0.000814147119 0.000100556514
vn 0.00182401913 -0.000814150786 0.000100564852
vn 0.000946864777 0.000166961108 0.00175373082
vn 0.000914076925 0.000530786114 0.00169786066
vn 0.000914075354 -0.000530787453 0.00169786077
vn 0.000946863438 -0.000166966187 0.00175373093
vn 0.000978025142 0.000163577628 0.00173686771
vn 0.000970350229 0.000500424358 0.00167570764
vn 0.000970354071 -0.000500427384 0.00167570449
vn 0.000978051336 -0.00016348924 0.00173686142
vn 0.00102034805 0.000150037202 0.00171358674
vn 0.00107181328 0.000398784876 0.00164078851
vn 0.00107181375 -0.000398786302 0.00164078793
vn 0.00102033792 -0.00014995411 0.00171359978
vn -0.000209297868 0.000401035591 0.00194816978
vn -0.000316007499 0.000432543369 0.00192692643
vn -0.000241023081 0.00107740343 0.00166766613
vn -0.000103265847 0.00100883062 0.00172383222
vn -0.000209295802 -0.000401100784 0.00194815639
vn -0.000103264181 -0.00100883038 0.00172383257
vn -0.000241032583 -0.0010774082 0.00166766159
vn -0.000315972342 -0.000432528788 0.00192693551
vn -0.00163103023 0.00101366697 -0.000558766013
vn -0.0015679549 0.0010037492 -0.000730756496
vn -0.00138729054 0.00129185163 -0.000637608988
vn -0.00131240289 0.00143447658 -0.000468909595
vn -0.00163102965 -0.00101367035 -0.000558761589
vn -0.00131240801 -0.00143447227 -0.00046890814
vn -0.00138740952 -0.00129169261 -0.000637671794
vn -0.00156795513 -0.00100374362 -0.000730763597
vn -0.00192263362 0.000196703375 -0.000514575106
vn -0.00187767716 0.000414575712 -0.000549960241
vn -0.00192261953 -0.000196800858 -0.000514590298
vn -0.00187764689 -0.000414586742 -0.000550054945
vn -0.000884020119 0.00176980544 -0.000293765886
vn -0.000925643835 0.00174290268 -0.000324767258
vn -0.000884009816 -0.0017698108 -0.000293764082
vn -0.000925646687 -0.00174290116 -0.000324768363
vn -0.000549607386 0.00192299986 2.0040618e-06
vn -0.000620687031 0.00190027989 -6.07039074e-05
vn -0.000549612916 -0.00192299823 2.00097929e-06
vn -0.000620615145 -0.00190030586 -6.06193935e-05
vn -0.000338762795 0.00196457328 0.000160287018
vn -0.000255004998 0.00197306834 0.000204875367
vn -0.000337806094 -0.00196393067 0.000169895706
vn -0.000256142142 -0.0019726106 0.000207842299
vn 9.53315903e-05 0.00192177203 0.000545622723
vn 0.000144473699 0.00190633896 0.000587366812
vn 8.06370736e-05 -0.00192434364 0.000538887572
vn 0.000137743715 -0.00190756959 0.00058498315
vn 0.000574788835 0.00161230692 0.00103444897
vn 0.000567561714 0.0016060092 0.00104814535
vn 0.000541618618 -0.00163708639 0.00101321167
vn 0.00056520215 -0.00160511245 0.00105079089
vn 0.000492359221 0.00154081685 0.00117620826
vn 0.000492363411 -0.00154081709 0.00117620663
vn -0.00192949467 0.000389337016 -0.000354213291
vn -0.00196030131 0.000185669822 -0.000350351242
vn -0.00196030061 -0.000185673489 -0.000350353395
vn -0.00192932563 -0.000389620225 -0.000354822289
vn -0.00195062777 0.00016538729 -0.000409509841
vn -0.00193125685 0.000393647875 -0.000339541904
vn -0.0019506223 -0.000165424091 -0.000409520901
vn -0.00193125638 -0.000393649767 -0.000339542283
vn -0.00191714906 0.000426271494 -0.000377931487
vn -0.00190206501 0.000360700156 -0.000502039911
vn -0.00190206571 -0.000360701379 -0.000502036361
vn -0.00191714952 -0.000426268991 -0.000377932098
vn -0.00172936148 0.000346291228 -0.000943075458
vn -0.00184772909 0.000119842327 -0.000755999878
vn -0.00184773945 -0.000119823693 -0.000755977875
vn -0.00172936637 -0.000346285175 -0.00094306859
vn -0.00116779096 0.000526957912 -0.00153576676
vn -0.0013031587 0.000196001783 -0.00150444719
vn -0.00130315789 -0.00019599346 -0.00150444894
vn -0.00116780004 -0.0005269596 -0.00153575942
vn -0.000426160812 0.000506042328 -0.00188740762
vn -0.000384350773 0.000201033006 -0.00195239868
vn -0.000384301587 -0.000201034243 -0.00195240811
vn -0.000426164013 -0.000506036275 -0.00188740855
vn 0.000366607594 1.41829223e-05 -0.00196606154
vn 0.000336631376 4.47042148e-05 -0.00197095936
vn 0.000366551045 -1.41777873e-05 -0.00196607201
vn 0.000336626981 -4.47090933e-05 -0.00197096006
vn 0.000327979389 8.98868602e-05 -0.00197087554
vn 0.000453535671 9.7524884e-05 -0.00194545498
vn 0.000328040449 -8.98833314e-05 -0.0019708653
vn 0.000453536282 -9.75247895e-05 -0.00194545486
vn 0.000370712078 0.000410070264 -0.00192208623
vn 0.000219465815 0.000406294072 -0.00194595987
vn 0.000219463254 -0.000406292616 -0.00194596034
vn 0.000370714377 -0.000410066976 -0.00192208646
vn 0.00016016778 0.000645049033 -0.00188633474
vn 0.000258614047 0.000674427138 -0.00186501141
vn 0.000160164782 -0.000645045482 -0.00188633613
vn 0.00025861233 -0.000674423354 -0.00186501304
vn 9.98783216e-05 0.00153504778 -0.00127814431
vn 0.000112233029 0.00117439753 -0.00161499064
vn 0.000292053825 0.0011870492 -0.00158291473
vn 0.000267924479 0.00153979659 -0.00124789565
vn 9.98798059e-05 -0.00153504661 -0.0012781457
vn 0.000267935917 -0.00153979764 -0.00124789169
vn 0.00029205365 -0.00118704757 -0.00158291613
vn 0.000112231101 -0.00117439707 -0.00161499088
vn -9.97357129e-05 0.00189099333 -0.000643581734
vn 5.77981336e-05 0.00186477555 -0.000720604381
vn -9.97356183e-05 -0.0018909931 -0.000643582665
vn 5.77961764e-05 -0.00186477276 -0.000720612239
vn -0.00151088054 0.00129136303 -0.000222760456
vn -0.00150829309 0.00129017467 -0.000245970004
vn -0.00169884181 0.00101001991 -0.000306262431
vn -0.00170736341 0.00100106257 -0.000287722389
vn -0.00151087751 -0.00129136594 -0.000222762508
vn -0.00170746574 -0.00100089377 -0.000287702249
vn -0.00169888488 -0.00100996799 -0.000306195056
vn -0.00150829274 -0.00129017478 -0.000245971984
vn -0.000952900678 0.00174920994 -0.000179569659
vn -0.000909021008 0.00177243585 -0.000179310809
vn -0.000952899223 -0.00174921099 -0.000179567374
vn -0.000909181661 -0.00177225866 -0.000180245217
vn -0.000397341762 0.00193462521 -0.000315190089
vn -0.00038659561 0.00193621893 -0.000318748032
vn -0.000397338008 -0.00193462591 -0.000315190351
vn -0.000386595872 -0.00193621858 -0.000318749662
vn -0.00169633026 0.00100243045 -0.000342924643
vn -0.00144535222 0.00134835183 -0.000304803194
vn -0.00169633026 -0.00100243045 -0.000342925341
vn -0.0014453535 -0.00134835008 -0.000304803572
vn -0.000911167182 0.00176461821 -0.000236426713
vn -0.000911464449 -0.0017644621 -0.000236444306
vn -0.000406135339 0.00193647272 -0.00029176526
vn -0.000406031962 -0.00193649123 -0.000291787379
vn -0.000814058702 0.00180699432 -0.000268476724
vn -0.000814075582 -0.0018069857 -0.000268484058
vn -0.000366871129 0.0019573539 -0.000184855555
vn -0.000366863533 -0.00195735507 -0.000184858523
vn -0.000133897352 0.00192210427 -0.000536270963
vn -0.000133894253 -0.00192210346 -0.000536274281
vn -0.000122832993 0.00197964674 -0.000256730418
vn -0.000122833648 -0.00197964674 -0.000256731262
vn -0.000611393596 0.00190289353 -7.20691678e-05
vn -0.000611380208 -0.00190289307 -7.21975593e-05
vn -0.000403902552 0.00195400487 0.000136850198
vn -0.000403902552 -0.00195400487 0.000136848626
vn -0.000146571212 0.00196091039 0.000365166983
vn -0.000146575971 -0.00196091062 0.000365164655
vn 0.000169157618 0.00185220118 0.000735347334
vn 0.000169154271 -0.00185220153 0.000735347625
vn -0.000316582009 0.00197465392 2.27713608e-05
vn -0.000316585036 -0.00197465322 2.27676483e-05
vn -7.84797376e-05 0.00199845294 -5.19371633e-06
vn -7.84788499e-05 -0.00199845294 -5.19591094e-06
vn 0.000104818537 0.000380155951 -0.00196073833
vn 0.000141506665 0.000114346898 -0.00199170806
vn 0.000141511977 -0.000114323542 -0.00199170876
vn 0.000104818522 -0.000380154321 -0.00196073879
vn 7.77027162e-05 0.000607668015 -0.00190386514
vn 7.77027744e-05 -0.00060766656 -0.00190386549
vn -0.00178874529 -0.000224279283 -0.000866077142
vn -0.00123184512 -0.00101398397 -0.00120598276
vn -0.00133268849 -0.000581436558 -0.00137327134
vn -0.00174662599 1.99917577e-05 -0.000974114344
vn -0.001788922 0.000223965966 -0.000865792914
vn -0.00174662773 -1.99936476e-05 -0.000974111201
vn -0.00133268943 0.000581437314 -0.00137326983
vn -0.00123184198 0.00101399212 -0.00120597892
vn -0.00184142997 0.00050870789 -0.00059190538
vn -0.00190067897 0.000344941189 -0.000518107903
vn -0.00184142927 -0.000508708064 -0.000591906952
vn -0.00190066709 -0.000344884349 -0.000518188928
vn -0.00173046428 0.000916092191 -0.00040776137
vn -0.00180148752 0.000810349418 -0.000313013064
vn -0.00173046347 -0.000916092424 -0.00040776399
vn -0.00180147984 -0.000810360478 -0.000313028228
vn -0.00146182126 0.00132883713 -0.000311883166
vn -0.00154526136 0.00125416368 -0.000198093781
vn -0.00146182126 -0.00132883678 -0.000311883778
vn -0.00154527358 -0.00125414645 -0.000198107198
vn -0.000984208309 0.00171663752 -0.000290670141
vn -0.0010513392 0.00169501314 -0.000147029612
vn -0.0010513392 -0.00169501267 -0.000147030994
vn -0.000984208076 -0.0017166374 -0.000290671829
vn -0.000418565527 0.00191512576 -0.000396353396
vn -0.000382815895 0.00194894569 -0.000234656487
vn -0.000382815924 -0.00194894522 -0.00023465803
vn -0.00041856413 -0.00191512541 -0.000396356365
vn 0.000133129332 0.00186276482 -0.000715810223
vn 0.000330621726 0.00190680742 -0.000504752039
vn 0.000133129186 -0.00186276424 -0.000715811912
vn 0.000330620649 -0.00190680707 -0.00050475396
vn 0.000609420764 0.00151823834 -0.00115046045
vn 0.000990329776 0.00150470808 -0.000868965755
vn 0.000990329776 -0.00150470738 -0.000868966745
vn 0.000609419832 -0.0015182388 -0.00115046045
vn 0.000981838908 0.000886633061 -0.00149995822
vn 0.00142790645 0.000770651037 -0.00116926502
vn 0.00142790645 -0.000770650164 -0.00116926571
vn 0.000981837395 -0.000886629801 -0.00149996101
vn 0.00105215143 0.000181914875 -0.00169111928
vn 0.00143157376 1.2839484e-05 -0.00139657862
vn 0.00143157388 -1.28383763e-05 -0.0013965785
vn 0.00105215143 -0.000181913492 -0.00169111963
vn 0.0008887687 -0.000327579735 -0.0017614715
vn 0.00114822679 -0.000737361726 -0.00146214664
vn 0.0011482269 0.000737362891 -0.00146214606
vn 0.000888764393 0.000327581889 -0.00176147337
vn 0.00069723028 -0.000711290224 -0.00173434021
vn 0.000865731214 -0.00108562782 -0.00143941713
vn 0.000865729991 0.00108562992 -0.00143941632
vn 0.000697234878 0.000711291214 -0.00173433812
vn -0.000380515034 -0.00109375094 -0.0016306187
vn -0.000354670774 -0.00142139429 -0.00136156077
vn -0.000380514743 0.0010937521 -0.00163061824
vn -0.000354662101 0.00142139883 -0.00136155845
vn 5.55763363e-05 -0.00102502014 -0.0017164629
vn 8.6905231e-05 -0.00139549805 -0.0014300464
vn 5.56066298e-05 0.00102494238 -0.0017165083
vn 8.68968345e-05 0.00139549933 -0.0014300457
vn -0.00186764542 0.00068165845 -0.000217352936
vn -0.00194357033 0.000160732612 -0.000443508936
vn -0.00194356765 -0.000160680036 -0.000443540048
vn -0.00186764344 -0.000681659614 -0.000217366731
vn -0.00189688022 0.000588975381 -0.000234421459
vn -0.00194122072 2.08521087e-05 -0.000480861258
vn -0.00191435718 0.000490977778 -0.0003068847
vn -0.0019234895 -5.39731591e-05 -0.000545229763
vn -0.00194121455 -2.08412403e-05 -0.000480887422
vn -0.00192349043 5.39746907e-05 -0.000545226794
vn -0.00191437604 -0.000490874052 -0.000306933391
vn -0.00189689104 -0.000588986499 -0.000234306252
vn -0.00176196534 -0.000562220986 -0.000761174364
vn -0.00176196452 0.000562220521 -0.000761176518
vn -0.0017320608 -0.000651375391 -0.000758733018
vn -0.00173206371 0.000651369453 -0.000758731272
vn -0.00170909229 -0.000640330079 -0.000817912805
vn -0.00170909369 0.000640331535 -0.000817908789
vn -0.0016049837 0.00119090918 -7.59166724e-05
vn -0.00160497217 -0.00119092222 -7.595239e-05
vn -0.00163245003 0.0011533146 -7.05126949e-05
vn -0.00163251022 -0.00115323078 -7.04965641e-05
vn -0.00165865954 0.00111192267 -0.000111699424
vn -0.00165865896 -0.00111192325 -0.000111701862
vn -0.00109498564 0.00167358539 -1.08946388e-05
vn -0.0010945237 -0.00167388131 -1.17792488e-05
vn -0.000349967217 0.00196772418 -7.47328013e-05
vn -0.000349989627 -0.0019677165 -7.48347302e-05
vn 0.000545922841 0.00190359948 -0.000279780012
vn 0.000545768009 -0.00190362439 -0.000279912376
vn 0.00129531219 0.00142700109 -0.000534634572
vn 0.00129531207 -0.00142700062 -0.000534635619
vn -0.00117468042 -0.00125635287 -0.00102063909
vn -0.00117458962 0.00125642389 -0.00102065632
vn -0.000359007972 -0.00160489744 -0.00113816443
vn -0.000358991179 0.00160496007 -0.00113808108
vn 6.62211096e-05 -0.0016464889 -0.00113344146
vn 6.62211023e-05 0.00164648995 -0.00113343995
vn 0.000947650173 -0.00135787448 -0.00112166686
vn 0.00130421261 -0.00104307139 -0.00110046926
vn 0.00130421203 0.00104307197 -0.00110046903
vn 0.000946880318 0.00135844154 -0.00112163043
vn 0.00172873435 -0.000250138488 -0.00097411935
vn 0.00172874867 0.000250141049 -0.000974093331
vn 0.00172436726 0.000655469776 -0.000772604428
vn 0.00172436691 -0.000655468786 -0.000772606058
vn -0.00115208898 0.00163453887 -3.12185257e-05
vn -0.00115208968 -0.00163453841 -3.12196062e-05
vn -0.00119193771 0.00160434889 -7.31419568e-05
vn -0.00119202014 -0.00160428789 -7.31359323e-05
vn -0.000405777449 0.00195509638 -0.000113766597
vn -0.000405791536 -0.0019550994 -0.000113664879
vn -0.000469733874 0.00193627411 -0.000173759938
vn -0.000469819817 -0.00193621079 -0.000174232729
vn 0.000510634214 0.00191077183 -0.000296991901
vn 0.00051063305 -0.00191077159 -0.000296995626
vn 0.000453433313 0.00191401341 -0.000361871993
vn 0.000453657616 -0.00191395241 -0.000361913466
vn 0.00126929523 0.00145335181 -0.000525983516
vn 0.00126929523 -0.00145335135 -0.00052598468
vn 0.00121245091 0.00147862383 -0.000586204347
vn 0.00121245149 -0.00147862302 -0.000586205337
vn 0.00171732355 0.000682781101 -0.000764597964
vn 0.00171732891 -0.000682696817 -0.000764661643
vn 0.00167853502 0.000681840291 -0.000847121468
vn 0.0016785349 -0.000681839476 -0.000847122399
vn 0.00171941356 -0.000236086707 -0.000993921421
vn 0.00171937852 0.000236180174 -0.000993960071
vn 0.00166265795 -0.000182455376 -0.00109648495
vn 0.00166265841 0.000182455973 -0.0010964839
vn 0.00126761117 -0.00100609229 -0.00117513421
vn 0.00126753922 0.00100609183 -0.00117521256
vn 0.00116573647 -0.000977023272 -0.00129864702
vn 0.00116573356 0.000977023738 -0.00129864924
vn 0.000864025787 -0.00133445137 -0.00121354824
vn 0.00086402637 0.00133445219 -0.00121354673
vn 0.000775636523 -0.00128303713 -0.00132370845
vn 0.000775636232 0.00128303829 -0.00132370763
vn -0.000471682113 -0.00154400244 -0.001180497
vn -2.59640583e-05 -0.00159575033 -0.00120536622
vn -2.59639219e-05 0.00159575115 -0.00120536494
vn -0.000471681444 0.00154400442 -0.0011804949
vn -0.000542345515 -0.0014672149 -0.0012462514
vn -9.12098621e-05 -0.00150855398 -0.00130994117
vn -9.12128889e-05 0.00150855328 -0.00130994164
vn -0.000542365364 0.00146684516 -0.00124667783
vn -0.00119363982 -0.00124782091 -0.00100904296
vn -0.00119363971 0.00124782161 -0.00100904226
vn -0.0011970381 -0.00119445485 -0.00106788462
vn -0.0011970381 0.00119445566 -0.00106788392
vn -4.01181933e-05 -0.000460251438 -0.00194590841
vn -0.00049572438 -0.000507102231 -0.00187005475
vn -0.0005107373 -0.000293789839 -0.00191123923
vn -0.0001239251 -0.00029088353 -0.00197484903
vn -4.02689511e-05 0.000459978852 -0.00194596965
vn -0.000123924779 0.000290884956 -0.00197484926
vn -0.000510729558 0.000293795951 -0.0019112404
vn -0.000495725311 0.0005071052 -0.00187005382
vn 0.000397306081 -0.000198310954 -0.00195008237
vn 0.000267121213 -0.000119086631 -0.00197850075
vn 0.000397305965 0.000198312337 -0.00195008225
vn 0.000267118216 0.000119088283 -0.00197850098
vn 0.000657586847 0.000307398645 -0.00186362152
vn 0.000531597703 0.000341783278 -0.00189752155
vn 0.00065758673 -0.000307397509 -0.00186362176
vn 0.000531598926 -0.000341780513 -0.00189752178
vn 0.000758922077 0.000789868122 -0.00167336361
vn 0.000577703642 0.000807534205 -0.00173612987
vn 0.000758922193 -0.000789866841 -0.0016733642
vn 0.000577702362 -0.000807440141 -0.00173617434
vn 0.000521304493 0.00118093099 -0.001527627
vn 0.000641610066 0.0012759649 -0.00140008959
vn 0.000641662627 -0.00127588585 -0.0014001372
vn 0.000521304493 -0.00118092983 -0.00152762805
vn 0.000114130919 0.0016003676 -0.00119406777
vn 4.13097086e-06 0.00132594618 -0.00149728102
vn 0.000114234252 -0.00160036585 -0.00119406031
vn 4.14313399e-06 -0.00132593687 -0.0014972894
vn -0.000557107152 0.00131836382 -0.00139697816
vn -0.000554443162 0.00164227001 -0.000997768948
vn -0.000554341823 -0.00164228247 -0.00099780492
vn -0.000557089399 -0.00131837197 -0.00139697781
vn -0.000993269496 0.00124243868 -0.00121233729
vn -0.00113278814 0.0014421196 -0.000798174413
vn -0.00113278744 -0.00144211994 -0.000798174762
vn -0.000993269496 -0.00124243798 -0.00121233822
vn -0.00122063817 0.00105867232 -0.00117866707
vn -0.00141075975 0.00111494795 -0.000875584956
vn -0.0014107601 -0.00111494667 -0.000875586178
vn -0.00122063817 -0.00105867139 -0.00117866788
vn -0.00120420987 0.000710931607 -0.00142984465
vn -0.00149158936 0.000763045042 -0.0010922103
vn -0.00149158982 -0.000763041608 -0.00109221239
vn -0.00120420987 -0.000710930442 -0.00142984511
vn -0.00110262632 0.000339491962 -0.00163369556
vn -0.00142276601 0.000231478843 -0.00138641801
vn -0.00142276578 -0.000231476544 -0.00138641859
vn -0.00110262632 -0.000339490682 -0.00163369568
vn -0.00120750431 -0.000210947299 -0.00158032763
vn -0.000984314829 1.24744229e-05 -0.00174096785
vn -0.00120750372 0.000210948303 -0.00158032787
vn -0.000984321581 -1.24805656e-05 -0.00174096401
vn -0.000848494063 -0.00030325909 -0.00178552291
vn -0.00092325767 -0.000453435583 -0.00171522365
vn -0.000923249056 0.000453396409 -0.00171523856
vn -0.000848429801 0.000303194276 -0.00178556435
vn -0.000753252127 0.000458435621 -0.00179511798
vn -0.000846615294 0.000833145576 -0.00160907162
vn -0.000753266562 -0.000458530762 -0.00179508771
vn -0.000846616167 -0.000833144179 -0.00160907186
vn -0.000635016419 9.94177899e-05 -0.00189390359
vn -0.000635018165 -9.94183283e-05 -0.00189390301
vn -0.00031209056 0.000143569749 -0.001970276
vn -0.000312090327 -0.000143568686 -0.001970276
vn -0.000365845044 0.000545731455 -0.00188900367
vn -0.000365844986 -0.000545729941 -0.00188900402
vn -0.000460119219 0.000912665972 -0.00171910785
vn -0.000460117415 -0.000912662537 -0.00171910995
vn 2.93269313e-05 0.000893660181 -0.00178899756
vn 2.93274679e-05 -0.000893663382 -0.00178899581
vn 0.000100524565 0.000532746722 -0.0019251171
vn 0.000100521283 -0.000532741775 -0.00192511873
vn 3.91548965e-05 0.000162042823 -0.00199304032
vn 3.92160509e-05 -0.000161958989 -0.00199304591
vn 0.00047876747 0.00141112017 0.00133398722
vn 0.00047876747 -0.00141112134 0.00133398618
vn 0.000221669747 0.00176357315 0.000916881778
vn 0.00022153616 -0.00176361052 0.000916842138
vn -6.05465721e-05 0.00193468621 0.000503312272
vn -6.05595815e-05 -0.00193472113 0.000503176823
vn -0.000244255498 0.00197184319 0.000228416058
vn -0.000244257011 -0.00197184319 0.000228414166
vn 7.27226052e-06 0.00132683874 -0.00149647775
vn 1.16246738e-05 0.0010972704 -0.00167208316
vn 1.15838466e-05 -0.00109731976 -0.00167205103
vn 7.27223824e-06 -0.00132683758 -0.0014964788
vn 8.55886537e-05 -6.66513952e-05 -0.00199705595
vn 4.75175111e-05 -0.000344020431 -0.00196961756
vn 8.55797916e-05 6.66696287e-05 -0.00199705572
vn 4.75211491e-05 0.000344018918 -0.00196961733
vn 3.88926128e-05 -0.000579184445 -0.00191390526
vn 3.89704983e-05 0.000579238986 -0.00191388722
vn -2.03263667e-07 -0.0010210285 -0.00171973882
vn 1.66793916e-06 -0.00128702167 -0.00153087312
vn 1.69412795e-06 0.00128702563 -0.00153086986
vn -2.04484223e-07 0.00102102989 -0.00171973789
vn 4.19918479e-07 0.000349391077 -0.00196924503
vn 7.75526423e-05 3.97413351e-05 -0.00199810066
vn 7.75547669e-05 -3.97371441e-05 -0.0019981009
vn 4.20123371e-07 -0.000349389098 -0.0019692455
vn -2.17210963e-05 0.00120546517 -0.00159573881
vn -1.05158106e-05 0.000945952022 -0.00176211935
vn -1.05156714e-05 -0.000945949985 -0.0017621204
vn -2.17199376e-05 -0.00120546471 -0.00159573916
vn 2.33182964e-05 0.000568558753 -0.00191734137
vn 2.33188257e-05 -0.00056855625 -0.00191734219
vn 0.000325346889 -0.000233910832 -0.00195944752
vn 0.000332625699 -9.28818263e-05 -0.00196995796
vn 0.000332611293 9.28983791e-05 -0.00196995959
vn 0.000325344881 0.000233909086 -0.00195944821
vn 6.13102238e-05 0.00167742639 -0.00108741981
vn -1.51260951e-06 0.00151889527 -0.0013011361
vn 6.13295197e-05 -0.00167742162 -0.00108742609
vn -1.51274878e-06 -0.00151889899 -0.00130113191
vn 0.000254939718 0.00186466775 -0.000676772383
vn 0.000161753225 0.00179375545 -0.000869641895
vn 0.000254938757 -0.0018646674 -0.00067677378
vn 0.000161753691 -0.00179375417 -0.000869644515
vn 0.000867990137 0.00177342584 -0.000318675215
vn 0.000733510475 0.00180799491 -0.0004394516
vn 0.000867990719 -0.00177342538 -0.000318676291
vn 0.000733643246 -0.00180794159 -0.000439448981
vn 0.00161711767 0.0011540869 -0.000230247635
vn 0.00154327345 0.00123713387 -0.000296322512
vn 0.00154334982 -0.00123703678 -0.00029632941
vn 0.0016171165 -0.00115408865 -0.00023024746
vn 0.00192913879 0.000290054042 -0.000440786447
vn 0.00192575809 0.000263052061 -0.000471444364
vn 0.00192575948 -0.00026305014 -0.000471439358
vn 0.001929141 -0.00029005282 -0.000440776959
vn 0.00168414181 -0.000567784475 -0.000917217461
vn 0.00167338608 -0.000765040168 -0.00078389555
vn 0.00168415764 0.000567760551 -0.000917202793
vn 0.00167338399 0.000765035104 -0.000783904863
vn 0.00144287641 -0.00057516474 -0.00125987839
vn 0.00144022086 -0.00108509674 -0.00086506037
vn 0.00144288025 0.000575194077 -0.00125986058
vn 0.00144022203 0.00108509546 -0.000865060196
vn 0.00106861291 -0.000746162666 -0.0015170062
vn 0.000989379594 -0.000713511894 -0.00158493826
vn 0.000855213089 -0.00123635028 -0.00131910923
vn 0.000915989396 -0.00129290891 -0.00122038985
vn 0.00106861885 0.000746143749 -0.00151701132
vn 0.000915987999 0.00129290973 -0.00122039008
vn 0.000855214661 0.00123634934 -0.00131910923
vn 0.000989390188 0.000713484711 -0.00158494408
vn 0.000726819155 -0.000342054002 -0.00183159299
vn 0.000644458283 -0.000766710786 -0.00173113518
vn 0.000644465094 0.000766710029 -0.00173113286
vn 0.000726808852 0.000342013809 -0.00183160463
vn -6.75035917e-05 0.00175969244 -0.00094811758
vn -5.10931022e-06 0.00173536513 -0.000994224218
vn -5.10912832e-06 -0.00173536607 -0.000994222821
vn -6.75035917e-05 -0.00175969175 -0.000948118977
vn 4.25239996e-05 0.0016402608 -0.00114356342
vn 4.25110775e-05 -0.0016402019 -0.00114364782
vn 0.000143484445 0.00188423449 -0.00065503642
vn 0.000143432175 -0.00188421761 -0.000655096432
vn 0.000403888436 0.00191555929 -0.000409276632
vn 0.00040389059 -0.00191555824 -0.000409279863
vn 0.0009889215 0.00172793702 -0.000190442879
vn 0.000988924759 -0.00172793434 -0.000190448904
vn 0.00164002681 0.0011342431 -0.000154290392
vn 0.00164002867 -0.0011342396 -0.000154292778
vn 0.00192348589 0.00040989797 -0.000363574276
vn 0.00192348671 -0.000409896136 -0.000363571948
vn 0.00180724426 -0.000237899585 -0.000822965696
vn 0.00180724345 0.000237902743 -0.00082296622
vn 0.00159416872 -0.000326302194 -0.00116282108
vn 0.0015941856 0.000326335488 -0.00116278871
vn 0.00191208988 0.000109306784 -0.000576163118
vn 0.00183284923 -7.67471574e-05 -0.00079672737
vn 0.00183284702 7.67300444e-05 -0.000796733657
vn 0.00191211014 -0.00010922509 -0.00057611207
vn 0.00190598308 0.000574436272 -0.000193006606
vn 0.0019059832 -0.000574436795 -0.000193005646
vn 3.60991689e-05 0.00190527516 -0.000607143622
vn 3.60996673e-05 -0.00190527446 -0.000607146241
vn 8.30451027e-05 0.00197997713 -0.000269802578
vn 8.30452773e-05 -0.00197997689 -0.000269804237
vn 0.000232499369 0.00197415682 -0.000220566915
vn 0.000232499646 -0.00197415682 -0.000220568545
vn 0.00054911914 0.00192078587 -9.51320108e-05
vn 0.000549118442 -0.00192078622 -9.51308612e-05
vn -0.000768854108 0.000793944695 -0.0016668879
vn -0.00069445587 0.00131238031 -0.00133992126
vn -0.00112389249 0.00128941587 -0.00103647169
vn -0.0013302695 0.000650448201 -0.0013443589
vn -0.000768917729 -0.000793763902 -0.00166694494
vn -0.00133027078 -0.000650437374 -0.00134436239
vn -0.00112389261 -0.00128941494 -0.00103647239
vn -0.000694457558 -0.0013123767 -0.00133992406
vn -0.00148935546 0.00112921558 -0.000711823523
vn -0.00173182425 0.000432992005 -0.000901833177
vn -0.00173182425 -0.000432991335 -0.000901833584
vn -0.00148935721 -0.00112921582 -0.000711819855
vn -0.00156958424 0.00102822506 -0.000692213129
vn -0.00178565411 0.000336825615 -0.000835456885
vn -0.00152608589 0.00100837753 -0.000808848825
vn -0.00174738222 0.000305716589 -0.000923684333
vn -0.00156958424 -0.00102822471 -0.000692213944
vn -0.00178565539 -0.000336824189 -0.000835454848
vn -0.00174738339 -0.000305717083 -0.000923682004
vn -0.00152608578 -0.00100837694 -0.000808849931
vn 0.000689776381 -0.00172626995 -0.000737699622
vn 0.000298842555 -0.00180760538 -0.000802032242
vn 0.000202669107 -0.0019081583 -0.000563788984
vn 0.000634890108 -0.00183335051 -0.000485530967
vn 0.000689753564 0.00172632502 -0.000737592403
vn 0.000634891563 0.00183335273 -0.000485521508
vn 0.000202714247 0.00190813246 -0.00056385994
vn 0.000298821251 0.00180760177 -0.000802048773
vn 0.000112490874 -0.00167062844 -0.00109377666
vn -0.000141803044 -0.00146893295 -0.00134986232
vn -0.000356890232 -0.00166820746 -0.00104389351
vn -5.25591349e-05 -0.00184901862 -0.000760505034
vn 0.000112489528 0.0016706289 -0.00109377608
vn -5.25587566e-05 0.00184901943 -0.000760503463
vn -0.000356890261 0.00166820851 -0.00104389212
vn -0.000141701094 0.00146892865 -0.0013498778
vn -0.000629470451 -0.000517614477 -0.00182642892
vn -0.000966891705 -0.000908062677 -0.00149684434
vn -0.000966884836 0.000908089045 -0.00149683282
vn -0.00062946399 0.000517614244 -0.00182643114
vn -0.000770753657 0.000197307905 -0.00183494098
vn -0.00126911432 1.61815278e-05 -0.00154566718
vn -0.000770753541 -0.000197305868 -0.00183494133
vn -0.0012691156 -1.61866574e-05 -0.00154566602
vn -0.000445929269 0.00174268254 -0.000874188263
vn -0.000731315406 0.00174748385 -0.000641466409
vn -0.000445929647 -0.00174268172 -0.00087418966
vn -0.000731679902 -0.00174729922 -0.000641553081
vn 0.00127933873 -0.00146671454 -0.000460478797
vn 0.00122778595 -0.00140342012 -0.000723155332
vn 0.0012277842 0.00140342186 -0.000723154866
vn 0.00127933873 0.00146671513 -0.000460477691
vn 0.00179776817 -0.000753151835 -0.000448098785
vn 0.00171100313 -0.000711532601 -0.000752456021
vn 0.00171100348 0.000711533125 -0.000752454565
vn 0.00179776805 0.000753152359 -0.000448098261
vn 0.0019407837 0.000293733028 -0.000383509905
vn 0.0018627519 0.000308129704 -0.000659705664
vn 0.001862754 -0.00030812755 -0.000659701065
vn 0.00194078381 -0.000293732708 -0.000383510109
vn 0.00146220298 0.00127528457 -0.000485399476
vn 0.00153471215 0.00125263119 -0.000274906459
vn 0.00146220776 -0.00127528142 -0.000485393131
vn 0.00153470342 -0.00125264074 -0.000274911959
vn 0.000588971656 0.00186777359 -0.000405628409
vn 0.000639283448 0.00188390701 -0.00020545561
vn 0.000588975498 -0.00186777127 -0.000405633415
vn 0.000639281468 -0.00188390724 -0.000205457982
vn -8.07744436e-05 0.00192357576 -0.000541601737
vn -0.000198178765 0.00196559704 -0.000311694195
vn -8.07756951e-05 -0.00192357472 -0.000541605172
vn -0.000198175112 -0.00196559564 -0.000311704294
vn -0.00097865751 0.00168831856 -0.000437961193
vn -0.000978656579 -0.00168831646 -0.000437971001
vn -0.00104330876 0.00161817193 -0.000541319547
vn -0.00104330759 -0.00161817181 -0.000541321875
vn -0.00103211997 0.00153388723 -0.000762836193
vn -0.00103211857 -0.00153388618 -0.000762839802
vn -0.000268367206 0.00196715188 -0.000241438756
vn -0.000268367672 -0.00196715118 -0.000241445974
vn -0.00028703484 0.00191647152 -0.000494720647
vn -0.000287020317 -0.00191647117 -0.00049473031
vn -0.000239615969 0.0018288584 -0.000773215084
vn -0.000239714034 -0.00182886003 -0.000773180684
vn 0.000637674762 0.00188587408 -0.00019196434
vn 0.000637673249 -0.00188587443 -0.00019196597
vn 0.00060448033 0.0018485802 -0.000466213765
vn 0.00060448033 -0.00184857973 -0.000466215221
vn 0.000555846549 0.00175549055 -0.000780569506
vn 0.000555649633 -0.00175555388 -0.000780566712
vn 0.0014501015 0.00128236983 -0.000502726529
vn 0.00135368726 0.00125103071 -0.000776179018
vn 0.0013536131 -0.0012511058 -0.000776186993
vn 0.00145009893 -0.00128237298 -0.000502725365
vn 0.00152999419 0.00126286258 -0.000253567356
vn 0.00153003074 -0.00126283721 -0.0002534714
vn 0.0019428652 0.000343181338 -0.000327873306
vn 0.00194293109 -0.000343120191 -0.000327547896
vn 0.0018816907 0.000439346186 -0.00051596103
vn 0.00188169442 -0.000439335592 -0.000515955966
vn 0.00180199777 0.000461939402 -0.000734449772
vn 0.00180199766 -0.000461938936 -0.000734450121
vn 0.00184162927 -0.000693180657 -0.000357634533
vn 0.00184159423 0.000693278853 -0.000357624231
vn 0.00185063132 -0.000558961881 -0.000512568397
vn 0.00185063132 0.000558962463 -0.000512568047
vn 0.00182376476 -0.000457964634 -0.000681286328
vn 0.00182376476 0.000457963877 -0.000681286328
vn -0.00169666251 -0.000286942988 -0.00101931393
vn -0.00169666251 0.000286943832 -0.0010193137
vn -0.00173029571 -0.000361182349 -0.000935748336
vn -0.00173029571 0.000361183047 -0.000935748103
vn -0.00167582592 -0.000399373908 -0.00101592718
vn -0.0016758251 0.000399375043 -0.00101592822
vn -0.00131731248 -0.00110980845 -0.0010163727
vn -0.00131731736 0.00110980449 -0.00101637025
vn -0.000628428243 -0.00174865813 -0.00073977845
vn -0.000628428825 0.00174865872 -0.000739777344
vn -0.000253185863 -0.0019072463 -0.000546176627
vn -0.000253185892 0.00190724677 -0.000546175055
vn 0.000132116926 -0.00195794925 -0.000385978492
vn 0.000629097514 -0.00186298031 -0.00036543241
vn 0.000629097805 0.00186298217 -0.000365422282
vn 0.000132066765 0.00195801095 -0.000385683263
vn 0.00133136334 -0.00145150523 -0.000347282243
vn 0.00133136334 0.00145150546 -0.000347281079
vn -0.00134774181 -0.00114739628 -0.000931168674
vn -0.00134770479 0.0011474815 -0.000931116694
vn -0.00132544129 -0.00110771519 -0.00100805436
vn -0.00132544001 0.00110771647 -0.00100805424
vn 0.00138574559 -0.00135666295 -0.000489055295
vn 0.0013954005 -0.00128379208 -0.000636188895
vn 0.00139540329 0.00128379883 -0.00063616893
vn 0.00138574746 0.00135666144 -0.000489054772
vn 0.000682276732 -0.00181359937 -0.000495333981
vn 0.00075373397 -0.00173704489 -0.000643863343
vn 0.000682276732 0.00181359984 -0.000495332701
vn 0.00075377454 0.00173699681 -0.000643945357
vn 0.000191573185 -0.00192357018 -0.000513008039
vn 0.00019157317 0.00192357064 -0.000513006526
vn 0.000260929577 -0.0018713536 -0.000655707554
vn 0.000260929432 0.00187135406 -0.000655706273
vn -0.000709477812 -0.00171532214 -0.00074452121
vn -0.000709482119 0.00171532226 -0.000744517019
vn -0.000379047473 -0.00185551425 -0.000642954605
vn -0.000379047327 0.00185551436 -0.00064295379
vn -0.000746836595 -0.00164234696 -0.00086309429
vn -0.000746683974 0.00164242159 -0.000863084686
vn -0.000442654418 -0.00179308059 -0.000767410791
vn -0.000442653924 0.00179308164 -0.000767408754
vn -0.000759975461 0.00110690598 -0.00148229441
vn -0.000276178587 0.00125850097 -0.00152967358
vn -0.000219378984 0.0009771185 -0.00173121714
vn -0.000650891976 0.000839224842 -0.00169470999
vn -0.000759975694 -0.00110690552 -0.00148229476
vn -0.000650892034 -0.000839223096 -0.00169471081
vn -0.000219378999 -0.000977117103 -0.00173121796
vn -0.000276177889 -0.00125850085 -0.00152967381
vn -0.00100403128 0.000615574594 -0.00161647447
vn -0.00115732709 0.000717454415 -0.00146487332
vn -0.00115732686 -0.00071745296 -0.00146487413
vn -0.00100395153 -0.000615544326 -0.00161653559
vn -0.000977390097 0.000145262005 -0.00173885259
vn -0.00122753938 0.000149121915 -0.00157191267
vn -0.00122753857 -0.000149120533 -0.0015719136
vn -0.000977390097 -0.000145260652 -0.00173885259
vn -0.000877868908 -0.00027375677 -0.00177606405
vn -0.00112464919 -0.000347814144 -0.00161684572
vn -0.00112464989 0.000347815861 -0.00161684491
vn -0.000877868908 0.000273758167 -0.00177606381
vn -0.000760321913 -0.000643599778 -0.00173426943
vn -0.000937273842 -0.000806308351 -0.00157206389
vn -0.000937235658 0.00080630189 -0.00157208997
vn -0.000760321913 0.000643601234 -0.00173426874
vn -0.000663913379 -0.00111183629 -0.00152415223
vn -0.000593720295 -0.000974528491 -0.00164249539
vn -0.000663913146 0.00111183815 -0.00152415084
vn -0.000593720993 0.000974530587 -0.00164249376
vn -3.38878635e-05 -0.00120757031 -0.00159393414
vn -0.000134289352 -0.000947050168 -0.00175643479
vn -3.38878526e-05 0.00120757008 -0.00159393426
vn -0.000134290793 0.0009470472 -0.00175643631
vn 0.000404525839 -0.000847336138 -0.00176589389
vn 0.000496730441 -0.00116675883 -0.00154658745
vn 0.000404526916 0.000847337651 -0.00176589284
vn 0.000496729393 0.00116676127 -0.00154658605
vn 0.000836390187 -0.000736607006 -0.00166068133
vn 0.00101344252 -0.00101003191 -0.0013974153
vn 0.00101344089 0.00101004029 -0.00139741076
vn 0.000836390187 0.000736608228 -0.00166068075
vn 0.0011077841 -0.000391769689 -0.00161843479
vn 0.0013924744 -0.000406571606 -0.0013768496
vn 0.00139247393 0.000406571955 -0.00137684983
vn 0.00110778783 0.000391776499 -0.0016184306
vn 0.00106089003 0.000211590101 -0.00168218371
vn 0.00129769219 0.000460825482 -0.00145039137
vn 0.00129798532 -0.000460895797 -0.00145010697
vn 0.00106089911 -0.000211591934 -0.00168217777
vn 0.000906277914 0.000728607236 -0.00162720366
vn 0.00100497715 0.000947058317 -0.00144675572
vn 0.00100498076 -0.00094705564 -0.00144675514
vn 0.000906277914 -0.000728606014 -0.00162720436
vn 0.00045457168 0.00104184262 -0.00164557877
vn 0.000458935858 0.00124515849 -0.001496315
vn 0.000458936265 -0.00124515651 -0.00149631652
vn 0.000454506371 -0.00104175787 -0.00164565013
vn -0.000512118277 0.000206036391 -0.00192231208
vn -0.000146528997 0.000377307733 -0.00195861375
vn -0.000512122875 -0.000206034107 -0.00192231126
vn -0.000146531165 -0.000377308228 -0.00195861375
vn -0.000428760715 -0.000169914449 -0.00194609724
vn -0.000428636966 0.000170082669 -0.00194610935
vn 2.31406852e-06 1.09305402e-05 -0.0019999689
vn 2.31742411e-06 -1.09287612e-05 -0.0019999689
vn -0.000292904355 -0.000476518006 -0.00192019215
vn -0.000292899786 0.00047652272 -0.00192019145
vn 0.000158236566 -0.000339461083 -0.00196461915
vn 0.000158237395 0.000339462364 -0.00196461868
vn 0.000510629092 -0.000107874897 -0.00193070481
vn 0.000510626531 0.000107877393 -0.0019307055
vn 0.000466728379 0.000273676938 -0.00192542619
vn 0.000466728234 -0.000273675425 -0.00192542642
vn 0.000288738986 0.000578291016 -0.0018926725
vn 0.000288738986 -0.000578289619 -0.00189267297
vn 0.000144528036 0.00199461915 2.46347372e-05
vn 0.000144531339 -0.00199461775 2.47336338e-05
vn 0.000307067181 0.00197320175 0.000110388421
vn 0.000307070266 -0.00197320129 0.000110386602
vn 0.000638609752 0.00188514905 0.000195937158
vn 0.000638609694 -0.00188514905 0.000195936285
vn -0.000126618557 0.0014976525 0.0013194714
vn 5.22562732e-05 0.00147339923 0.00135143055
vn 5.22589398e-05 -0.00147340039 0.00135142915
vn -0.000126640822 -0.0014976199 0.00131950644
vn 0.000136910836 0.00167378911 0.00108613365
vn -5.02681396e-05 0.00172653398 0.00100824295
vn 0.000136910778 -0.00167379121 0.00108613062
vn -5.02693365e-05 -0.0017265355 0.00100824016
vn 0.000222785122 0.0018572571 0.000707787578
vn 6.49366484e-05 0.00186552433 0.000718054769
vn 0.000222784845 -0.00185729249 0.000707694562
vn 6.49361973e-05 -0.00186552748 0.000718046678
vn 0.000220631366 0.00190693443 0.000561180175
vn 9.61713813e-05 0.00190954097 0.000586859882
vn 0.000220638191 -0.00190693582 0.000561172783
vn 9.61729093e-05 -0.0019095426 0.000586854701
vn 0.000377279619 0.00188619772 0.000547648058
vn 0.000397504395 0.00189895614 0.000485752826
vn 0.000397506315 -0.00189895486 0.000485757686
vn 0.000377279677 -0.00188619818 0.000547646545
vn 0.000911613752 0.00168792054 0.000565583876
vn 0.000958184362 0.00167629484 0.000521458162
vn 0.000911619281 -0.00168791669 0.000565585971
vn 0.000958186807 -0.00167629402 0.000521456648
vn 0.00144177559 0.00129806635 0.000486114121
vn 0.00145641132 0.00124840089 0.000566005067
vn 0.00144177838 -0.0012980653 0.000486109144
vn 0.00145640899 -0.0012484059 0.000565999828
vn 0.00184832758 0.000493711501 0.000583038374
vn 0.0018785015 0.000495842076 0.000474735076
vn 0.00184826099 -0.000493989792 0.000583014335
vn 0.00187849859 -0.000495853776 0.000474733679
vn -6.13728043e-05 0.00176308432 0.000942214625
vn -6.13733864e-05 -0.00176308502 0.000942213228
vn -0.000166995946 0.00150010095 0.00131217751
vn -0.000166995189 -0.00150010397 0.0013121739
vn -0.000216530287 0.00103015045 0.00170056033
vn -0.000216530636 -0.00103015162 0.00170055951
vn -0.000221945622 0.000405314582 0.00194588304
vn -0.000221943861 -0.000405323866 0.00194588117
vn 0.000233288811 0.000356651784 0.0019540668
vn 0.000175405541 0.000949970912 0.00175122474
vn 0.000175366149 -0.00094991381 0.00175125967
vn 0.000233297134 -0.000356656994 0.00195406447
vn 0.000869137933 0.000334498211 0.00176994642
vn 0.000731094566 0.000920600025 0.00161802256
vn 0.000730987173 -0.000920554856 0.00161809672
vn 0.000869147654 -0.000334433658 0.00176995364
vn 0.00140768103 0.00040796664 0.00136088091
vn 0.00111288996 0.0011066969 0.00123963645
vn 0.00140770944 -0.000407999585 0.00136084203
vn 0.00111288973 -0.00110669818 0.00123963505
vn 0.000261089415 0.00172017666 0.000986318802
vn 0.000261090492 -0.00172017596 0.000986319617
vn 0.000745184429 0.00148159289 0.00111784763
vn 0.000745183846 -0.001481593 0.00111784774
vn 0.000147458864 0.00141514 0.00140557275
vn 0.000147461484 -0.00141514454 0.00140556798
vn 0.000608167378 0.00126451952 0.001425175
vn 0.000608167436 -0.0012645208 0.00142517395
vn 0.000293672783 0.00194449862 0.000364253938
vn 0.000391264854 0.00192115328 0.000395072071
vn 0.000391265698 -0.00192115339 0.000395069888
vn 0.000293616788 -0.00194449292 0.000364330946
vn 0.000288856187 0.00197088113 -0.000179412891
vn 0.000439295021 0.00194091583 -0.000199664428
vn 0.00043929473 -0.00194091606 -0.000199663948
vn 0.000288856187 -0.00197088113 -0.000179414434
vn 0.000334602839 0.00193253404 -0.000391602749
vn 0.000267367781 0.00193181168 -0.000443416706
vn 0.000334599463 -0.00193253474 -0.000391602807
vn 0.000267366995 -0.00193181308 -0.000443410914
vn 0.000529243727 0.00190003717 -0.000331299816
vn 0.000785701559 0.00179397827 -0.000405357772
vn 0.00052924233 -0.00190003763 -0.000331299641
vn 0.00078570121 -0.00179397839 -0.000405358558
vn 0.00153639726 0.00125830329 -0.000236973225
vn 0.00137264002 0.00144348131 -0.000179504466
vn 0.00137264479 -0.00144347642 -0.000179506882
vn 0.00153639738 -0.00125830306 -0.000236974287
vn 0.00194240175 0.000469073188 -8.39389904e-05
vn 0.00191854557 0.000556860352 -9.53381095e-05
vn 0.00194240187 -0.000469065766 -8.39805944e-05
vn 0.00191855431 -0.000556835788 -9.5309857e-05
vn 0.00162216322 0.000396925519 0.00110047148
vn 0.00134499173 0.00105531793 0.00103793119
vn 0.0016221382 -0.000396994787 0.001100483
vn 0.0013449922 -0.00105531875 0.00103792991
vn 0.00161193113 0.00110178662 0.000433294976
vn 0.00187700568 0.00041336249 0.000553156191
vn 0.00187700754 -0.000413375907 0.000553139078
vn 0.00161193125 -0.00110178674 0.000433294073
vn 0.00106605259 0.00167106139 0.000266620744
vn 0.00106605259 -0.0016710615 0.000266619318
vn 0.00033323653 0.0019046521 0.000511130725
vn 0.000333297474 -0.00190462184 0.000511204358
vn 0.000265401672 0.00197002478 0.000220374655
vn 0.000265401672 -0.00197002478 0.000220373098
vn 0.00057664013 0.00189633982 0.000267173658
vn 0.000576638326 -0.00189634098 0.000267170166
vn 0.000869243231 0.00161278108 0.000802093477
vn 0.000869244046 -0.0016127805 0.000802093826
vn 0.00146161544 0.000993372756 0.000936424825
vn 0.00169423921 0.000379359961 0.000992794055
vn 0.00169422955 -0.000379251054 0.000992852147
vn 0.00146161439 -0.000993375084 0.000936423836
vn 0.00110609981 0.00145682343 0.000808832119
vn 0.00110600854 -0.00145690702 0.000808805868
vn 0.000283767702 0.00196057977 -0.000274958817
vn 0.000598974293 0.00187913049 -0.000331811694
vn 0.000599015038 -0.00187913422 -0.000331717281
vn 0.000283767644 -0.00196057977 -0.000274960417
vn -3.32570162e-05 0.00193349388 -0.000510387879
vn 0.000511212973 0.00182973396 -0.000625087996
vn 0.000511205813 -0.00182973803 -0.000625081942
vn -3.32536983e-05 -0.00193349423 -0.000510386832
vn 0.000315790036 0.00125801901 -0.00152238796
vn -0.000479492854 0.00134488335 -0.00140049122
vn -0.00102093187 0.00109549286 -0.00132574281
vn -0.000103478436 0.0011188488 -0.00165453006
vn 0.000315788522 -0.00125802017 -0.00152238738
vn -0.000103460647 -0.00111883029 -0.00165454356
vn -0.00102096156 -0.00109546643 -0.00132574141
vn -0.000479497947 -0.00134489778 -0.00140047551
vn -0.00106452568 0.000356547534 -0.00165519165
vn -0.00141724083 0.000364689855 -0.00136324251
vn -0.00106443709 -0.000356828328 -0.00165518804
vn -0.00141724152 -0.000364680396 -0.00136324437
vn 0.00191761879 0.000299100793 -0.000482987554
vn 0.00187504175 4.23792044e-05 -0.000694566639
vn 0.0018750045 -4.21124423e-05 -0.000694682996
vn 0.00191761856 -0.000299101142 -0.000482987962
vn 0.00190271891 0.000612018863 -7.13790942e-05
vn 0.00190271938 -0.000612017815 -7.13789195e-05
vn 0.00164703606 0.00113428407 -2.59272092e-05
vn 0.00164703326 -0.00113428815 -2.59226763e-05
vn 0.00110015261 0.00167022168 -4.8697998e-06
vn 0.0011001518 -0.00167022226 -4.87081388e-06
vn 0.00114058296 0.000535114377 0.00155329437
vn 0.00104279502 0.000658227131 0.00157458428
vn 0.00104279455 -0.000658229284 0.0015745837
vn 0.00114064664 -0.000535133702 0.00155324093
vn 0.00123305432 0.000657862285 0.00143066223
vn 0.00118073449 0.000754810404 0.00142692938
vn 0.00118073437 -0.000754812907 0.00142692856
vn 0.00123309391 -0.000657927245 0.00143059855
vn 0.00135135697 0.000823029957 0.00122329756
vn 0.00139928528 0.000738563598 0.00122332526
vn 0.0013513586 -0.000823025941 0.00122329826
vn 0.00139928516 -0.000738567906 0.0012233227
vn 0.00160438777 0.000743279816 0.000934599084
vn 0.00154834171 0.000848640513 0.000939387013
vn 0.00154833985 -0.000848644355 0.000939386664
vn 0.00160446169 -0.000743244018 0.000934500829
vn 0.00172004092 0.000822205562 0.000604514789
vn 0.00175356609 0.00070262287 0.000656755466
vn 0.00172004092 -0.000822205795 0.000604514498
vn 0.00175356562 -0.000702625257 0.000656754244
vn 0.00185722928 0.000698224059 0.000251361344
vn 0.00183228671 0.000777794048 0.000194326174
vn 0.00185722893 -0.000698225165 0.00025136114
vn 0.0018322831 -0.000777802838 0.000194323744
vn 0.00113875035 0.00162819948 0.000228504796
vn 0.00113875046 -0.00162819994 0.000228503472
vn 0.00159602507 0.00118972675 0.000193014639
vn 0.00159599178 -0.00118978473 0.00019293181
vn -1.49328453e-05 0.00198100647 0.000274575606
vn -1.49345751e-05 -0.00198100624 0.000274574762
vn 0.000233149301 0.00195643445 0.000343518594
vn 0.00023313587 -0.00195641932 0.000343616004
vn 0.000371958828 0.00192026712 0.0004173989
vn 0.000371937553 -0.00192031451 0.000417198869
vn 0.0006694576 0.00182453287 0.000472130341
vn 0.000669456145 -0.00182453275 0.000472133368
vn 0.00112956297 0.00157130102 0.000505074218
vn 0.0011295632 -0.00157130149 0.000505072996
vn 0.00148923055 0.00120929629 0.000565504015
vn 0.00148923055 -0.00120929675 0.000565503084
vn 0.000145026919 0.0018942256 0.00062520185
vn 0.000145026919 -0.00189422606 0.00062520022
vn 0.000350576593 0.00183247961 0.000720496872
vn 0.000350576651 -0.00183248008 0.000720495475
vn 0.000453980698 0.00177692284 0.000797776505
vn 0.000453725253 -0.00177698908 0.00079777441
vn 0.000714837806 0.00167042203 0.000835881045
vn 0.000714832568 -0.00167042238 0.000835885119
vn 0.00110424391 0.00143918418 0.000842255773
vn 0.00110424391 -0.00143918477 0.000842254551
vn 0.00137905974 0.00113956584 0.000894194993
vn 0.00137906801 -0.00113956025 0.000894189288
vn 0.00123720232 0.000991939567 0.00121876458
vn 0.00123720232 -0.000991940382 0.00121876399
vn 0.00105891377 0.000878563034 0.00145149173
vn 0.0010589133 -0.000878564024 0.00145149138
vn 0.000919303566 0.000828046177 0.00157137541
vn 0.000919378945 -0.000828077027 0.00157131499
vn 0.000866428949 0.000830531586 0.00159984967
vn 0.00086634059 -0.000830566511 0.00159987924
vn 0.000819532841 0.000880095467 0.00159806083
vn 0.000819532084 -0.000880096806 0.0015980606
vn 0.000374266965 0.0016806674 0.00101748819
vn 0.000374294294 -0.00168061233 0.00101756898
vn 0.00104474742 0.00121938786 0.00119230722
vn 0.00104473683 -0.00121938961 0.00119231443
vn 0.00072425179 0.0014191129 0.00120895787
vn 0.000724258949 -0.00141911395 0.00120895205
vn 0.000574413978 0.00150689413 0.0011829281
vn 0.000574415433 -0.00150689471 0.00118292647
vn 0.000516444503 0.00158280891 0.00110815233
vn 0.000516441651 -0.00158281066 0.00110815116
vn 0.000595026708 0.00132169342 0.0013780673
vn 0.000595238875 -0.00132147467 0.00137818558
vn 0.000694701856 0.00122378254 0.00142117741
vn 0.000694764836 -0.00122372981 0.00142119208
vn 0.000734036323 0.00114079681 0.00146961666
vn 0.000734035682 -0.00114079809 0.00146961596
vn 0.000791054743 0.0010985171 0.00147224078
vn 0.000791058294 -0.00109851931 0.00147223717
vn 0.000961716752 0.00102243409 0.00142468582
vn 0.000961633574 -0.0010224377 0.00142473937
vn -0.00131404772 0.00102848478 -0.00110249629
vn -0.00155682361 0.000355735916 -0.00120405678
vn -0.00155682885 -0.000355765427 -0.0012040413
vn -0.00131404668 -0.00102848816 -0.00110249454
vn -0.0012446522 0.00103852327 -0.00117145665
vn -0.00142549747 0.000372456852 -0.00135249156
vn -0.00124465139 -0.00103852118 -0.00117145909
vn -0.00142551691 -0.000372450857 -0.00135247258
vn -0.00114779791 0.00126306945 -0.00104269665
vn -0.0011477985 -0.00126306806 -0.00104269746
vn -0.00111167249 0.00133011222 -0.000997489784
vn -0.00111176644 -0.00133007753 -0.000997431809
vn 0.00055309193 0.001919879 9.03046457e-05
vn 0.000553099206 -0.0019198769 9.03021719e-05
vn 0.00141097303 0.00133129733 0.000486623641
vn 0.00141104939 -0.00133122748 0.000486593752
vn 0.00186076248 0.000511169492 0.000525613374
vn 0.00186075422 -0.000511166814 0.000525645562
vn -0.00112752896 0.000391790381 -0.00160473655
vn -0.000994434813 0.00105095992 -0.00138079072
vn -0.00112752698 -0.000391787849 -0.00160473865
vn -0.000994435162 -0.00105095864 -0.00138079131
vn -0.000799664005 0.00101486128 -0.0015266285
vn -0.000887065544 0.000395864714 -0.00174825802
vn -0.000887023634 -0.000395863521 -0.00174827978
vn -0.000799664005 -0.00101486011 -0.00152662932
vn -0.000467927952 0.000978129683 -0.00168056739
vn -0.000480016053 0.000339106249 -0.00191169872
vn -0.00046791826 -0.000978129916 -0.00168056972
vn -0.000480018556 -0.000339107355 -0.00191169768
vn -0.000261236273 0.000844776339 -0.00179390865
vn -0.000245972769 0.000270808145 -0.00196625572
vn -0.000246066571 -0.000270846416 -0.00196623825
vn -0.000261235225 -0.000844775001 -0.00179390959
vn -0.000886470953 0.00134886289 -0.00118099013
vn -0.000886472641 -0.00134886277 -0.00118098943
vn -0.000715517381 0.00130323239 -0.00133776723
vn -0.000715517206 -0.00130323111 -0.00133776839
vn -0.000475362496 0.00129895238 -0.00144456024
vn -0.000475261913 -0.00129896041 -0.00144458597
vn -0.000224640244 0.0013113037 -0.00149332511
vn -0.000224798394 -0.00131147029 -0.00149315479
vn 0.00196258235 0.000381304359 -5.36398948e-05
vn 0.00150327862 0.000468925806 -0.00123298902
vn 0.0013623205 0.00103209598 -0.00103868206
vn 0.00176758447 0.000901735271 0.000250037265
vn 0.00196257932 -0.000381319609 -5.36527841e-05
vn 0.00176756165 -0.000901771768 0.000250068144
vn 0.00136250351 -0.00103207666 -0.00103846123
vn 0.00150328665 -0.000468943006 -0.00123297307
vn 0.000831551035 0.00157733553 -0.00090583408
vn 0.00131800072 0.00149078039 0.000201117538
vn 0.00131800293 -0.0014907791 0.000201113799
vn 0.000831559882 -0.00157733297 -0.000905830646
vn -0.000177788213 0.00177340815 -0.000907422567
vn 0.000239661196 0.00193463697 -0.000446926075
vn -0.000177785376 -0.0017734092 -0.000907420879
vn 0.000239665431 -0.00193463615 -0.00044692721
vn 8.80997177e-05 0.00195134571 -0.000429520995
vn -0.000406058243 0.00174142199 -0.000895860721
vn 8.80990337e-05 -0.00195134536 -0.000429522974
vn -0.000406060339 -0.00174142187 -0.000895860023
vn -0.000547905453 0.00172356993 -0.000853877456
vn -0.000109780987 0.00191840285 -0.000554688624
vn -0.000547792239 -0.00172359566 -0.000853898004
vn -0.000109779801 -0.0019184018 -0.000554692408
vn -0.000682933896 0.00170041178 -0.000801374845
vn -0.00020132403 0.00191175193 -0.000551972247
vn -0.000682934187 -0.00170041085 -0.000801376533
vn -0.000201324903 -0.00191175169 -0.000551972596
vn -0.000657199416 0.00173947797 -0.00073641428
vn -0.000264397735 0.00192014663 -0.000493083091
vn -0.000264397735 -0.00192014617 -0.000493084604
vn -0.00065720675 -0.00173947704 -0.000736409507
vn -0.000204947923 0.00194783555 -0.000404886669
vn -0.000204951357 -0.00194781285 -0.000404994207
vn 0.0018471987 0.00040690467 0.000649835391
vn 0.00155838218 0.00111136911 0.000579916872
vn 0.00155837822 -0.00111137249 0.000579921412
vn 0.00184719719 -0.000406917767 0.00064983184
vn 0.00169349986 0.000235221407 0.00103765563
vn 0.00160006166 0.000697233423 0.000976559473
vn 0.00169348717 -0.000235251486 0.00103766972
vn 0.00160005875 -0.00069723354 0.000976564363
vn 0.00177564996 0.000287383184 0.000874344201
vn 0.00164438819 0.000808118843 0.000801830145
vn 0.00177556055 -0.000287375995 0.000874528487
vn 0.00164438819 -0.000808119483 0.000801829447
vn 0.00165587664 0.000947878638 0.000599665451
vn 0.00185187394 0.000332510739 0.000678233569
vn 0.00165585475 -0.000948006229 0.000599524006
vn 0.00185189967 -0.000332491996 0.000678171462
vn 0.000939529447 0.00174407638 0.000274739927
vn 0.000939529389 -0.00174407673 0.000274738908
vn 0.00103415514 0.00170061563 0.000196034744
vn 0.00103415526 -0.00170061598 0.000196033405
vn 0.00111712783 0.00162379071 0.000339601509
vn 0.00111712888 -0.00162379059 0.000339597842
vn 0.00124268222 0.0014350483 0.000629585295
vn 0.00124268222 -0.00143504853 0.00062958413
vn -0.0011720719 0.00159754953 -0.000272182486
vn -0.00101682439 0.00168461131 -0.00035798538
vn -0.000842022186 0.00177608046 -0.000369509537
vn -0.000674373819 0.00185808737 -0.000304518529
vn -0.00053915364 0.00191812729 -0.000173496272
vn -0.000457202317 0.00194703613 4.043648e-06
vn -0.000441060256 0.0019403859 0.00020091972
vn -0.000492848398 0.00189926312 0.000387170148
vn -0.000605021196 0.00182986539 0.000534361927
vn -0.000760302471 0.00174279243 0.000620173174
vn -0.000935098215 0.00165126333 0.000631602248
vn -0.0011028134 0.00156928378 0.000566701172
vn -0.00123786018 0.00150932162 0.000435488677
vn -0.00131988793 0.00148030708 0.000258043787
vn -0.00133593578 0.00148712122 6.12084696e-05
vn -0.00128426624 0.00152807601 -0.00012507166
vn -0.00104748213 0.00144434557 -0.000903685403
vn -0.00137090462 0.0012629719 -0.000724929268
vn -0.000683382386 0.0016349057 -0.000927400775
vn -0.000334047538 0.00180571794 -0.000792335719
vn -5.26659824e-05 0.00193072576 -0.000519157154
vn 0.000117888478 0.00199092599 -0.000149387852
vn 0.000151832879 0.00197712309 0.000260636938
vn 4.37135423e-05 0.00189144933 0.00064846687
vn -0.000189751037 0.00174693426 0.00095509988
vn -0.00051316648 0.0015655763 0.00113385683
vn -0.000877244631 0.00137497834 0.00115753035
vn -0.00122657523 0.00120414561 0.00102251966
vn -0.00150795386 0.00107918156 0.00074929453
vn -0.00167860452 0.00101892359 0.00037958016
vn -0.00171244226 0.00103277084 -3.04310961e-05
vn -0.00160440151 0.00111845473 -0.000418275828
vn -0.000982994679 0.00106825517 -0.00137570081
vn -0.00144776225 0.000807609467 -0.00111881725
vn -0.00045980193 0.00134213897 -0.00140969688
vn 4.22117191e-05 0.00158759265 -0.00121563487
vn 0.000446578895 0.00176724803 -0.000823044276
vn 0.000691775233 0.00185374031 -0.000291709293
vn 0.000740443589 0.00183391455 0.000297492224
vn 0.000585171569 0.00171079289 0.000854846381
vn 0.000249643403 0.00150309515 0.00129552453
vn -0.000215139982 0.0012424672 0.0015524145
vn -0.000738345901 0.000968580251 0.00158641033
vn -0.00124035054 0.000723124889 0.00139234366
vn -0.00164472754 0.000543460599 0.00099976093
vn -0.00188991055 0.000456973299 0.00046841611
vn -0.00193857262 0.000476806599 -0.000120796729
vn -0.00178331253 0.000599929946 -0.000678144977
vn 0.000918499718 -0.00177144213 -0.00013546992
vn 0.000918530684 -0.00177142583 -0.000135472219
vn 0.000918507285 -0.00177143828 -0.000135467795
vn 0.000918515201 -0.00177143503 -0.000135457041
vn 0.000918513455 -0.00177143526 -0.000135468203
vn 0.000918512873 -0.00177143526 -0.000135470909
vn 0.00091850874 -0.00177143759 -0.00013546682
vn 0.000918510545 -0.00177143677 -0.000135464375
vn 0.000918517588 -0.00177143316 -0.000135462047
vn 0.000918510312 -0.00177143689 -0.00013546308
vn 0.000918514561 -0.00177143456 -0.000135468465
vn 0.000918500824 -0.00177144154 -0.000135467431
vn 0.000918521662 -0.00177143095 -0.000135467766
vn -0.00117211381 -0.00159750495 -0.000272264297
vn -0.00101683673 -0.00168458314 -0.000358082791
vn -0.000842022069 -0.00177608035 -0.000369510846
vn -0.000674321374 -0.00185809203 -0.000304605986
vn -0.000539153116 -0.00191812729 -0.000173497087
vn -0.000457201852 -0.00194703625 4.04376988e-06
vn -0.000440962467 -0.00194040709 0.000200928407
vn -0.000492849154 -0.00189926277 0.000387170148
vn -0.000605021836 -0.0018298655 0.000534360937
vn -0.00076026743 -0.00174277532 0.000620264618
vn -0.000935098331 -0.0016512638 0.000631600968
vn -0.0011027836 -0.001569335 0.000566618168
vn -0.00123786065 -0.00150932174 0.000435486756
vn -0.00131974614 -0.00148044201 0.000257996435
vn -0.00133608433 -0.00148698909 6.11752766e-05
vn -0.00128426624 -0.00152807601 -0.000125072984
vn -0.00104749459 -0.00144433801 -0.000903682841
vn -0.00137089728 -0.00126297586 -0.000724936777
vn -0.000683395134 -0.00163489836 -0.000927404035
vn -0.000334058423 -0.00180571212 -0.000792344217
vn -5.26599797e-05 -0.00193072786 -0.00051915017
vn 0.000117891272 -0.00199092645 -0.00014937896
vn 0.000151834261 -0.00197712472 0.000260621164
vn 4.37197268e-05 -0.00189145387 0.0006484529
vn -0.000189758124 -0.00174693076 0.000955104653
vn -0.000513175677 -0.00156557246 0.00113385834
vn -0.000877254002 -0.0013749745 0.00115752779
vn -0.00122658408 -0.00120414223 0.00102251291
vn -0.00150796014 -0.0010791797 0.000749284809
vn -0.00167860766 -0.00101892313 0.000379568286
vn -0.00171244121 -0.00103277224 -3.04434889e-05
vn -0.00160439673 -0.00111845776 -0.000418286305
vn -0.000982994796 -0.00106825423 -0.00137570163
vn -0.00144776225 -0.000807608536 -0.00111881795
vn -0.000459801959 -0.00134213781 -0.00140969816
vn 4.22117191e-05 -0.00158759172 -0.00121563603
vn 0.000446578895 -0.00176724733 -0.000823045673
vn 0.000691775233 -0.00185374008 -0.000291710749
vn 0.000740443589 -0.00183391478 0.000297490769
vn 0.00058517151 -0.0017107937 0.000854844984
vn 0.000249643403 -0.00150309608 0.00129552337
vn -0.000215139982 -0.00124246837 0.00155241357
vn -0.000738345901 -0.000968581531 0.00158640963
vn -0.00124035054 -0.000723126053 0.0013923432
vn -0.00164472754 -0.000543461414 0.000999760581
vn -0.00188991055 -0.000456973648 0.000468415761
vn -0.00193857262 -0.000476806454 -0.000120797122
vn -0.00178331253 -0.000599929364 -0.000678145443
vn 0.000918530684 0.00177142583 -0.000135470793
vn 0.000918499718 0.00177144213 -0.000135468494
vn 0.000918515201 0.00177143503 -0.000135455615
vn 0.000918507285 0.00177143828 -0.000135466369
vn 0.000918512873 0.00177143526 -0.000135469483
vn 0.000918513455 0.00177143526 -0.000135466777
vn 0.000918510545 0.00177143677 -0.000135462949
vn 0.00091850874 0.00177143759 -0.000135465394
vn 0.000918517588 0.00177143316 -0.000135460621
vn 0.000918514561 0.00177143456 -0.000135467038
vn 0.000918510312 0.00177143689 -0.000135461654
vn 0.000918521662 0.00177143095 -0.00013546634
vn 0.000918500824 0.00177144154 -0.000135466005

# Mesh 'Plush_Unicorn_Plush_Unicorn_0' with 3104 faces
g Plush_Unicorn_Plush_Unicorn_0
usemtl Plush_Unicorn
f  1/1/1 2/2/2 3/3/3
f  4/3/3 5/2/2 6/4/4
f  7/4/4 8/2/2 9/5/5
f  10/5/5 11/2/2 12/6/6
f  13/6/6 14/2/2 15/7/7
f  16/7/7 17/2/2 18/8/8
f  19/8/8 20/2/2 21/9/9
f  22/9/9 23/2/2 24/10/10
f  25/10/10 26/2/2 27/11/11
f  28/11/11 29/2/2 30/12/12
f  31/12/12 32/2/2 33/13/13
f  34/13/13 35/2/2 36/14/14
f  37/14/14 38/2/2 39/15/15
f  40/15/15 41/2/2 42/16/16
f  43/16/16 44/2/2 45/17/17
f  46/17/17 47/2/2 48/1/1
f  49/18/18 50/19/19 51/20/20
f  52/19/19 53/21/21 54/20/20
f  55/21/21 56/22/22 57/20/20
f  58/22/22 59/23/23 60/20/20
f  61/23/23 62/24/24 63/20/20
f  64/24/24 65/25/25 66/20/20
f  67/25/25 68/26/26 69/20/20
f  70/26/26 71/27/27 72/20/20
f  73/27/27 74/28/28 75/20/20
f  76/28/28 77/29/29 78/20/20
f  79/29/29 80/30/30 81/20/20
f  82/30/30 83/31/31 84/20/20
f  85/31/31 86/32/32 87/20/20
f  88/32/32 89/33/33 90/20/20
f  91/33/33 92/34/34 93/20/20
f  94/34/34 95/18/18 96/20/20
f  97/35/35 98/36/36 99/37/37
f  100/35/35 101/37/37 102/38/38
f  103/39/39 104/40/40 105/41/41
f  106/39/39 107/41/41 108/42/42
f  109/40/40 110/43/43 111/44/44
f  112/40/40 113/44/44 114/41/41
f  115/38/38 116/37/37 117/45/45
f  118/38/38 119/45/45 120/46/46
f  121/47/47 122/48/48 123/44/44
f  124/47/47 125/44/44 126/43/43
f  127/49/49 128/46/46 129/45/45
f  130/49/49 131/45/45 132/50/50
f  133/51/51 134/52/52 135/48/48
f  136/51/51 137/48/48 138/47/47
f  139/53/53 140/49/49 141/50/50
f  142/53/53 143/50/50 144/54/54
f  145/55/55 146/56/56 147/52/52
f  148/55/55 149/52/52 150/51/51
f  151/57/57 152/53/53 153/54/54
f  154/57/57 155/54/54 156/58/58
f  157/59/59 158/60/60 159/56/56
f  160/59/59 161/56/56 162/55/55
f  163/61/61 164/57/57 165/58/58
f  166/61/61 167/58/58 168/62/62
f  169/63/63 170/64/64 171/60/60
f  172/63/63 173/60/60 174/59/59
f  175/65/65 176/61/61 177/62/62
f  178/65/65 179/62/62 180/66/66
f  181/35/35 182/39/39 183/42/42
f  184/35/35 185/42/42 186/36/36
f  187/63/63 188/65/65 189/66/66
f  190/63/63 191/66/66 192/64/64
f  193/42/42 194/41/41 195/67/67
f  196/42/42 197/67/67 198/68/68
f  199/36/36 200/69/69 201/70/70
f  202/36/36 203/70/70 204/37/37
f  205/41/41 206/44/44 207/71/71
f  208/41/41 209/71/71 210/67/67
f  211/37/37 212/70/70 213/72/72
f  214/37/37 215/72/72 216/45/45
f  217/48/48 218/73/73 219/71/71
f  220/48/48 221/71/71 222/44/44
f  223/50/50 224/45/45 225/72/72
f  226/50/50 227/72/72 228/74/74
f  229/52/52 230/75/75 231/73/73
f  232/52/52 233/73/73 234/48/48
f  235/54/54 236/50/50 237/74/74
f  238/54/54 239/74/74 240/76/76
f  241/52/52 242/56/56 243/77/77
f  244/52/52 245/77/77 246/75/75
f  247/54/54 248/76/76 249/78/78
f  250/54/54 251/78/78 252/58/58
f  253/60/60 254/79/79 255/77/77
f  256/60/60 257/77/77 258/56/56
f  259/62/62 260/58/58 261/78/78
f  262/62/62 263/78/78 264/80/80
f  265/64/64 266/81/81 267/79/79
f  268/64/64 269/79/79 270/60/60
f  271/66/66 272/62/62 273/80/80
f  274/66/66 275/80/80 276/82/82
f  277/83/83 278/84/84 279/79/79
f  280/83/83 281/79/79 282/81/81
f  283/85/85 284/82/82 285/80/80
f  286/85/85 287/80/80 288/86/86
f  289/87/87 290/74/74 291/72/72
f  292/87/87 293/72/72 294/70/70
f  295/88/88 296/67/67 297/71/71
f  298/88/88 299/71/71 300/73/73
f  301/89/89 302/88/88 303/84/84
f  304/89/89 305/84/84 306/83/83
f  307/90/90 308/85/85 309/86/86
f  310/90/90 311/86/86 312/87/87
f  313/69/69 314/90/90 315/87/87
f  316/69/69 317/87/87 318/70/70
f  319/68/68 320/67/67 321/88/88
f  322/68/68 323/88/88 324/89/89
f  325/88/88 326/73/73 327/75/75
f  328/88/88 329/75/75 330/84/84
f  331/87/87 332/86/86 333/76/76
f  334/87/87 335/76/76 336/74/74
f  337/84/84 338/75/75 339/77/77
f  340/84/84 341/77/77 342/79/79
f  343/86/86 344/80/80 345/78/78
f  346/86/86 347/78/78 348/76/76
f  349/64/64 350/66/66 351/82/82
f  352/64/64 353/82/82 354/81/81
f  355/81/81 356/82/82 357/85/85
f  358/81/81 359/85/85 360/83/83
f  361/83/83 362/85/85 363/90/90
f  364/83/83 365/90/90 366/89/89
f  367/69/69 368/68/68 369/89/89
f  370/69/69 371/89/89 372/90/90
f  373/36/36 374/42/42 375/68/68
f  376/36/36 377/68/68 378/69/69
f  379/91/91 380/92/92 381/93/93
f  382/91/91 383/93/93 384/94/94
f  385/95/95 386/96/96 387/97/97
f  388/95/95 389/97/97 390/98/98
f  391/99/99 392/100/100 393/101/101
f  394/99/99 395/101/101 396/102/102
f  397/103/103 398/104/104 399/105/105
f  400/103/103 401/105/105 402/106/106
f  403/107/107 404/102/102 405/101/101
f  406/107/107 407/101/101 408/108/108
f  409/109/109 410/110/110 411/105/105
f  412/109/109 413/105/105 414/104/104
f  415/111/111 416/112/112 417/107/107
f  418/111/111 419/107/107 420/108/108
f  421/113/113 422/110/110 423/109/109
f  424/113/113 425/109/109 426/114/114
f  427/112/112 428/111/111 429/115/115
f  430/112/112 431/115/115 432/116/116
f  433/114/114 434/117/117 435/118/118
f  436/114/114 437/118/118 438/113/113
f  439/117/117 440/116/116 441/115/115
f  442/117/117 443/115/115 444/118/118
f  445/91/91 446/95/95 447/98/98
f  448/91/91 449/98/98 450/92/92
f  451/119/119 452/120/120 453/121/121
f  454/119/119 455/121/121 456/122/122
f  457/123/123 458/124/124 459/125/125
f  460/123/123 461/125/125 462/126/126
f  463/127/127 464/128/128 465/129/129
f  466/127/127 467/129/129 468/130/130
f  469/131/131 470/132/132 471/133/133
f  472/131/131 473/133/133 474/134/134
f  475/93/93 476/92/92 477/135/135
f  478/93/93 479/135/135 480/136/136
f  481/97/97 482/137/137 483/138/138
f  484/97/97 485/138/138 486/98/98
f  487/101/101 488/100/100 489/139/139
f  490/101/101 491/139/139 492/140/140
f  493/105/105 494/141/141 495/142/142
f  496/105/105 497/142/142 498/106/106
f  499/101/101 500/140/140 501/143/143
f  502/101/101 503/143/143 504/108/108
f  505/105/105 506/110/110 507/144/144
f  508/105/105 509/144/144 510/141/141
f  511/111/111 512/145/145 513/146/146
f  514/111/111 515/146/146 516/115/115
f  517/113/113 518/118/118 519/147/147
f  520/113/113 521/147/147 522/148/148
f  523/108/108 524/143/143 525/145/145
f  526/108/108 527/145/145 528/111/111
f  529/110/110 530/113/113 531/148/148
f  532/110/110 533/148/148 534/144/144
f  535/146/146 536/145/145 537/149/149
f  538/146/146 539/149/149 540/150/150
f  541/149/149 542/151/151 543/152/152
f  544/149/149 545/152/152 546/150/150
f  547/153/153 548/154/154 549/155/155
f  550/153/153 551/155/155 552/156/156
f  553/147/147 554/154/154 555/153/153
f  556/147/147 557/153/153 558/148/148
f  559/152/152 560/151/151 561/157/157
f  562/152/152 563/157/157 564/158/158
f  565/155/155 566/159/159 567/160/160
f  568/155/155 569/160/160 570/156/156
f  571/161/161 572/162/162 573/163/163
f  574/161/161 575/163/163 576/164/164
f  577/165/165 578/166/166 579/167/167
f  580/165/165 581/167/167 582/168/168
f  583/164/164 584/163/163 585/169/169
f  586/164/164 587/169/169 588/170/170
f  589/166/166 590/171/171 591/172/172
f  592/166/166 593/172/172 594/167/167
f  595/173/173 596/170/170 597/169/169
f  598/173/173 599/169/169 600/174/174
f  601/135/135 602/173/173 603/174/174
f  604/135/135 605/174/174 606/136/136
f  607/138/138 608/137/137 609/175/175
f  610/138/138 611/175/175 612/176/176
f  613/176/176 614/175/175 615/172/172
f  616/176/176 617/172/172 618/171/171
f  619/140/140 620/139/139 621/177/177
f  622/140/140 623/177/177 624/178/178
f  625/141/141 626/179/179 627/180/180
f  628/141/141 629/180/180 630/142/142
f  631/143/143 632/140/140 633/178/178
f  634/143/143 635/178/178 636/181/181
f  637/144/144 638/182/182 639/179/179
f  640/144/144 641/179/179 642/141/141
f  643/143/143 644/181/181 645/149/149
f  646/143/143 647/149/149 648/145/145
f  649/144/144 650/148/148 651/153/153
f  652/144/144 653/153/153 654/182/182
f  655/149/149 656/181/181 657/183/183
f  658/149/149 659/183/183 660/151/151
f  661/153/153 662/156/156 663/184/184
f  664/153/153 665/184/184 666/182/182
f  667/183/183 668/185/185 669/157/157
f  670/183/183 671/157/157 672/151/151
f  673/184/184 674/156/156 675/160/160
f  676/184/184 677/160/160 678/186/186
f  679/177/177 680/187/187 681/188/188
f  682/177/177 683/188/188 684/178/178
f  685/180/180 686/179/179 687/189/189
f  688/180/180 689/189/189 690/190/190
f  691/185/185 692/183/183 693/188/188
f  694/185/185 695/188/188 696/187/187
f  697/186/186 698/190/190 699/189/189
f  700/186/186 701/189/189 702/184/184
f  703/181/181 704/178/178 705/188/188
f  706/181/181 707/188/188 708/183/183
f  709/182/182 710/184/184 711/189/189
f  712/182/182 713/189/189 714/179/179
f  715/92/92 716/98/98 717/138/138
f  718/92/92 719/138/138 720/135/135
f  721/135/135 722/138/138 723/176/176
f  724/135/135 725/176/176 726/173/173
f  727/173/173 728/176/176 729/171/171
f  730/173/173 731/171/171 732/170/170
f  733/170/170 734/171/171 735/166/166
f  736/170/170 737/166/166 738/164/164
f  739/164/164 740/166/166 741/165/165
f  742/164/164 743/165/165 744/161/161
f  745/155/155 746/152/152 747/158/158
f  748/155/155 749/158/158 750/159/159
f  751/154/154 752/150/150 753/152/152
f  754/154/154 755/152/152 756/155/155
f  757/147/147 758/146/146 759/150/150
f  760/147/147 761/150/150 762/154/154
f  763/118/118 764/115/115 765/146/146
f  766/118/118 767/146/146 768/147/147
f  769/125/125 770/121/121 771/120/120
f  772/125/125 773/120/120 774/126/126
f  775/132/132 776/130/130 777/129/129
f  778/132/132 779/129/129 780/133/133
f  781/191/191 782/192/192 783/193/193
f  784/191/191 785/193/193 786/194/194
f  787/195/195 788/196/196 789/197/197
f  790/195/195 791/197/197 792/198/198
f  793/199/199 794/191/191 795/194/194
f  796/199/199 797/194/194 798/200/200
f  799/201/201 800/202/202 801/196/196
f  802/201/201 803/196/196 804/195/195
f  805/203/203 806/204/204 807/205/205
f  808/203/203 809/205/205 810/206/206
f  811/207/207 812/208/208 813/209/209
f  814/207/207 815/209/209 816/210/210
f  817/211/211 818/212/212 819/205/205
f  820/211/211 821/205/205 822/204/204
f  823/213/213 824/210/210 825/209/209
f  826/213/213 827/209/209 828/214/214
f  829/203/203 830/206/206 831/215/215
f  832/203/203 833/215/215 834/216/216
f  835/207/207 836/217/217 837/218/218
f  838/207/207 839/218/218 840/208/208
f  841/216/216 842/215/215 843/219/219
f  844/216/216 845/219/219 846/220/220
f  847/217/217 848/221/221 849/222/222
f  850/217/217 851/222/222 852/218/218
f  853/223/223 854/224/224 855/212/212
f  856/223/223 857/212/212 858/211/211
f  859/225/225 860/213/213 861/214/214
f  862/225/225 863/214/214 864/226/226
f  865/227/227 866/228/228 867/229/229
f  868/227/227 869/229/229 870/230/230
f  871/231/231 872/232/232 873/233/233
f  874/231/231 875/233/233 876/234/234
f  877/227/227 878/230/230 879/235/235
f  880/227/227 881/235/235 882/236/236
f  883/231/231 884/237/237 885/238/238
f  886/231/231 887/238/238 888/232/232
f  889/239/239 890/236/236 891/235/235
f  892/239/239 893/235/235 894/240/240
f  895/241/241 896/242/242 897/238/238
f  898/241/241 899/238/238 900/237/237
f  901/243/243 902/244/244 903/245/245
f  904/243/243 905/245/245 906/246/246
f  907/247/247 908/248/248 909/249/249
f  910/247/247 911/249/249 912/250/250
f  913/243/243 914/239/239 915/240/240
f  916/243/243 917/240/240 918/244/244
f  919/247/247 920/250/250 921/242/242
f  922/247/247 923/242/242 924/241/241
f  925/251/251 926/252/252 927/253/253
f  928/251/251 929/253/253 930/254/254
f  931/255/255 932/256/256 933/257/257
f  934/255/255 935/257/257 936/258/258
f  937/259/259 938/260/260 939/261/261
f  940/259/259 941/261/261 942/262/262
f  943/263/263 944/264/264 945/265/265
f  946/263/263 947/265/265 948/266/266
f  949/252/252 950/267/267 951/194/194
f  952/252/252 953/194/194 954/193/193
f  955/258/258 956/197/197 957/196/196
f  958/258/258 959/196/196 960/268/268
f  961/252/252 962/251/251 963/269/269
f  964/252/252 965/269/269 966/267/267
f  967/258/258 968/268/268 969/270/270
f  970/258/258 971/270/270 972/255/255
f  973/271/271 974/200/200 975/194/194
f  976/271/271 977/194/194 978/267/267
f  979/272/272 980/268/268 981/196/196
f  982/272/272 983/196/196 984/202/202
f  985/271/271 986/267/267 987/269/269
f  988/271/271 989/269/269 990/273/273
f  991/272/272 992/274/274 993/270/270
f  994/272/272 995/270/270 996/268/268
f  997/271/271 998/273/273 999/275/275
f  1000/271/271 1001/275/275 1002/276/276
f  1003/272/272 1004/277/277 1005/278/278
f  1006/272/272 1007/278/278 1008/274/274
f  1009/279/279 1010/280/280 1011/276/276
f  1012/279/279 1013/276/276 1014/275/275
f  1015/281/281 1016/278/278 1017/277/277
f  1018/281/281 1019/277/277 1020/282/282
f  1021/283/283 1022/280/280 1023/279/279
f  1024/283/283 1025/279/279 1026/284/284
f  1027/285/285 1028/286/286 1029/281/281
f  1030/285/285 1031/281/281 1032/282/282
f  1033/287/287 1034/259/259 1035/262/262
f  1036/287/287 1037/262/262 1038/288/288
f  1039/289/289 1040/290/290 1041/264/264
f  1042/289/289 1043/264/264 1044/263/263
f  1045/287/287 1046/288/288 1047/291/291
f  1048/287/287 1049/291/291 1050/292/292
f  1051/289/289 1052/293/293 1053/294/294
f  1054/289/289 1055/294/294 1056/290/290
f  1057/295/295 1058/296/296 1059/297/297
f  1060/295/295 1061/297/297 1062/298/298
f  1063/299/299 1064/300/300 1065/301/301
f  1066/299/299 1067/301/301 1068/302/302
f  1069/296/296 1070/303/303 1071/304/304
f  1072/296/296 1073/304/304 1074/297/297
f  1075/302/302 1076/301/301 1077/305/305
f  1078/302/302 1079/305/305 1080/306/306
f  1081/304/304 1082/303/303 1083/292/292
f  1084/304/304 1085/292/292 1086/291/291
f  1087/305/305 1088/294/294 1089/293/293
f  1090/305/305 1091/293/293 1092/306/306
f  1093/307/307 1094/295/295 1095/298/298
f  1096/307/307 1097/298/298 1098/308/308
f  1099/309/309 1100/310/310 1101/300/300
f  1102/309/309 1103/300/300 1104/299/299
f  1105/307/307 1106/308/308 1107/311/311
f  1108/307/307 1109/311/311 1110/312/312
f  1111/309/309 1112/313/313 1113/314/314
f  1114/309/309 1115/314/314 1116/310/310
f  1117/127/127 1118/315/315 1119/316/316
f  1120/127/127 1121/316/316 1122/128/128
f  1123/131/131 1124/134/134 1125/317/317
f  1126/131/131 1127/317/317 1128/318/318
f  1129/315/315 1130/319/319 1131/320/320
f  1132/315/315 1133/320/320 1134/316/316
f  1135/318/318 1136/317/317 1137/321/321
f  1138/318/318 1139/321/321 1140/322/322
f  1141/323/323 1142/322/322 1143/321/321
f  1144/323/323 1145/321/321 1146/324/324
f  1147/325/325 1148/326/326 1149/320/320
f  1150/325/325 1151/320/320 1152/319/319
f  1153/326/326 1154/325/325 1155/327/327
f  1156/326/326 1157/327/327 1158/328/328
f  1159/329/329 1160/330/330 1161/328/328
f  1162/329/329 1163/328/328 1164/327/327
f  1165/331/331 1166/332/332 1167/333/333
f  1168/331/331 1169/333/333 1170/334/334
f  1171/332/332 1172/335/335 1173/336/336
f  1174/332/332 1175/336/336 1176/333/333
f  1177/337/337 1178/338/338 1179/336/336
f  1180/337/337 1181/336/336 1182/335/335
f  1183/339/339 1184/340/340 1185/341/341
f  1186/339/339 1187/341/341 1188/342/342
f  1189/324/324 1190/341/341 1191/340/340
f  1192/324/324 1193/340/340 1194/323/323
f  1195/343/343 1196/344/344 1197/120/120
f  1198/343/343 1199/120/120 1200/119/119
f  1201/344/344 1202/343/343 1203/127/127
f  1204/344/344 1205/127/127 1206/130/130
f  1207/345/345 1208/123/123 1209/126/126
f  1210/345/345 1211/126/126 1212/346/346
f  1213/346/346 1214/132/132 1215/131/131
f  1216/346/346 1217/131/131 1218/345/345
f  1219/346/346 1220/126/126 1221/120/120
f  1222/346/346 1223/120/120 1224/344/344
f  1225/344/344 1226/130/130 1227/132/132
f  1228/344/344 1229/132/132 1230/346/346
f  1231/331/331 1232/347/347 1233/348/348
f  1234/331/331 1235/348/348 1236/332/332
f  1237/337/337 1238/335/335 1239/349/349
f  1240/337/337 1241/349/349 1242/350/350
f  1243/351/351 1244/352/352 1245/348/348
f  1246/351/351 1247/348/348 1248/347/347
f  1249/353/353 1250/350/350 1251/349/349
f  1252/353/353 1253/349/349 1254/354/354
f  1255/355/355 1256/356/356 1257/357/357
f  1258/355/355 1259/357/357 1260/358/358
f  1261/359/359 1262/360/360 1263/361/361
f  1264/359/359 1265/361/361 1266/362/362
f  1267/363/363 1268/364/364 1269/356/356
f  1270/363/363 1271/356/356 1272/355/355
f  1273/365/365 1274/359/359 1275/362/362
f  1276/365/365 1277/362/362 1278/366/366
f  1279/367/367 1280/364/364 1281/363/363
f  1282/367/367 1283/363/363 1284/368/368
f  1285/369/369 1286/370/370 1287/365/365
f  1288/369/369 1289/365/365 1290/366/366
f  1291/368/368 1292/371/371 1293/372/372
f  1294/368/368 1295/372/372 1296/367/367
f  1297/370/370 1298/369/369 1299/373/373
f  1300/370/370 1301/373/373 1302/374/374
f  1303/375/375 1304/376/376 1305/377/377
f  1306/375/375 1307/377/377 1308/378/378
f  1309/379/379 1310/380/380 1311/381/381
f  1312/379/379 1313/381/381 1314/382/382
f  1315/383/383 1316/376/376 1317/375/375
f  1318/383/383 1319/375/375 1320/384/384
f  1321/385/385 1322/386/386 1323/379/379
f  1324/385/385 1325/379/379 1326/382/382
f  1327/329/329 1328/327/327 1329/387/387
f  1330/329/329 1331/387/387 1332/388/388
f  1333/339/339 1334/389/389 1335/390/390
f  1336/339/339 1337/390/390 1338/340/340
f  1339/388/388 1340/355/355 1341/358/358
f  1342/388/388 1343/358/358 1344/329/329
f  1345/389/389 1346/339/339 1347/360/360
f  1348/389/389 1349/360/360 1350/359/359
f  1351/315/315 1352/127/127 1353/343/343
f  1354/315/315 1355/343/343 1356/391/391
f  1357/318/318 1358/392/392 1359/345/345
f  1360/318/318 1361/345/345 1362/131/131
f  1363/393/393 1364/319/319 1365/315/315
f  1366/393/393 1367/315/315 1368/391/391
f  1369/394/394 1370/392/392 1371/318/318
f  1372/394/394 1373/318/318 1374/322/322
f  1375/393/393 1376/395/395 1377/325/325
f  1378/393/393 1379/325/325 1380/319/319
f  1381/394/394 1382/322/322 1383/323/323
f  1384/394/394 1385/323/323 1386/396/396
f  1387/327/327 1388/325/325 1389/395/395
f  1390/327/327 1391/395/395 1392/387/387
f  1393/340/340 1394/390/390 1395/396/396
f  1396/340/340 1397/396/396 1398/323/323
f  1399/397/397 1400/363/363 1401/355/355
f  1402/397/397 1403/355/355 1404/388/388
f  1405/398/398 1406/389/389 1407/359/359
f  1408/398/398 1409/359/359 1410/365/365
f  1411/399/399 1412/391/391 1413/343/343
f  1414/399/399 1415/343/343 1416/119/119
f  1417/400/400 1418/123/123 1419/345/345
f  1420/400/400 1421/345/345 1422/392/392
f  1423/122/122 1424/401/401 1425/399/399
f  1426/122/122 1427/399/399 1428/119/119
f  1429/124/124 1430/123/123 1431/400/400
f  1432/124/124 1433/400/400 1434/402/402
f  1435/401/401 1436/122/122 1437/192/192
f  1438/401/401 1439/192/192 1440/191/191
f  1441/402/402 1442/195/195 1443/198/198
f  1444/402/402 1445/198/198 1446/124/124
f  1447/403/403 1448/401/401 1449/191/191
f  1450/403/403 1451/191/191 1452/199/199
f  1453/404/404 1454/201/201 1455/195/195
f  1456/404/404 1457/195/195 1458/402/402
f  1459/399/399 1460/401/401 1461/403/403
f  1462/399/399 1463/403/403 1464/405/405
f  1465/400/400 1466/406/406 1467/404/404
f  1468/400/400 1469/404/404 1470/402/402
f  1471/393/393 1472/391/391 1473/399/399
f  1474/393/393 1475/399/399 1476/405/405
f  1477/394/394 1478/406/406 1479/400/400
f  1480/394/394 1481/400/400 1482/392/392
f  1483/407/407 1484/368/368 1485/363/363
f  1486/407/407 1487/363/363 1488/397/397
f  1489/408/408 1490/398/398 1491/365/365
f  1492/408/408 1493/365/365 1494/370/370
f  1495/371/371 1496/368/368 1497/407/407
f  1498/371/371 1499/407/407 1500/409/409
f  1501/374/374 1502/410/410 1503/408/408
f  1504/374/374 1505/408/408 1506/370/370
f  1507/411/411 1508/375/375 1509/378/378
f  1510/411/411 1511/378/378 1512/412/412
f  1513/413/413 1514/414/414 1515/380/380
f  1516/413/413 1517/380/380 1518/379/379
f  1519/411/411 1520/415/415 1521/384/384
f  1522/411/411 1523/384/384 1524/375/375
f  1525/413/413 1526/379/379 1527/386/386
f  1528/413/413 1529/386/386 1530/416/416
f  1531/283/283 1532/284/284 1533/417/417
f  1534/283/283 1535/417/417 1536/418/418
f  1537/285/285 1538/419/419 1539/420/420
f  1540/285/285 1541/420/420 1542/286/286
f  1543/421/421 1544/422/422 1545/418/418
f  1546/421/421 1547/418/418 1548/417/417
f  1549/423/423 1550/420/420 1551/419/419
f  1552/423/423 1553/419/419 1554/424/424
f  1555/415/415 1556/411/411 1557/422/422
f  1558/415/415 1559/422/422 1560/421/421
f  1561/416/416 1562/423/423 1563/424/424
f  1564/416/416 1565/424/424 1566/413/413
f  1567/312/312 1568/311/311 1569/425/425
f  1570/312/312 1571/425/425 1572/426/426
f  1573/313/313 1574/427/427 1575/428/428
f  1576/313/313 1577/428/428 1578/314/314
f  1579/429/429 1580/426/426 1581/425/425
f  1582/429/429 1583/425/425 1584/430/430
f  1585/431/431 1586/432/432 1587/428/428
f  1588/431/431 1589/428/428 1590/427/427
f  1591/433/433 1592/434/434 1593/429/429
f  1594/433/433 1595/429/429 1596/430/430
f  1597/435/435 1598/432/432 1599/431/431
f  1600/435/435 1601/431/431 1602/436/436
f  1603/433/433 1604/437/437 1605/438/438
f  1606/433/433 1607/438/438 1608/434/434
f  1609/435/435 1610/436/436 1611/439/439
f  1612/435/435 1613/439/439 1614/440/440
f  1615/441/441 1616/425/425 1617/311/311
f  1618/441/441 1619/311/311 1620/308/308
f  1621/442/442 1622/310/310 1623/314/314
f  1624/442/442 1625/314/314 1626/428/428
f  1627/443/443 1628/430/430 1629/425/425
f  1630/443/443 1631/425/425 1632/441/441
f  1633/444/444 1634/442/442 1635/428/428
f  1636/444/444 1637/428/428 1638/432/432
f  1639/443/443 1640/445/445 1641/433/433
f  1642/443/443 1643/433/433 1644/430/430
f  1645/444/444 1646/432/432 1647/435/435
f  1648/444/444 1649/435/435 1650/446/446
f  1651/445/445 1652/447/447 1653/437/437
f  1654/445/445 1655/437/437 1656/433/433
f  1657/446/446 1658/435/435 1659/440/440
f  1660/446/446 1661/440/440 1662/448/448
f  1663/449/449 1664/441/441 1665/308/308
f  1666/449/449 1667/308/308 1668/298/298
f  1669/450/450 1670/300/300 1671/310/310
f  1672/450/450 1673/310/310 1674/442/442
f  1675/449/449 1676/451/451 1677/443/443
f  1678/449/449 1679/443/443 1680/441/441
f  1681/450/450 1682/442/442 1683/444/444
f  1684/450/450 1685/444/444 1686/452/452
f  1687/451/451 1688/453/453 1689/445/445
f  1690/451/451 1691/445/445 1692/443/443
f  1693/452/452 1694/444/444 1695/446/446
f  1696/452/452 1697/446/446 1698/454/454
f  1699/445/445 1700/453/453 1701/455/455
f  1702/445/445 1703/455/455 1704/447/447
f  1705/446/446 1706/448/448 1707/456/456
f  1708/446/446 1709/456/456 1710/454/454
f  1711/457/457 1712/449/449 1713/298/298
f  1714/457/457 1715/298/298 1716/297/297
f  1717/458/458 1718/301/301 1719/300/300
f  1720/458/458 1721/300/300 1722/450/450
f  1723/459/459 1724/457/457 1725/297/297
f  1726/459/459 1727/297/297 1728/304/304
f  1729/460/460 1730/305/305 1731/301/301
f  1732/460/460 1733/301/301 1734/458/458
f  1735/261/261 1736/461/461 1737/462/462
f  1738/261/261 1739/462/462 1740/262/262
f  1741/265/265 1742/264/264 1743/463/463
f  1744/265/265 1745/463/463 1746/464/464
f  1747/262/262 1748/462/462 1749/465/465
f  1750/262/262 1751/465/465 1752/288/288
f  1753/264/264 1754/290/290 1755/466/466
f  1756/264/264 1757/466/466 1758/463/463
f  1759/291/291 1760/288/288 1761/465/465
f  1762/291/291 1763/465/465 1764/467/467
f  1765/294/294 1766/468/468 1767/466/466
f  1768/294/294 1769/466/466 1770/290/290
f  1771/304/304 1772/291/291 1773/467/467
f  1774/304/304 1775/467/467 1776/459/459
f  1777/305/305 1778/460/460 1779/468/468
f  1780/305/305 1781/468/468 1782/294/294
f  1783/451/451 1784/449/449 1785/457/457
f  1786/451/451 1787/457/457 1788/469/469
f  1789/452/452 1790/470/470 1791/458/458
f  1792/452/452 1793/458/458 1794/450/450
f  1795/453/453 1796/451/451 1797/469/469
f  1798/453/453 1799/469/469 1800/471/471
f  1801/454/454 1802/472/472 1803/470/470
f  1804/454/454 1805/470/470 1806/452/452
f  1807/455/455 1808/453/453 1809/471/471
f  1810/455/455 1811/471/471 1812/473/473
f  1813/456/456 1814/474/474 1815/472/472
f  1816/456/456 1817/472/472 1818/454/454
f  1819/457/457 1820/459/459 1821/475/475
f  1822/457/457 1823/475/475 1824/469/469
f  1825/458/458 1826/470/470 1827/476/476
f  1828/458/458 1829/476/476 1830/460/460
f  1831/471/471 1832/469/469 1833/475/475
f  1834/471/471 1835/475/475 1836/477/477
f  1837/472/472 1838/478/478 1839/476/476
f  1840/472/472 1841/476/476 1842/470/470
f  1843/473/473 1844/471/471 1845/477/477
f  1846/473/473 1847/477/477 1848/479/479
f  1849/474/474 1850/480/480 1851/478/478
f  1852/474/474 1853/478/478 1854/472/472
f  1855/481/481 1856/482/482 1857/462/462
f  1858/481/481 1859/462/462 1860/461/461
f  1861/483/483 1862/464/464 1863/463/463
f  1864/483/483 1865/463/463 1866/484/484
f  1867/482/482 1868/467/467 1869/465/465
f  1870/482/482 1871/465/465 1872/462/462
f  1873/484/484 1874/463/463 1875/466/466
f  1876/484/484 1877/466/466 1878/468/468
f  1879/485/485 1880/486/486 1881/482/482
f  1882/485/485 1883/482/482 1884/481/481
f  1885/479/479 1886/477/477 1887/486/486
f  1888/479/479 1889/486/486 1890/485/485
f  1891/480/480 1892/487/487 1893/488/488
f  1894/480/480 1895/488/488 1896/478/478
f  1897/487/487 1898/483/483 1899/484/484
f  1900/487/487 1901/484/484 1902/488/488
f  1903/486/486 1904/459/459 1905/467/467
f  1906/486/486 1907/467/467 1908/482/482
f  1909/488/488 1910/484/484 1911/468/468
f  1912/488/488 1913/468/468 1914/460/460
f  1915/486/486 1916/477/477 1917/475/475
f  1918/486/486 1919/475/475 1920/459/459
f  1921/488/488 1922/460/460 1923/476/476
f  1924/488/488 1925/476/476 1926/478/478
f  1927/437/437 1928/440/440 1929/439/439
f  1930/437/437 1931/439/439 1932/438/438
f  1933/447/447 1934/448/448 1935/440/440
f  1936/447/447 1937/440/440 1938/437/437
f  1939/448/448 1940/447/447 1941/455/455
f  1942/448/448 1943/455/455 1944/456/456
f  1945/456/456 1946/455/455 1947/473/473
f  1948/456/456 1949/473/473 1950/474/474
f  1951/474/474 1952/473/473 1953/479/479
f  1954/474/474 1955/479/479 1956/480/480
f  1957/480/480 1958/479/479 1959/485/485
f  1960/480/480 1961/485/485 1962/487/487
f  1963/481/481 1964/483/483 1965/487/487
f  1966/481/481 1967/487/487 1968/485/485
f  1969/461/461 1970/464/464 1971/483/483
f  1972/461/461 1973/483/483 1974/481/481
f  1975/261/261 1976/265/265 1977/464/464
f  1978/261/261 1979/464/464 1980/461/461
f  1981/260/260 1982/266/266 1983/265/265
f  1984/260/260 1985/265/265 1986/261/261
f  1987/253/253 1988/257/257 1989/256/256
f  1990/253/253 1991/256/256 1992/254/254
f  1993/283/283 1994/418/418 1995/489/489
f  1996/283/283 1997/489/489 1998/490/490
f  1999/285/285 2000/491/491 2001/492/492
f  2002/285/285 2003/492/492 2004/419/419
f  2005/411/411 2006/489/489 2007/418/418
f  2008/411/411 2009/418/418 2010/422/422
f  2011/413/413 2012/424/424 2013/419/419
f  2014/413/413 2015/419/419 2016/492/492
f  2017/493/493 2018/494/494 2019/490/490
f  2020/493/493 2021/490/490 2022/489/489
f  2023/495/495 2024/492/492 2025/491/491
f  2026/495/495 2027/491/491 2028/496/496
f  2029/412/412 2030/493/493 2031/489/489
f  2032/412/412 2033/489/489 2034/411/411
f  2035/414/414 2036/413/413 2037/492/492
f  2038/414/414 2039/492/492 2040/495/495
f  2041/497/497 2042/498/498 2043/499/499
f  2044/497/497 2045/499/499 2046/500/500
f  2047/501/501 2048/502/502 2049/503/503
f  2050/501/501 2051/503/503 2052/504/504
f  2053/497/497 2054/500/500 2055/505/505
f  2056/497/497 2057/505/505 2058/506/506
f  2059/501/501 2060/507/507 2061/508/508
f  2062/501/501 2063/508/508 2064/502/502
f  2065/506/506 2066/505/505 2067/509/509
f  2068/506/506 2069/509/509 2070/510/510
f  2071/507/507 2072/511/511 2073/512/512
f  2074/507/507 2075/512/512 2076/508/508
f  2077/513/513 2078/510/510 2079/509/509
f  2080/513/513 2081/509/509 2082/514/514
f  2083/515/515 2084/516/516 2085/512/512
f  2086/515/515 2087/512/512 2088/511/511
f  2089/517/517 2090/518/518 2091/519/519
f  2092/517/517 2093/519/519 2094/520/520
f  2095/521/521 2096/522/522 2097/523/523
f  2098/521/521 2099/523/523 2100/524/524
f  2101/500/500 2102/499/499 2103/525/525
f  2104/500/500 2105/525/525 2106/526/526
f  2107/502/502 2108/527/527 2109/528/528
f  2110/502/502 2111/528/528 2112/503/503
f  2113/529/529 2114/526/526 2115/525/525
f  2116/529/529 2117/525/525 2118/530/530
f  2119/531/531 2120/532/532 2121/528/528
f  2122/531/531 2123/528/528 2124/527/527
f  2125/529/529 2126/530/530 2127/533/533
f  2128/529/529 2129/533/533 2130/534/534
f  2131/531/531 2132/535/535 2133/536/536
f  2134/531/531 2135/536/536 2136/532/532
f  2137/537/537 2138/517/517 2139/520/520
f  2140/537/537 2141/520/520 2142/538/538
f  2143/539/539 2144/540/540 2145/522/522
f  2146/539/539 2147/522/522 2148/521/521
f  2149/541/541 2150/537/537 2151/538/538
f  2152/541/541 2153/538/538 2154/542/542
f  2155/543/543 2156/544/544 2157/540/540
f  2158/543/543 2159/540/540 2160/539/539
f  2161/541/541 2162/542/542 2163/529/529
f  2164/541/541 2165/529/529 2166/534/534
f  2167/543/543 2168/535/535 2169/531/531
f  2170/543/543 2171/531/531 2172/544/544
f  2173/545/545 2174/505/505 2175/500/500
f  2176/545/545 2177/500/500 2178/526/526
f  2179/546/546 2180/527/527 2181/502/502
f  2182/546/546 2183/502/502 2184/508/508
f  2185/545/545 2186/514/514 2187/509/509
f  2188/545/545 2189/509/509 2190/505/505
f  2191/546/546 2192/508/508 2193/512/512
f  2194/546/546 2195/512/512 2196/516/516
f  2197/547/547 2198/513/513 2199/514/514
f  2200/547/547 2201/514/514 2202/548/548
f  2203/519/519 2204/547/547 2205/548/548
f  2206/519/519 2207/548/548 2208/520/520
f  2209/523/523 2210/522/522 2211/549/549
f  2212/523/523 2213/549/549 2214/550/550
f  2215/550/550 2216/549/549 2217/516/516
f  2218/550/550 2219/516/516 2220/515/515
f  2221/545/545 2222/551/551 2223/548/548
f  2224/545/545 2225/548/548 2226/514/514
f  2227/546/546 2228/516/516 2229/549/549
f  2230/546/546 2231/549/549 2232/552/552
f  2233/520/520 2234/548/548 2235/551/551
f  2236/520/520 2237/551/551 2238/538/538
f  2239/522/522 2240/540/540 2241/552/552
f  2242/522/522 2243/552/552 2244/549/549
f  2245/542/542 2246/545/545 2247/526/526
f  2248/542/542 2249/526/526 2250/529/529
f  2251/544/544 2252/531/531 2253/527/527
f  2254/544/544 2255/527/527 2256/546/546
f  2257/542/542 2258/538/538 2259/551/551
f  2260/542/542 2261/551/551 2262/545/545
f  2263/544/544 2264/546/546 2265/552/552
f  2266/544/544 2267/552/552 2268/540/540
f  2269/403/403 2270/199/199 2271/553/553
f  2272/403/403 2273/553/553 2274/554/554
f  2275/404/404 2276/555/555 2277/556/556
f  2278/404/404 2279/556/556 2280/201/201
f  2281/557/557 2282/558/558 2283/554/554
f  2284/557/557 2285/554/554 2286/553/553
f  2287/559/559 2288/556/556 2289/555/555
f  2290/559/559 2291/555/555 2292/560/560
f  2293/403/403 2294/554/554 2295/561/561
f  2296/403/403 2297/561/561 2298/405/405
f  2299/404/404 2300/406/406 2301/562/562
f  2302/404/404 2303/562/562 2304/555/555
f  2305/393/393 2306/405/405 2307/561/561
f  2308/393/393 2309/561/561 2310/563/563
f  2311/394/394 2312/564/564 2313/562/562
f  2314/394/394 2315/562/562 2316/406/406
f  2317/395/395 2318/393/393 2319/563/563
f  2320/395/395 2321/563/563 2322/565/565
f  2323/396/396 2324/566/566 2325/564/564
f  2326/396/396 2327/564/564 2328/394/394
f  2329/387/387 2330/395/395 2331/565/565
f  2332/387/387 2333/565/565 2334/567/567
f  2335/390/390 2336/568/568 2337/566/566
f  2338/390/390 2339/566/566 2340/396/396
f  2341/387/387 2342/567/567 2343/397/397
f  2344/387/387 2345/397/397 2346/388/388
f  2347/390/390 2348/389/389 2349/398/398
f  2350/390/390 2351/398/398 2352/568/568
f  2353/407/407 2354/397/397 2355/567/567
f  2356/407/407 2357/567/567 2358/569/569
f  2359/408/408 2360/570/570 2361/568/568
f  2362/408/408 2363/568/568 2364/398/398
f  2365/569/569 2366/567/567 2367/565/565
f  2368/569/569 2369/565/565 2370/571/571
f  2371/570/570 2372/572/572 2373/566/566
f  2374/570/570 2375/566/566 2376/568/568
f  2377/571/571 2378/565/565 2379/563/563
f  2380/571/571 2381/563/563 2382/561/561
f  2383/572/572 2384/562/562 2385/564/564
f  2386/572/572 2387/564/564 2388/566/566
f  2389/571/571 2390/561/561 2391/554/554
f  2392/571/571 2393/554/554 2394/558/558
f  2395/572/572 2396/560/560 2397/555/555
f  2398/572/572 2399/555/555 2400/562/562
f  2401/409/409 2402/407/407 2403/569/569
f  2404/409/409 2405/569/569 2406/573/573
f  2407/410/410 2408/574/574 2409/570/570
f  2410/410/410 2411/570/570 2412/408/408
f  2413/573/573 2414/569/569 2415/571/571
f  2416/573/573 2417/571/571 2418/558/558
f  2419/574/574 2420/560/560 2421/572/572
f  2422/574/574 2423/572/572 2424/570/570
f  2425/575/575 2426/557/557 2427/494/494
f  2428/575/575 2429/494/494 2430/493/493
f  2431/576/576 2432/495/495 2433/496/496
f  2434/576/576 2435/496/496 2436/559/559
f  2437/557/557 2438/575/575 2439/573/573
f  2440/557/557 2441/573/573 2442/558/558
f  2443/559/559 2444/560/560 2445/574/574
f  2446/559/559 2447/574/574 2448/576/576
f  2449/577/577 2450/372/372 2451/371/371
f  2452/577/577 2453/371/371 2454/578/578
f  2455/577/577 2456/578/578 2457/378/378
f  2458/577/577 2459/378/378 2460/377/377
f  2461/579/579 2462/580/580 2463/381/381
f  2464/579/579 2465/381/381 2466/380/380
f  2467/580/580 2468/579/579 2469/374/374
f  2470/580/580 2471/374/374 2472/373/373
f  2473/409/409 2474/581/581 2475/578/578
f  2476/409/409 2477/578/578 2478/371/371
f  2479/578/578 2480/581/581 2481/412/412
f  2482/578/578 2483/412/412 2484/378/378
f  2485/380/380 2486/414/414 2487/582/582
f  2488/380/380 2489/582/582 2490/579/579
f  2491/410/410 2492/374/374 2493/579/579
f  2494/410/410 2495/579/579 2496/582/582
f  2497/412/412 2498/581/581 2499/575/575
f  2500/412/412 2501/575/575 2502/493/493
f  2503/414/414 2504/495/495 2505/576/576
f  2506/414/414 2507/576/576 2508/582/582
f  2509/581/581 2510/409/409 2511/573/573
f  2512/581/581 2513/573/573 2514/575/575
f  2515/582/582 2516/576/576 2517/574/574
f  2518/582/582 2519/574/574 2520/410/410
f  2521/583/583 2522/584/584 2523/585/585
f  2524/583/583 2525/585/585 2526/586/586
f  2527/587/587 2528/588/588 2529/589/589
f  2530/587/587 2531/589/589 2532/590/590
f  2533/585/585 2534/584/584 2535/591/591
f  2536/585/585 2537/591/591 2538/592/592
f  2539/593/593 2540/594/594 2541/590/590
f  2542/593/593 2543/590/590 2544/589/589
f  2545/592/592 2546/591/591 2547/595/595
f  2548/592/592 2549/595/595 2550/596/596
f  2551/593/593 2552/597/597 2553/598/598
f  2554/593/593 2555/598/598 2556/594/594
f  2557/599/599 2558/596/596 2559/595/595
f  2560/599/599 2561/595/595 2562/600/600
f  2563/601/601 2564/602/602 2565/598/598
f  2566/601/601 2567/598/598 2568/597/597
f  2569/599/599 2570/600/600 2571/603/603
f  2572/599/599 2573/603/603 2574/604/604
f  2575/601/601 2576/605/605 2577/606/606
f  2578/601/601 2579/606/606 2580/602/602
f  2581/604/604 2582/603/603 2583/607/607
f  2584/604/604 2585/607/607 2586/608/608
f  2587/605/605 2588/609/609 2589/610/610
f  2590/605/605 2591/610/610 2592/606/606
f  2593/611/611 2594/612/612 2595/613/613
f  2596/611/611 2597/613/613 2598/614/614
f  2599/615/615 2600/616/616 2601/617/617
f  2602/615/615 2603/617/617 2604/618/618
f  2605/619/619 2606/620/620 2607/611/611
f  2608/619/619 2609/611/611 2610/614/614
f  2611/621/621 2612/616/616 2613/615/615
f  2614/621/621 2615/615/615 2616/622/622
f  2617/623/623 2618/624/624 2619/620/620
f  2620/623/623 2621/620/620 2622/619/619
f  2623/625/625 2624/621/621 2625/622/622
f  2626/625/625 2627/622/622 2628/626/626
f  2629/627/627 2630/628/628 2631/624/624
f  2632/627/627 2633/624/624 2634/623/623
f  2635/629/629 2636/625/625 2637/626/626
f  2638/629/629 2639/626/626 2640/630/630
f  2641/627/627 2642/631/631 2643/632/632
f  2644/627/627 2645/632/632 2646/628/628
f  2647/629/629 2648/630/630 2649/633/633
f  2650/629/629 2651/633/633 2652/634/634
f  2653/635/635 2654/636/636 2655/632/632
f  2656/635/635 2657/632/632 2658/631/631
f  2659/637/637 2660/634/634 2661/633/633
f  2662/637/637 2663/633/633 2664/638/638
f  2665/517/517 2666/521/521 2667/524/524
f  2668/517/517 2669/524/524 2670/518/518
f  2671/521/521 2672/517/517 2673/537/537
f  2674/521/521 2675/537/537 2676/539/539
f  2677/539/539 2678/537/537 2679/541/541
f  2680/539/539 2681/541/541 2682/543/543
f  2683/543/543 2684/541/541 2685/534/534
f  2686/543/543 2687/534/534 2688/535/535
f  2689/535/535 2690/534/534 2691/533/533
f  2692/535/535 2693/533/533 2694/536/536
f  2695/632/632 2696/636/636 2697/639/639
f  2698/632/632 2699/639/639 2700/640/640
f  2701/633/633 2702/641/641 2703/642/642
f  2704/633/633 2705/642/642 2706/638/638
f  2707/640/640 2708/639/639 2709/643/643
f  2710/640/640 2711/643/643 2712/644/644
f  2713/641/641 2714/645/645 2715/646/646
f  2716/641/641 2717/646/646 2718/642/642
f  2719/644/644 2720/643/643 2721/647/647
f  2722/644/644 2723/647/647 2724/648/648
f  2725/645/645 2726/649/649 2727/650/650
f  2728/645/645 2729/650/650 2730/646/646
f  2731/632/632 2732/640/640 2733/651/651
f  2734/632/632 2735/651/651 2736/628/628
f  2737/633/633 2738/630/630 2739/652/652
f  2740/633/633 2741/652/652 2742/641/641
f  2743/640/640 2744/644/644 2745/653/653
f  2746/640/640 2747/653/653 2748/651/651
f  2749/641/641 2750/652/652 2751/654/654
f  2752/641/641 2753/654/654 2754/645/645
f  2755/644/644 2756/648/648 2757/655/655
f  2758/644/644 2759/655/655 2760/653/653
f  2761/645/645 2762/654/654 2763/656/656
f  2764/645/645 2765/656/656 2766/649/649
f  2767/628/628 2768/651/651 2769/657/657
f  2770/628/628 2771/657/657 2772/624/624
f  2773/630/630 2774/626/626 2775/658/658
f  2776/630/630 2777/658/658 2778/652/652
f  2779/624/624 2780/657/657 2781/659/659
f  2782/624/624 2783/659/659 2784/620/620
f  2785/626/626 2786/622/622 2787/660/660
f  2788/626/626 2789/660/660 2790/658/658
f  2791/611/611 2792/620/620 2793/659/659
f  2794/611/611 2795/659/659 2796/661/661
f  2797/615/615 2798/662/662 2799/660/660
f  2800/615/615 2801/660/660 2802/622/622
f  2803/612/612 2804/611/611 2805/661/661
f  2806/612/612 2807/661/661 2808/663/663
f  2809/618/618 2810/664/664 2811/662/662
f  2812/618/618 2813/662/662 2814/615/615
f  2815/653/653 2816/655/655 2817/665/665
f  2818/653/653 2819/665/665 2820/666/666
f  2821/654/654 2822/667/667 2823/668/668
f  2824/654/654 2825/668/668 2826/656/656
f  2827/663/663 2828/661/661 2829/666/666
f  2830/663/663 2831/666/666 2832/665/665
f  2833/664/664 2834/668/668 2835/667/667
f  2836/664/664 2837/667/667 2838/662/662
f  2839/653/653 2840/666/666 2841/657/657
f  2842/653/653 2843/657/657 2844/651/651
f  2845/654/654 2846/652/652 2847/658/658
f  2848/654/654 2849/658/658 2850/667/667
f  2851/666/666 2852/661/661 2853/659/659
f  2854/666/666 2855/659/659 2856/657/657
f  2857/667/667 2858/658/658 2859/660/660
f  2860/667/667 2861/660/660 2862/662/662
f  2863/609/609 2864/608/608 2865/607/607
f  2866/609/609 2867/607/607 2868/610/610
f  2869/617/617 2870/613/613 2871/612/612
f  2872/617/617 2873/612/612 2874/618/618
f  2875/663/663 2876/664/664 2877/618/618
f  2878/663/663 2879/618/618 2880/612/612
f  2881/665/665 2882/668/668 2883/664/664
f  2884/665/665 2885/664/664 2886/663/663
f  2887/668/668 2888/665/665 2889/655/655
f  2890/668/668 2891/655/655 2892/656/656
f  2893/656/656 2894/655/655 2895/648/648
f  2896/656/656 2897/648/648 2898/649/649
f  2899/649/649 2900/648/648 2901/647/647
f  2902/649/649 2903/647/647 2904/650/650
f  2905/212/212 2906/224/224 2907/669/669
f  2908/212/212 2909/669/669 2910/670/670
f  2911/214/214 2912/671/671 2913/672/672
f  2914/214/214 2915/672/672 2916/226/226
f  2917/669/669 2918/673/673 2919/674/674
f  2920/669/669 2921/674/674 2922/670/670
f  2923/672/672 2924/671/671 2925/675/675
f  2926/672/672 2927/675/675 2928/676/676
f  2929/219/219 2930/215/215 2931/677/677
f  2932/219/219 2933/677/677 2934/678/678
f  2935/222/222 2936/679/679 2937/680/680
f  2938/222/222 2939/680/680 2940/218/218
f  2941/678/678 2942/677/677 2943/681/681
f  2944/678/678 2945/681/681 2946/682/682
f  2947/679/679 2948/683/683 2949/684/684
f  2950/679/679 2951/684/684 2952/680/680
f  2953/685/685 2954/670/670 2955/674/674
f  2956/685/685 2957/674/674 2958/686/686
f  2959/687/687 2960/688/688 2961/675/675
f  2962/687/687 2963/675/675 2964/671/671
f  2965/685/685 2966/686/686 2967/689/689
f  2968/685/685 2969/689/689 2970/690/690
f  2971/681/681 2972/677/677 2973/690/690
f  2974/681/681 2975/690/690 2976/689/689
f  2977/684/684 2978/691/691 2979/692/692
f  2980/684/684 2981/692/692 2982/680/680
f  2983/687/687 2984/692/692 2985/691/691
f  2986/687/687 2987/691/691 2988/688/688
f  2989/690/690 2990/677/677 2991/215/215
f  2992/690/690 2993/215/215 2994/206/206
f  2995/692/692 2996/208/208 2997/218/218
f  2998/692/692 2999/218/218 3000/680/680
f  3001/685/685 3002/690/690 3003/206/206
f  3004/685/685 3005/206/206 3006/205/205
f  3007/687/687 3008/209/209 3009/208/208
f  3010/687/687 3011/208/208 3012/692/692
f  3013/212/212 3014/670/670 3015/685/685
f  3016/212/212 3017/685/685 3018/205/205
f  3019/214/214 3020/209/209 3021/687/687
f  3022/214/214 3023/687/687 3024/671/671
f  3025/682/682 3026/681/681 3027/693/693
f  3028/682/682 3029/693/693 3030/694/694
f  3031/683/683 3032/695/695 3033/696/696
f  3034/683/683 3035/696/696 3036/684/684
f  3037/674/674 3038/673/673 3039/697/697
f  3040/674/674 3041/697/697 3042/698/698
f  3043/675/675 3044/699/699 3045/700/700
f  3046/675/675 3047/700/700 3048/676/676
f  3049/674/674 3050/698/698 3051/701/701
f  3052/674/674 3053/701/701 3054/686/686
f  3055/675/675 3056/688/688 3057/702/702
f  3058/675/675 3059/702/702 3060/699/699
f  3061/681/681 3062/689/689 3063/703/703
f  3064/681/681 3065/703/703 3066/693/693
f  3067/684/684 3068/696/696 3069/704/704
f  3070/684/684 3071/704/704 3072/691/691
f  3073/686/686 3074/701/701 3075/703/703
f  3076/686/686 3077/703/703 3078/689/689
f  3079/688/688 3080/691/691 3081/704/704
f  3082/688/688 3083/704/704 3084/702/702
f  3085/244/244 3086/705/705 3087/706/706
f  3088/244/244 3089/706/706 3090/245/245
f  3091/250/250 3092/249/249 3093/707/707
f  3094/250/250 3095/707/707 3096/708/708
f  3097/230/230 3098/229/229 3099/709/709
f  3100/230/230 3101/709/709 3102/710/710
f  3103/232/232 3104/711/711 3105/712/712
f  3106/232/232 3107/712/712 3108/233/233
f  3109/235/235 3110/230/230 3111/710/710
f  3112/235/235 3113/710/710 3114/713/713
f  3115/238/238 3116/714/714 3117/711/711
f  3118/238/238 3119/711/711 3120/232/232
f  3121/240/240 3122/235/235 3123/713/713
f  3124/240/240 3125/713/713 3126/715/715
f  3127/242/242 3128/716/716 3129/714/714
f  3130/242/242 3131/714/714 3132/238/238
f  3133/240/240 3134/715/715 3135/705/705
f  3136/240/240 3137/705/705 3138/244/244
f  3139/242/242 3140/250/250 3141/708/708
f  3142/242/242 3143/708/708 3144/716/716
f  3145/709/709 3146/717/717 3147/718/718
f  3148/709/709 3149/718/718 3150/710/710
f  3151/712/712 3152/711/711 3153/719/719
f  3154/712/712 3155/719/719 3156/720/720
f  3157/717/717 3158/721/721 3159/722/722
f  3160/717/717 3161/722/722 3162/718/718
f  3163/720/720 3164/719/719 3165/723/723
f  3166/720/720 3167/723/723 3168/724/724
f  3169/725/725 3170/726/726 3171/727/727
f  3172/725/725 3173/727/727 3174/728/728
f  3175/729/729 3176/730/730 3177/731/731
f  3178/729/729 3179/731/731 3180/732/732
f  3181/706/706 3182/705/705 3183/726/726
f  3184/706/706 3185/726/726 3186/725/725
f  3187/707/707 3188/729/729 3189/732/732
f  3190/707/707 3191/732/732 3192/708/708
f  3193/733/733 3194/726/726 3195/705/705
f  3196/733/733 3197/705/705 3198/715/715
f  3199/734/734 3200/716/716 3201/708/708
f  3202/734/734 3203/708/708 3204/732/732
f  3205/713/713 3206/735/735 3207/733/733
f  3208/713/713 3209/733/733 3210/715/715
f  3211/714/714 3212/716/716 3213/734/734
f  3214/714/714 3215/734/734 3216/736/736
f  3217/735/735 3218/713/713 3219/710/710
f  3220/735/735 3221/710/710 3222/718/718
f  3223/736/736 3224/719/719 3225/711/711
f  3226/736/736 3227/711/711 3228/714/714
f  3229/718/718 3230/722/722 3231/737/737
f  3232/718/718 3233/737/737 3234/735/735
f  3235/719/719 3236/736/736 3237/738/738
f  3238/719/719 3239/738/738 3240/723/723
f  3241/733/733 3242/735/735 3243/737/737
f  3244/733/733 3245/737/737 3246/739/739
f  3247/734/734 3248/740/740 3249/738/738
f  3250/734/734 3251/738/738 3252/736/736
f  3253/726/726 3254/733/733 3255/739/739
f  3256/726/726 3257/739/739 3258/727/727
f  3259/732/732 3260/731/731 3261/740/740
f  3262/732/732 3263/740/740 3264/734/734
f  3265/698/698 3266/741/741 3267/742/742
f  3268/698/698 3269/742/742 3270/701/701
f  3271/699/699 3272/702/702 3273/743/743
f  3274/699/699 3275/743/743 3276/744/744
f  3277/693/693 3278/703/703 3279/745/745
f  3280/693/693 3281/745/745 3282/746/746
f  3283/696/696 3284/747/747 3285/748/748
f  3286/696/696 3287/748/748 3288/704/704
f  3289/704/704 3290/748/748 3291/743/743
f  3292/704/704 3293/743/743 3294/702/702
f  3295/703/703 3296/701/701 3297/742/742
f  3298/703/703 3299/742/742 3300/745/745
f  3301/749/749 3302/741/741 3303/698/698
f  3304/749/749 3305/698/698 3306/697/697
f  3307/750/750 3308/700/700 3309/699/699
f  3310/750/750 3311/699/699 3312/744/744
f  3313/693/693 3314/746/746 3315/751/751
f  3316/693/693 3317/751/751 3318/694/694
f  3319/696/696 3320/695/695 3321/752/752
f  3322/696/696 3323/752/752 3324/747/747
f  3325/742/742 3326/753/753 3327/754/754
f  3328/742/742 3329/754/754 3330/745/745
f  3331/743/743 3332/748/748 3333/755/755
f  3334/743/743 3335/755/755 3336/756/756
f  3337/742/742 3338/741/741 3339/757/757
f  3340/742/742 3341/757/757 3342/753/753
f  3343/743/743 3344/756/756 3345/758/758
f  3346/743/743 3347/758/758 3348/744/744
f  3349/745/745 3350/754/754 3351/759/759
f  3352/745/745 3353/759/759 3354/746/746
f  3355/748/748 3356/747/747 3357/760/760
f  3358/748/748 3359/760/760 3360/755/755
f  3361/761/761 3362/757/757 3363/741/741
f  3364/761/761 3365/741/741 3366/749/749
f  3367/762/762 3368/750/750 3369/744/744
f  3370/762/762 3371/744/744 3372/758/758
f  3373/763/763 3374/753/753 3375/757/757
f  3376/763/763 3377/757/757 3378/761/761
f  3379/764/764 3380/762/762 3381/758/758
f  3382/764/764 3383/758/758 3384/756/756
f  3385/751/751 3386/746/746 3387/759/759
f  3388/751/751 3389/759/759 3390/765/765
f  3391/752/752 3392/766/766 3393/760/760
f  3394/752/752 3395/760/760 3396/747/747
f  3397/767/767 3398/765/765 3399/759/759
f  3400/767/767 3401/759/759 3402/754/754
f  3403/768/768 3404/755/755 3405/760/760
f  3406/768/768 3407/760/760 3408/766/766
f  3409/767/767 3410/754/754 3411/753/753
f  3412/767/767 3413/753/753 3414/763/763
f  3415/768/768 3416/764/764 3417/756/756
f  3418/768/768 3419/756/756 3420/755/755
f  3421/722/722 3422/721/721 3423/769/769
f  3424/722/722 3425/769/769 3426/770/770
f  3427/723/723 3428/771/771 3429/772/772
f  3430/723/723 3431/772/772 3432/724/724
f  3433/769/769 3434/773/773 3435/774/774
f  3436/769/769 3437/774/774 3438/770/770
f  3439/772/772 3440/771/771 3441/775/775
f  3442/772/772 3443/775/775 3444/776/776
f  3445/777/777 3446/778/778 3447/774/774
f  3448/777/777 3449/774/774 3450/773/773
f  3451/779/779 3452/776/776 3453/775/775
f  3454/779/779 3455/775/775 3456/780/780
f  3457/777/777 3458/781/781 3459/782/782
f  3460/777/777 3461/782/782 3462/778/778
f  3463/779/779 3464/780/780 3465/783/783
f  3466/779/779 3467/783/783 3468/784/784
f  3469/782/782 3470/781/781 3471/785/785
f  3472/782/782 3473/785/785 3474/786/786
f  3475/783/783 3476/787/787 3477/788/788
f  3478/783/783 3479/788/788 3480/784/784
f  3481/789/789 3482/790/790 3483/786/786
f  3484/789/789 3485/786/786 3486/785/785
f  3487/791/791 3488/788/788 3489/787/787
f  3490/791/791 3491/787/787 3492/792/792
f  3493/727/727 3494/790/790 3495/789/789
f  3496/727/727 3497/789/789 3498/728/728
f  3499/731/731 3500/730/730 3501/791/791
f  3502/731/731 3503/791/791 3504/792/792
f  3505/739/739 3506/793/793 3507/790/790
f  3508/739/739 3509/790/790 3510/727/727
f  3511/740/740 3512/731/731 3513/792/792
f  3514/740/740 3515/792/792 3516/794/794
f  3517/793/793 3518/782/782 3519/786/786
f  3520/793/793 3521/786/786 3522/790/790
f  3523/794/794 3524/792/792 3525/787/787
f  3526/794/794 3527/787/787 3528/783/783
f  3529/793/793 3530/795/795 3531/778/778
f  3532/793/793 3533/778/778 3534/782/782
f  3535/794/794 3536/783/783 3537/780/780
f  3538/794/794 3539/780/780 3540/796/796
f  3541/737/737 3542/795/795 3543/793/793
f  3544/737/737 3545/793/793 3546/739/739
f  3547/738/738 3548/740/740 3549/794/794
f  3550/738/738 3551/794/794 3552/796/796
f  3553/737/737 3554/722/722 3555/770/770
f  3556/737/737 3557/770/770 3558/795/795
f  3559/738/738 3560/796/796 3561/771/771
f  3562/738/738 3563/771/771 3564/723/723
f  3565/795/795 3566/770/770 3567/774/774
f  3568/795/795 3569/774/774 3570/778/778
f  3571/796/796 3572/780/780 3573/775/775
f  3574/796/796 3575/775/775 3576/771/771
f  3577/604/604 3578/608/608 3579/797/797
f  3580/604/604 3581/797/797 3582/798/798
f  3583/605/605 3584/799/799 3585/800/800
f  3586/605/605 3587/800/800 3588/609/609
f  3589/798/798 3590/797/797 3591/801/801
f  3592/798/798 3593/801/801 3594/802/802
f  3595/799/799 3596/803/803 3597/804/804
f  3598/799/799 3599/804/804 3600/800/800
f  3601/802/802 3602/801/801 3603/805/805
f  3604/802/802 3605/805/805 3606/806/806
f  3607/803/803 3608/807/807 3609/808/808
f  3610/803/803 3611/808/808 3612/804/804
f  3613/809/809 3614/810/810 3615/811/811
f  3616/809/809 3617/811/811 3618/812/812
f  3619/813/813 3620/814/814 3621/815/815
f  3622/813/813 3623/815/815 3624/816/816
f  3625/352/352 3626/354/354 3627/349/349
f  3628/352/352 3629/349/349 3630/348/348
f  3631/348/348 3632/349/349 3633/335/335
f  3634/348/348 3635/335/335 3636/332/332
f  3637/817/817 3638/818/818 3639/819/819
f  3640/817/817 3641/819/819 3642/820/820
f  3643/821/821 3644/822/822 3645/823/823
f  3646/821/821 3647/823/823 3648/824/824
f  3649/825/825 3650/352/352 3651/351/351
f  3652/825/825 3653/351/351 3654/826/826
f  3655/827/827 3656/828/828 3657/353/353
f  3658/827/827 3659/353/353 3660/354/354
f  3661/829/829 3662/820/820 3663/819/819
f  3664/829/829 3665/819/819 3666/830/830
f  3667/831/831 3668/832/832 3669/823/823
f  3670/831/831 3671/823/823 3672/822/822
f  3673/833/833 3674/829/829 3675/830/830
f  3676/833/833 3677/830/830 3678/834/834
f  3679/835/835 3680/836/836 3681/832/832
f  3682/835/835 3683/832/832 3684/831/831
f  3685/837/837 3686/838/838 3687/833/833
f  3688/837/837 3689/833/833 3690/834/834
f  3691/839/839 3692/836/836 3693/835/835
f  3694/839/839 3695/835/835 3696/840/840
f  3697/837/837 3698/841/841 3699/842/842
f  3700/837/837 3701/842/842 3702/838/838
f  3703/843/843 3704/839/839 3705/840/840
f  3706/843/843 3707/840/840 3708/844/844
f  3709/845/845 3710/846/846 3711/842/842
f  3712/845/845 3713/842/842 3714/841/841
f  3715/847/847 3716/843/843 3717/844/844
f  3718/847/847 3719/844/844 3720/848/848
f  3721/585/585 3722/846/846 3723/845/845
f  3724/585/585 3725/845/845 3726/586/586
f  3727/588/588 3728/847/847 3729/848/848
f  3730/588/588 3731/848/848 3732/589/589
f  3733/849/849 3734/846/846 3735/585/585
f  3736/849/849 3737/585/585 3738/592/592
f  3739/850/850 3740/593/593 3741/589/589
f  3742/850/850 3743/589/589 3744/848/848
f  3745/825/825 3746/826/826 3747/851/851
f  3748/825/825 3749/851/851 3750/852/852
f  3751/827/827 3752/853/853 3753/854/854
f  3754/827/827 3755/854/854 3756/828/828
f  3757/855/855 3758/852/852 3759/851/851
f  3760/855/855 3761/851/851 3762/856/856
f  3763/857/857 3764/858/858 3765/854/854
f  3766/857/857 3767/854/854 3768/853/853
f  3769/855/855 3770/856/856 3771/859/859
f  3772/855/855 3773/859/859 3774/860/860
f  3775/857/857 3776/861/861 3777/862/862
f  3778/857/857 3779/862/862 3780/858/858
f  3781/855/855 3782/860/860 3783/863/863
f  3784/855/855 3785/863/863 3786/864/864
f  3787/857/857 3788/865/865 3789/866/866
f  3790/857/857 3791/866/866 3792/861/861
f  3793/864/864 3794/863/863 3795/867/867
f  3796/864/864 3797/867/867 3798/868/868
f  3799/865/865 3800/869/869 3801/870/870
f  3802/865/865 3803/870/870 3804/866/866
f  3805/868/868 3806/867/867 3807/871/871
f  3808/868/868 3809/871/871 3810/872/872
f  3811/869/869 3812/873/873 3813/874/874
f  3814/869/869 3815/874/874 3816/870/870
f  3817/875/875 3818/872/872 3819/871/871
f  3820/875/875 3821/871/871 3822/876/876
f  3823/877/877 3824/878/878 3825/874/874
f  3826/877/877 3827/874/874 3828/873/873
f  3829/879/879 3830/875/875 3831/876/876
f  3832/879/879 3833/876/876 3834/880/880
f  3835/881/881 3836/882/882 3837/878/878
f  3838/881/881 3839/878/878 3840/877/877
f  3841/879/879 3842/880/880 3843/883/883
f  3844/879/879 3845/883/883 3846/884/884
f  3847/881/881 3848/885/885 3849/886/886
f  3850/881/881 3851/886/886 3852/882/882
f  3853/887/887 3854/884/884 3855/883/883
f  3856/887/887 3857/883/883 3858/888/888
f  3859/889/889 3860/890/890 3861/886/886
f  3862/889/889 3863/886/886 3864/885/885
f  3865/891/891 3866/892/892 3867/893/893
f  3868/891/891 3869/893/893 3870/894/894
f  3871/895/895 3872/896/896 3873/897/897
f  3874/895/895 3875/897/897 3876/898/898
f  3877/899/899 3878/891/891 3879/894/894
f  3880/899/899 3881/894/894 3882/900/900
f  3883/901/901 3884/902/902 3885/896/896
f  3886/901/901 3887/896/896 3888/895/895
f  3889/903/903 3890/904/904 3891/905/905
f  3892/903/903 3893/905/905 3894/906/906
f  3895/907/907 3896/908/908 3897/909/909
f  3898/907/907 3899/909/909 3900/910/910
f  3901/911/911 3902/912/912 3903/904/904
f  3904/911/911 3905/904/904 3906/903/903
f  3907/913/913 3908/907/907 3909/910/910
f  3910/913/913 3911/910/910 3912/914/914
f  3913/915/915 3914/916/916 3915/912/912
f  3916/915/915 3917/912/912 3918/911/911
f  3919/917/917 3920/913/913 3921/914/914
f  3922/917/917 3923/914/914 3924/918/918
f  3925/899/899 3926/900/900 3927/916/916
f  3928/899/899 3929/916/916 3930/915/915
f  3931/901/901 3932/917/917 3933/918/918
f  3934/901/901 3935/918/918 3936/902/902
f  3937/919/919 3938/920/920 3939/903/903
f  3940/919/919 3941/903/903 3942/906/906
f  3943/921/921 3944/908/908 3945/907/907
f  3946/921/921 3947/907/907 3948/922/922
f  3949/820/820 3950/920/920 3951/919/919
f  3952/820/820 3953/919/919 3954/817/817
f  3955/822/822 3956/821/821 3957/921/921
f  3958/822/822 3959/921/921 3960/922/922
f  3961/920/920 3962/923/923 3963/911/911
f  3964/920/920 3965/911/911 3966/903/903
f  3967/922/922 3968/907/907 3969/913/913
f  3970/922/922 3971/913/913 3972/924/924
f  3973/925/925 3974/915/915 3975/911/911
f  3976/925/925 3977/911/911 3978/923/923
f  3979/926/926 3980/924/924 3981/913/913
f  3982/926/926 3983/913/913 3984/917/917
f  3985/820/820 3986/927/927 3987/923/923
f  3988/820/820 3989/923/923 3990/920/920
f  3991/822/822 3992/922/922 3993/924/924
f  3994/822/822 3995/924/924 3996/928/928
f  3997/927/927 3998/929/929 3999/925/925
f  4000/927/927 4001/925/925 4002/923/923
f  4003/928/928 4004/924/924 4005/926/926
f  4006/928/928 4007/926/926 4008/930/930
f  4009/931/931 4010/899/899 4011/915/915
f  4012/931/931 4013/915/915 4014/925/925
f  4015/932/932 4016/926/926 4017/917/917
f  4018/932/932 4019/917/917 4020/901/901
f  4021/931/931 4022/925/925 4023/929/929
f  4024/931/931 4025/929/929 4026/933/933
f  4027/932/932 4028/934/934 4029/930/930
f  4030/932/932 4031/930/930 4032/926/926
f  4033/820/820 4034/829/829 4035/935/935
f  4036/820/820 4037/935/935 4038/927/927
f  4039/822/822 4040/928/928 4041/936/936
f  4042/822/822 4043/936/936 4044/831/831
f  4045/354/354 4046/352/352 4047/825/825
f  4048/354/354 4049/825/825 4050/827/827
f  4051/852/852 4052/853/853 4053/827/827
f  4054/852/852 4055/827/827 4056/825/825
f  4057/853/853 4058/852/852 4059/855/855
f  4060/853/853 4061/855/855 4062/857/857
f  4063/857/857 4064/855/855 4065/864/864
f  4066/857/857 4067/864/864 4068/865/865
f  4069/865/865 4070/864/864 4071/868/868
f  4072/865/865 4073/868/868 4074/869/869
f  4075/869/869 4076/868/868 4077/872/872
f  4078/869/869 4079/872/872 4080/873/873
f  4081/875/875 4082/877/877 4083/873/873
f  4084/875/875 4085/873/873 4086/872/872
f  4087/829/829 4088/833/833 4089/937/937
f  4090/829/829 4091/937/937 4092/935/935
f  4093/831/831 4094/936/936 4095/938/938
f  4096/831/831 4097/938/938 4098/835/835
f  4099/838/838 4100/939/939 4101/937/937
f  4102/838/838 4103/937/937 4104/833/833
f  4105/840/840 4106/835/835 4107/938/938
f  4108/840/840 4109/938/938 4110/940/940
f  4111/842/842 4112/941/941 4113/939/939
f  4114/842/842 4115/939/939 4116/838/838
f  4117/844/844 4118/840/840 4119/940/940
f  4120/844/844 4121/940/940 4122/942/942
f  4123/846/846 4124/849/849 4125/941/941
f  4126/846/846 4127/941/941 4128/842/842
f  4129/848/848 4130/844/844 4131/942/942
f  4132/848/848 4133/942/942 4134/850/850
f  4135/927/927 4136/935/935 4137/943/943
f  4138/927/927 4139/943/943 4140/929/929
f  4141/928/928 4142/930/930 4143/944/944
f  4144/928/928 4145/944/944 4146/936/936
f  4147/933/933 4148/929/929 4149/943/943
f  4150/933/933 4151/943/943 4152/945/945
f  4153/934/934 4154/946/946 4155/944/944
f  4156/934/934 4157/944/944 4158/930/930
f  4159/879/879 4160/884/884 4161/947/947
f  4162/879/879 4163/947/947 4164/948/948
f  4165/881/881 4166/949/949 4167/950/950
f  4168/881/881 4169/950/950 4170/885/885
f  4171/884/884 4172/887/887 4173/951/951
f  4174/884/884 4175/951/951 4176/947/947
f  4177/885/885 4178/950/950 4179/952/952
f  4180/885/885 4181/952/952 4182/889/889
f  4183/953/953 4184/954/954 4185/955/955
f  4186/953/953 4187/955/955 4188/956/956
f  4189/957/957 4190/958/958 4191/959/959
f  4192/957/957 4193/959/959 4194/960/960
f  4195/961/961 4196/962/962 4197/953/953
f  4198/961/961 4199/953/953 4200/956/956
f  4201/963/963 4202/958/958 4203/957/957
f  4204/963/963 4205/957/957 4206/964/964
f  4207/965/965 4208/966/966 4209/962/962
f  4210/965/965 4211/962/962 4212/961/961
f  4213/967/967 4214/963/963 4215/964/964
f  4216/967/967 4217/964/964 4218/968/968
f  4219/969/969 4220/970/970 4221/966/966
f  4222/969/969 4223/966/966 4224/965/965
f  4225/971/971 4226/967/967 4227/968/968
f  4228/971/971 4229/968/968 4230/972/972
f  4231/969/969 4232/973/973 4233/974/974
f  4234/969/969 4235/974/974 4236/970/970
f  4237/971/971 4238/972/972 4239/975/975
f  4240/971/971 4241/975/975 4242/976/976
f  4243/973/973 4244/977/977 4245/978/978
f  4246/973/973 4247/978/978 4248/974/974
f  4249/976/976 4250/975/975 4251/979/979
f  4252/976/976 4253/979/979 4254/980/980
f  4255/981/981 4256/982/982 4257/978/978
f  4258/981/981 4259/978/978 4260/977/977
f  4261/983/983 4262/980/980 4263/979/979
f  4264/983/983 4265/979/979 4266/984/984
f  4267/981/981 4268/985/985 4269/986/986
f  4270/981/981 4271/986/986 4272/982/982
f  4273/983/983 4274/984/984 4275/987/987
f  4276/983/983 4277/987/987 4278/988/988
f  4279/985/985 4280/989/989 4281/990/990
f  4282/985/985 4283/990/990 4284/986/986
f  4285/988/988 4286/987/987 4287/991/991
f  4288/988/988 4289/991/991 4290/992/992
f  4291/989/989 4292/993/993 4293/994/994
f  4294/989/989 4295/994/994 4296/990/990
f  4297/992/992 4298/991/991 4299/995/995
f  4300/992/992 4301/995/995 4302/996/996
f  4303/993/993 4304/997/997 4305/998/998
f  4306/993/993 4307/998/998 4308/994/994
f  4309/996/996 4310/995/995 4311/999/999
f  4312/996/996 4313/999/999 4314/1000/1000
f  4315/997/997 4316/1001/1001 4317/1002/1002
f  4318/997/997 4319/1002/1002 4320/998/998
f  4321/1000/1000 4322/999/999 4323/1003/1003
f  4324/1000/1000 4325/1003/1003 4326/1004/1004
f  4327/1005/1005 4328/955/955 4329/954/954
f  4330/1005/1005 4331/954/954 4332/1006/1006
f  4333/1007/1007 4334/1008/1008 4335/960/960
f  4336/1007/1007 4337/960/960 4338/959/959
f  4339/1009/1009 4340/1005/1005 4341/1006/1006
f  4342/1009/1009 4343/1006/1006 4344/1010/1010
f  4345/1011/1011 4346/1012/1012 4347/1008/1008
f  4348/1011/1011 4349/1008/1008 4350/1007/1007
f  4351/966/966 4352/1013/1013 4353/1014/1014
f  4354/966/966 4355/1014/1014 4356/962/962
f  4357/968/968 4358/964/964 4359/1015/1015
f  4360/968/968 4361/1015/1015 4362/1016/1016
f  4363/1013/1013 4364/1017/1017 4365/1018/1018
f  4366/1013/1013 4367/1018/1018 4368/1014/1014
f  4369/1018/1018 4370/1017/1017 4371/1019/1019
f  4372/1018/1018 4373/1019/1019 4374/1020/1020
f  4375/1021/1021 4376/1022/1022 4377/1023/1023
f  4378/1021/1021 4379/1023/1023 4380/1024/1024
f  4381/1016/1016 4382/1015/1015 4383/1021/1021
f  4384/1016/1016 4385/1021/1021 4386/1024/1024
f  4387/962/962 4388/1014/1014 4389/1025/1025
f  4390/962/962 4391/1025/1025 4392/953/953
f  4393/964/964 4394/957/957 4395/1026/1026
f  4396/964/964 4397/1026/1026 4398/1015/1015
f  4399/1014/1014 4400/1018/1018 4401/1027/1027
f  4402/1014/1014 4403/1027/1027 4404/1025/1025
f  4405/1015/1015 4406/1026/1026 4407/1028/1028
f  4408/1015/1015 4409/1028/1028 4410/1021/1021
f  4411/1018/1018 4412/1020/1020 4413/1029/1029
f  4414/1018/1018 4415/1029/1029 4416/1027/1027
f  4417/1021/1021 4418/1028/1028 4419/1030/1030
f  4420/1021/1021 4421/1030/1030 4422/1022/1022
f  4423/970/970 4424/1031/1031 4425/1013/1013
f  4426/970/970 4427/1013/1013 4428/966/966
f  4429/972/972 4430/968/968 4431/1016/1016
f  4432/972/972 4433/1016/1016 4434/1032/1032
f  4435/1031/1031 4436/1033/1033 4437/1017/1017
f  4438/1031/1031 4439/1017/1017 4440/1013/1013
f  4441/1032/1032 4442/1016/1016 4443/1024/1024
f  4444/1032/1032 4445/1024/1024 4446/1034/1034
f  4447/1017/1017 4448/1033/1033 4449/1035/1035
f  4450/1017/1017 4451/1035/1035 4452/1019/1019
f  4453/1024/1024 4454/1023/1023 4455/1036/1036
f  4456/1024/1024 4457/1036/1036 4458/1034/1034
f  4459/974/974 4460/1037/1037 4461/1031/1031
f  4462/974/974 4463/1031/1031 4464/970/970
f  4465/975/975 4466/972/972 4467/1032/1032
f  4468/975/975 4469/1032/1032 4470/1038/1038
f  4471/978/978 4472/1039/1039 4473/1037/1037
f  4474/978/978 4475/1037/1037 4476/974/974
f  4477/979/979 4478/975/975 4479/1038/1038
f  4480/979/979 4481/1038/1038 4482/1040/1040
f  4483/978/978 4484/982/982 4485/1041/1041
f  4486/978/978 4487/1041/1041 4488/1039/1039
f  4489/979/979 4490/1040/1040 4491/1042/1042
f  4492/979/979 4493/1042/1042 4494/984/984
f  4495/982/982 4496/986/986 4497/1043/1043
f  4498/982/982 4499/1043/1043 4500/1041/1041
f  4501/984/984 4502/1042/1042 4503/1044/1044
f  4504/984/984 4505/1044/1044 4506/987/987
f  4507/953/953 4508/1025/1025 4509/1045/1045
f  4510/953/953 4511/1045/1045 4512/954/954
f  4513/957/957 4514/960/960 4515/1046/1046
f  4516/957/957 4517/1046/1046 4518/1026/1026
f  4519/1006/1006 4520/954/954 4521/1045/1045
f  4522/1006/1006 4523/1045/1045 4524/1047/1047
f  4525/1008/1008 4526/1048/1048 4527/1046/1046
f  4528/1008/1008 4529/1046/1046 4530/960/960
f  4531/1010/1010 4532/1006/1006 4533/1047/1047
f  4534/1010/1010 4535/1047/1047 4536/1049/1049
f  4537/1012/1012 4538/1050/1050 4539/1048/1048
f  4540/1012/1012 4541/1048/1048 4542/1008/1008
f  4543/998/998 4544/1002/1002 4545/1051/1051
f  4546/998/998 4547/1051/1051 4548/1052/1052
f  4549/999/999 4550/1053/1053 4551/1054/1054
f  4552/999/999 4553/1054/1054 4554/1003/1003
f  4555/994/994 4556/998/998 4557/1052/1052
f  4558/994/994 4559/1052/1052 4560/1055/1055
f  4561/995/995 4562/1056/1056 4563/1053/1053
f  4564/995/995 4565/1053/1053 4566/999/999
f  4567/990/990 4568/994/994 4569/1055/1055
f  4570/990/990 4571/1055/1055 4572/1057/1057
f  4573/991/991 4574/1058/1058 4575/1056/1056
f  4576/991/991 4577/1056/1056 4578/995/995
f  4579/986/986 4580/990/990 4581/1057/1057
f  4582/986/986 4583/1057/1057 4584/1043/1043
f  4585/987/987 4586/1044/1044 4587/1058/1058
f  4588/987/987 4589/1058/1058 4590/991/991
f  4591/1037/1037 4592/1059/1059 4593/1033/1033
f  4594/1037/1037 4595/1033/1033 4596/1031/1031
f  4597/1038/1038 4598/1032/1032 4599/1034/1034
f  4600/1038/1038 4601/1034/1034 4602/1060/1060
f  4603/1033/1033 4604/1059/1059 4605/1061/1061
f  4606/1033/1033 4607/1061/1061 4608/1035/1035
f  4609/1034/1034 4610/1036/1036 4611/1062/1062
f  4612/1034/1034 4613/1062/1062 4614/1060/1060
f  4615/1037/1037 4616/1039/1039 4617/1063/1063
f  4618/1037/1037 4619/1063/1063 4620/1059/1059
f  4621/1038/1038 4622/1060/1060 4623/1064/1064
f  4624/1038/1038 4625/1064/1064 4626/1040/1040
f  4627/1063/1063 4628/1065/1065 4629/1061/1061
f  4630/1063/1063 4631/1061/1061 4632/1059/1059
f  4633/1064/1064 4634/1060/1060 4635/1062/1062
f  4636/1064/1064 4637/1062/1062 4638/1066/1066
f  4639/1039/1039 4640/1041/1041 4641/1067/1067
f  4642/1039/1039 4643/1067/1067 4644/1063/1063
f  4645/1040/1040 4646/1064/1064 4647/1068/1068
f  4648/1040/1040 4649/1068/1068 4650/1042/1042
f  4651/1063/1063 4652/1067/1067 4653/1069/1069
f  4654/1063/1063 4655/1069/1069 4656/1065/1065
f  4657/1064/1064 4658/1066/1066 4659/1070/1070
f  4660/1064/1064 4661/1070/1070 4662/1068/1068
f  4663/1041/1041 4664/1043/1043 4665/1071/1071
f  4666/1041/1041 4667/1071/1071 4668/1067/1067
f  4669/1042/1042 4670/1068/1068 4671/1072/1072
f  4672/1042/1042 4673/1072/1072 4674/1044/1044
f  4675/1067/1067 4676/1071/1071 4677/1073/1073
f  4678/1067/1067 4679/1073/1073 4680/1069/1069
f  4681/1068/1068 4682/1070/1070 4683/1074/1074
f  4684/1068/1068 4685/1074/1074 4686/1072/1072
f  4687/1043/1043 4688/1057/1057 4689/1075/1075
f  4690/1043/1043 4691/1075/1075 4692/1071/1071
f  4693/1044/1044 4694/1072/1072 4695/1076/1076
f  4696/1044/1044 4697/1076/1076 4698/1058/1058
f  4699/1071/1071 4700/1075/1075 4701/1077/1077
f  4702/1071/1071 4703/1077/1077 4704/1073/1073
f  4705/1072/1072 4706/1074/1074 4707/1078/1078
f  4708/1072/1072 4709/1078/1078 4710/1076/1076
f  4711/1057/1057 4712/1055/1055 4713/1079/1079
f  4714/1057/1057 4715/1079/1079 4716/1075/1075
f  4717/1058/1058 4718/1076/1076 4719/1080/1080
f  4720/1058/1058 4721/1080/1080 4722/1056/1056
f  4723/1079/1079 4724/1081/1081 4725/1077/1077
f  4726/1079/1079 4727/1077/1077 4728/1075/1075
f  4729/1080/1080 4730/1076/1076 4731/1078/1078
f  4732/1080/1080 4733/1078/1078 4734/1082/1082
f  4735/1052/1052 4736/1083/1083 4737/1079/1079
f  4738/1052/1052 4739/1079/1079 4740/1055/1055
f  4741/1053/1053 4742/1056/1056 4743/1080/1080
f  4744/1053/1053 4745/1080/1080 4746/1084/1084
f  4747/1079/1079 4748/1083/1083 4749/1085/1085
f  4750/1079/1079 4751/1085/1085 4752/1081/1081
f  4753/1080/1080 4754/1082/1082 4755/1086/1086
f  4756/1080/1080 4757/1086/1086 4758/1084/1084
f  4759/1052/1052 4760/1051/1051 4761/1087/1087
f  4762/1052/1052 4763/1087/1087 4764/1083/1083
f  4765/1053/1053 4766/1084/1084 4767/1088/1088
f  4768/1053/1053 4769/1088/1088 4770/1054/1054
f  4771/1083/1083 4772/1087/1087 4773/1089/1089
f  4774/1083/1083 4775/1089/1089 4776/1085/1085
f  4777/1084/1084 4778/1086/1086 4779/1090/1090
f  4780/1084/1084 4781/1090/1090 4782/1088/1088
f  4783/1047/1047 4784/1091/1091 4785/1092/1092
f  4786/1047/1047 4787/1092/1092 4788/1049/1049
f  4789/1048/1048 4790/1050/1050 4791/1093/1093
f  4792/1048/1048 4793/1093/1093 4794/1094/1094
f  4795/1092/1092 4796/1091/1091 4797/1095/1095
f  4798/1092/1092 4799/1095/1095 4800/1096/1096
f  4801/1093/1093 4802/1097/1097 4803/1098/1098
f  4804/1093/1093 4805/1098/1098 4806/1094/1094
f  4807/1025/1025 4808/1027/1027 4809/1099/1099
f  4810/1025/1025 4811/1099/1099 4812/1045/1045
f  4813/1026/1026 4814/1046/1046 4815/1100/1100
f  4816/1026/1026 4817/1100/1100 4818/1028/1028
f  4819/1047/1047 4820/1045/1045 4821/1099/1099
f  4822/1047/1047 4823/1099/1099 4824/1091/1091
f  4825/1048/1048 4826/1094/1094 4827/1100/1100
f  4828/1048/1048 4829/1100/1100 4830/1046/1046
f  4831/1027/1027 4832/1029/1029 4833/1101/1101
f  4834/1027/1027 4835/1101/1101 4836/1099/1099
f  4837/1028/1028 4838/1100/1100 4839/1102/1102
f  4840/1028/1028 4841/1102/1102 4842/1030/1030
f  4843/1099/1099 4844/1101/1101 4845/1095/1095
f  4846/1099/1099 4847/1095/1095 4848/1091/1091
f  4849/1100/1100 4850/1094/1094 4851/1098/1098
f  4852/1100/1100 4853/1098/1098 4854/1102/1102
f  4855/1103/1103 4856/1104/1104 4857/1105/1105
f  4858/1103/1103 4859/1105/1105 4860/1106/1106
f  4861/1107/1107 4862/1108/1108 4863/1109/1109
f  4864/1107/1107 4865/1109/1109 4866/1110/1110
f  4867/1111/1111 4868/1103/1103 4869/1106/1106
f  4870/1111/1111 4871/1106/1106 4872/1112/1112
f  4873/1113/1113 4874/1114/1114 4875/1108/1108
f  4876/1113/1113 4877/1108/1108 4878/1107/1107
f  4879/1115/1115 4880/1111/1111 4881/1112/1112
f  4882/1115/1115 4883/1112/1112 4884/1116/1116
f  4885/1117/1117 4886/1118/1118 4887/1114/1114
f  4888/1117/1117 4889/1114/1114 4890/1113/1113
f  4891/1119/1119 4892/1115/1115 4893/1116/1116
f  4894/1119/1119 4895/1116/1116 4896/1120/1120
f  4897/1121/1121 4898/1122/1122 4899/1118/1118
f  4900/1121/1121 4901/1118/1118 4902/1117/1117
f  4903/1119/1119 4904/1120/1120 4905/1123/1123
f  4906/1119/1119 4907/1123/1123 4908/1124/1124
f  4909/1121/1121 4910/1125/1125 4911/1126/1126
f  4912/1121/1121 4913/1126/1126 4914/1122/1122
f  4915/1127/1127 4916/1124/1124 4917/1123/1123
f  4918/1127/1127 4919/1123/1123 4920/1128/1128
f  4921/1129/1129 4922/1130/1130 4923/1126/1126
f  4924/1129/1129 4925/1126/1126 4926/1125/1125
f  4927/1127/1127 4928/1128/1128 4929/1131/1131
f  4930/1127/1127 4931/1131/1131 4932/1132/1132
f  4933/1129/1129 4934/1133/1133 4935/1134/1134
f  4936/1129/1129 4937/1134/1134 4938/1130/1130
f  4939/1132/1132 4940/1131/1131 4941/1135/1135
f  4942/1132/1132 4943/1135/1135 4944/1136/1136
f  4945/1133/1133 4946/1137/1137 4947/1138/1138
f  4948/1133/1133 4949/1138/1138 4950/1134/1134
f  4951/1136/1136 4952/1135/1135 4953/1139/1139
f  4954/1136/1136 4955/1139/1139 4956/1140/1140
f  4957/1137/1137 4958/1141/1141 4959/1142/1142
f  4960/1137/1137 4961/1142/1142 4962/1138/1138
f  4963/1140/1140 4964/1139/1139 4965/1143/1143
f  4966/1140/1140 4967/1143/1143 4968/1144/1144
f  4969/1141/1141 4970/1145/1145 4971/1146/1146
f  4972/1141/1141 4973/1146/1146 4974/1142/1142
f  4975/1144/1144 4976/1143/1143 4977/1147/1147
f  4978/1144/1144 4979/1147/1147 4980/1148/1148
f  4981/1145/1145 4982/1149/1149 4983/1150/1150
f  4984/1145/1145 4985/1150/1150 4986/1146/1146
f  4987/1151/1151 4988/1148/1148 4989/1147/1147
f  4990/1151/1151 4991/1147/1147 4992/1152/1152
f  4993/1153/1153 4994/1154/1154 4995/1150/1150
f  4996/1153/1153 4997/1150/1150 4998/1149/1149
f  4999/1151/1151 5000/1152/1152 5001/1155/1155
f  5002/1151/1151 5003/1155/1155 5004/1156/1156
f  5005/1153/1153 5006/1157/1157 5007/1158/1158
f  5008/1153/1153 5009/1158/1158 5010/1154/1154
f  5011/1104/1104 5012/1156/1156 5013/1155/1155
f  5014/1104/1104 5015/1155/1155 5016/1105/1105
f  5017/1110/1110 5018/1109/1109 5019/1158/1158
f  5020/1110/1110 5021/1158/1158 5022/1157/1157
f  5023/1159/1159 5024/1147/1147 5025/1143/1143
f  5026/1159/1159 5027/1143/1143 5028/1160/1160
f  5029/1161/1161 5030/1162/1162 5031/1146/1146
f  5032/1161/1161 5033/1146/1146 5034/1150/1150
f  5035/1159/1159 5036/1163/1163 5037/1152/1152
f  5038/1159/1159 5039/1152/1152 5040/1147/1147
f  5041/1161/1161 5042/1150/1150 5043/1154/1154
f  5044/1161/1161 5045/1154/1154 5046/1164/1164
f  5047/1163/1163 5048/1105/1105 5049/1155/1155
f  5050/1163/1163 5051/1155/1155 5052/1152/1152
f  5053/1164/1164 5054/1154/1154 5055/1158/1158
f  5056/1164/1164 5057/1158/1158 5058/1109/1109
f  5059/1160/1160 5060/1143/1143 5061/1139/1139
f  5062/1160/1160 5063/1139/1139 5064/1135/1135
f  5065/1162/1162 5066/1138/1138 5067/1142/1142
f  5068/1162/1162 5069/1142/1142 5070/1146/1146
f  5071/1165/1165 5072/1106/1106 5073/1105/1105
f  5074/1165/1165 5075/1105/1105 5076/1163/1163
f  5077/1166/1166 5078/1164/1164 5079/1109/1109
f  5080/1166/1166 5081/1109/1109 5082/1108/1108
f  5083/1167/1167 5084/1165/1165 5085/1163/1163
f  5086/1167/1167 5087/1163/1163 5088/1159/1159
f  5089/1168/1168 5090/1161/1161 5091/1164/1164
f  5092/1168/1168 5093/1164/1164 5094/1166/1166
f  5095/1167/1167 5096/1159/1159 5097/1160/1160
f  5098/1167/1167 5099/1160/1160 5100/1169/1169
f  5101/1168/1168 5102/1170/1170 5103/1162/1162
f  5104/1168/1168 5105/1162/1162 5106/1161/1161
f  5107/1169/1169 5108/1160/1160 5109/1135/1135
f  5110/1169/1169 5111/1135/1135 5112/1131/1131
f  5113/1170/1170 5114/1134/1134 5115/1138/1138
f  5116/1170/1170 5117/1138/1138 5118/1162/1162
f  5119/1169/1169 5120/1131/1131 5121/1128/1128
f  5122/1169/1169 5123/1128/1128 5124/1171/1171
f  5125/1170/1170 5126/1172/1172 5127/1130/1130
f  5128/1170/1170 5129/1130/1130 5130/1134/1134
f  5131/1171/1171 5132/1128/1128 5133/1123/1123
f  5134/1171/1171 5135/1123/1123 5136/1120/1120
f  5137/1172/1172 5138/1122/1122 5139/1126/1126
f  5140/1172/1172 5141/1126/1126 5142/1130/1130
f  5143/1171/1171 5144/1173/1173 5145/1167/1167
f  5146/1171/1171 5147/1167/1167 5148/1169/1169
f  5149/1172/1172 5150/1170/1170 5151/1168/1168
f  5152/1172/1172 5153/1168/1168 5154/1174/1174
f  5155/1120/1120 5156/1116/1116 5157/1173/1173
f  5158/1120/1120 5159/1173/1173 5160/1171/1171
f  5161/1122/1122 5162/1172/1172 5163/1174/1174
f  5164/1122/1122 5165/1174/1174 5166/1118/1118
f  5167/1167/1167 5168/1173/1173 5169/1175/1175
f  5170/1167/1167 5171/1175/1175 5172/1165/1165
f  5173/1168/1168 5174/1166/1166 5175/1176/1176
f  5176/1168/1168 5177/1176/1176 5178/1174/1174
f  5179/1116/1116 5180/1112/1112 5181/1175/1175
f  5182/1116/1116 5183/1175/1175 5184/1173/1173
f  5185/1118/1118 5186/1174/1174 5187/1176/1176
f  5188/1118/1118 5189/1176/1176 5190/1114/1114
f  5191/1106/1106 5192/1165/1165 5193/1175/1175
f  5194/1106/1106 5195/1175/1175 5196/1112/1112
f  5197/1108/1108 5198/1114/1114 5199/1176/1176
f  5200/1108/1108 5201/1176/1176 5202/1166/1166
f  5203/592/592 5204/596/596 5205/1177/1177
f  5206/592/592 5207/1177/1177 5208/849/849
f  5209/593/593 5210/850/850 5211/1178/1178
f  5212/593/593 5213/1178/1178 5214/597/597
f  5215/849/849 5216/1177/1177 5217/1179/1179
f  5218/849/849 5219/1179/1179 5220/941/941
f  5221/850/850 5222/942/942 5223/1180/1180
f  5224/850/850 5225/1180/1180 5226/1178/1178
f  5227/1181/1181 5228/939/939 5229/941/941
f  5230/1181/1181 5231/941/941 5232/1179/1179
f  5233/1182/1182 5234/1180/1180 5235/942/942
f  5236/1182/1182 5237/942/942 5238/940/940
f  5239/937/937 5240/939/939 5241/1181/1181
f  5242/937/937 5243/1181/1181 5244/1183/1183
f  5245/938/938 5246/1184/1184 5247/1182/1182
f  5248/938/938 5249/1182/1182 5250/940/940
f  5251/935/935 5252/937/937 5253/1183/1183
f  5254/935/935 5255/1183/1183 5256/943/943
f  5257/936/936 5258/944/944 5259/1184/1184
f  5260/936/936 5261/1184/1184 5262/938/938
f  5263/891/891 5264/1185/1185 5265/1186/1186
f  5266/891/891 5267/1186/1186 5268/892/892
f  5269/895/895 5270/898/898 5271/1187/1187
f  5272/895/895 5273/1187/1187 5274/1188/1188
f  5275/1189/1189 5276/1190/1190 5277/950/950
f  5278/1189/1189 5279/950/950 5280/949/949
f  5281/1191/1191 5282/948/948 5283/947/947
f  5284/1191/1191 5285/947/947 5286/1192/1192
f  5287/950/950 5288/1190/1190 5289/1193/1193
f  5290/950/950 5291/1193/1193 5292/952/952
f  5293/947/947 5294/951/951 5295/1194/1194
f  5296/947/947 5297/1194/1194 5298/1192/1192
f  5299/1188/1188 5300/1187/1187 5301/1195/1195
f  5302/1188/1188 5303/1195/1195 5304/1196/1196
f  5305/1185/1185 5306/1197/1197 5307/1198/1198
f  5308/1185/1185 5309/1198/1198 5310/1186/1186
f  5311/1191/1191 5312/1192/1192 5313/1199/1199
f  5314/1191/1191 5315/1199/1199 5316/1200/1200
f  5317/1189/1189 5318/1201/1201 5319/1202/1202
f  5320/1189/1189 5321/1202/1202 5322/1190/1190
f  5323/1197/1197 5324/1203/1203 5325/1204/1204
f  5326/1197/1197 5327/1204/1204 5328/1198/1198
f  5329/1196/1196 5330/1195/1195 5331/1205/1205
f  5332/1196/1196 5333/1205/1205 5334/1206/1206
f  5335/1194/1194 5336/1207/1207 5337/1199/1199
f  5338/1194/1194 5339/1199/1199 5340/1192/1192
f  5341/1193/1193 5342/1190/1190 5343/1202/1202
f  5344/1193/1193 5345/1202/1202 5346/1208/1208
f  5347/1191/1191 5348/1200/1200 5349/1209/1209
f  5350/1191/1191 5351/1209/1209 5352/1210/1210
f  5353/1189/1189 5354/1211/1211 5355/1212/1212
f  5356/1189/1189 5357/1212/1212 5358/1201/1201
f  5359/1213/1213 5360/1214/1214 5361/1203/1203
f  5362/1213/1213 5363/1203/1203 5364/1197/1197
f  5365/1215/1215 5366/1196/1196 5367/1206/1206
f  5368/1215/1215 5369/1206/1206 5370/1216/1216
f  5371/1217/1217 5372/1218/1218 5373/1214/1214
f  5374/1217/1217 5375/1214/1214 5376/1213/1213
f  5377/1219/1219 5378/1215/1215 5379/1216/1216
f  5380/1219/1219 5381/1216/1216 5382/1220/1220
f  5383/1221/1221 5384/1222/1222 5385/1218/1218
f  5386/1221/1221 5387/1218/1218 5388/1217/1217
f  5389/1223/1223 5390/1219/1219 5391/1220/1220
f  5392/1223/1223 5393/1220/1220 5394/1224/1224
f  5395/1221/1221 5396/1225/1225 5397/1226/1226
f  5398/1221/1221 5399/1226/1226 5400/1222/1222
f  5401/1223/1223 5402/1224/1224 5403/1227/1227
f  5404/1223/1223 5405/1227/1227 5406/1228/1228
f  5407/1225/1225 5408/1229/1229 5409/1230/1230
f  5410/1225/1225 5411/1230/1230 5412/1226/1226
f  5413/1228/1228 5414/1227/1227 5415/1231/1231
f  5416/1228/1228 5417/1231/1231 5418/1232/1232
f  5419/1233/1233 5420/1234/1234 5421/1230/1230
f  5422/1233/1233 5423/1230/1230 5424/1229/1229
f  5425/1235/1235 5426/1232/1232 5427/1231/1231
f  5428/1235/1235 5429/1231/1231 5430/1236/1236
f  5431/1237/1237 5432/1238/1238 5433/1234/1234
f  5434/1237/1237 5435/1234/1234 5436/1233/1233
f  5437/1239/1239 5438/1235/1235 5439/1236/1236
f  5440/1239/1239 5441/1236/1236 5442/1240/1240
f  5443/1241/1241 5444/1242/1242 5445/1243/1243
f  5446/1241/1241 5447/1243/1243 5448/1244/1244
f  5449/1245/1245 5450/1246/1246 5451/1247/1247
f  5452/1245/1245 5453/1247/1247 5454/1248/1248
f  5455/1243/1243 5456/1242/1242 5457/1249/1249
f  5458/1243/1243 5459/1249/1249 5460/1250/1250
f  5461/1247/1247 5462/1251/1251 5463/1252/1252
f  5464/1247/1247 5465/1252/1252 5466/1248/1248
f  5467/1210/1210 5468/1209/1209 5469/1250/1250
f  5470/1210/1210 5471/1250/1250 5472/1249/1249
f  5473/1211/1211 5474/1252/1252 5475/1251/1251
f  5476/1211/1211 5477/1251/1251 5478/1212/1212
f  5479/1185/1185 5480/891/891 5481/1253/1253
f  5482/1185/1185 5483/1253/1253 5484/1254/1254
f  5485/1188/1188 5486/1255/1255 5487/1256/1256
f  5488/1188/1188 5489/1256/1256 5490/895/895
f  5491/899/899 5492/931/931 5493/1253/1253
f  5494/899/899 5495/1253/1253 5496/891/891
f  5497/901/901 5498/895/895 5499/1256/1256
f  5500/901/901 5501/1256/1256 5502/932/932
f  5503/1185/1185 5504/1254/1254 5505/1257/1257
f  5506/1185/1185 5507/1257/1257 5508/1197/1197
f  5509/1188/1188 5510/1196/1196 5511/1258/1258
f  5512/1188/1188 5513/1258/1258 5514/1255/1255
f  5515/1257/1257 5516/1259/1259 5517/1213/1213
f  5518/1257/1257 5519/1213/1213 5520/1197/1197
f  5521/1258/1258 5522/1196/1196 5523/1215/1215
f  5524/1258/1258 5525/1215/1215 5526/1260/1260
f  5527/1259/1259 5528/1261/1261 5529/1217/1217
f  5530/1259/1259 5531/1217/1217 5532/1213/1213
f  5533/1260/1260 5534/1215/1215 5535/1219/1219
f  5536/1260/1260 5537/1219/1219 5538/1262/1262
f  5539/1261/1261 5540/1263/1263 5541/1221/1221
f  5542/1261/1261 5543/1221/1221 5544/1217/1217
f  5545/1262/1262 5546/1219/1219 5547/1223/1223
f  5548/1262/1262 5549/1223/1223 5550/1264/1264
f  5551/1265/1265 5552/1225/1225 5553/1221/1221
f  5554/1265/1265 5555/1221/1221 5556/1263/1263
f  5557/1266/1266 5558/1264/1264 5559/1223/1223
f  5560/1266/1266 5561/1223/1223 5562/1228/1228
f  5563/1267/1267 5564/1229/1229 5565/1225/1225
f  5566/1267/1267 5567/1225/1225 5568/1265/1265
f  5569/1268/1268 5570/1266/1266 5571/1228/1228
f  5572/1268/1268 5573/1228/1228 5574/1232/1232
f  5575/1267/1267 5576/1269/1269 5577/1233/1233
f  5578/1267/1267 5579/1233/1233 5580/1229/1229
f  5581/1268/1268 5582/1232/1232 5583/1235/1235
f  5584/1268/1268 5585/1235/1235 5586/1270/1270
f  5587/1237/1237 5588/1233/1233 5589/1269/1269
f  5590/1237/1237 5591/1269/1269 5592/1271/1271
f  5593/1239/1239 5594/1272/1272 5595/1270/1270
f  5596/1239/1239 5597/1270/1270 5598/1235/1235
f  5599/1269/1269 5600/1273/1273 5601/1274/1274
f  5602/1269/1269 5603/1274/1274 5604/1271/1271
f  5605/1270/1270 5606/1272/1272 5607/1275/1275
f  5608/1270/1270 5609/1275/1275 5610/1276/1276
f  5611/1273/1273 5612/1269/1269 5613/1267/1267
f  5614/1273/1273 5615/1267/1267 5616/1277/1277
f  5617/1276/1276 5618/1278/1278 5619/1268/1268
f  5620/1276/1276 5621/1268/1268 5622/1270/1270
f  5623/1259/1259 5624/1257/1257 5625/1254/1254
f  5626/1259/1259 5627/1254/1254 5628/1279/1279
f  5629/1260/1260 5630/1280/1280 5631/1255/1255
f  5632/1260/1260 5633/1255/1255 5634/1258/1258
f  5635/931/931 5636/1279/1279 5637/1254/1254
f  5638/931/931 5639/1254/1254 5640/1253/1253
f  5641/932/932 5642/1256/1256 5643/1255/1255
f  5644/932/932 5645/1255/1255 5646/1280/1280
f  5647/1281/1281 5648/1279/1279 5649/931/931
f  5650/1281/1281 5651/931/931 5652/933/933
f  5653/1282/1282 5654/934/934 5655/932/932
f  5656/1282/1282 5657/932/932 5658/1280/1280
f  5659/1259/1259 5660/1279/1279 5661/1281/1281
f  5662/1259/1259 5663/1281/1281 5664/1283/1283
f  5665/1260/1260 5666/1284/1284 5667/1282/1282
f  5668/1260/1260 5669/1282/1282 5670/1280/1280
f  5671/1283/1283 5672/1285/1285 5673/1261/1261
f  5674/1283/1283 5675/1261/1261 5676/1259/1259
f  5677/1284/1284 5678/1260/1260 5679/1262/1262
f  5680/1284/1284 5681/1262/1262 5682/1286/1286
f  5683/879/879 5684/881/881 5685/877/877
f  5686/879/879 5687/877/877 5688/875/875
f  5689/948/948 5690/949/949 5691/881/881
f  5692/948/948 5693/881/881 5694/879/879
f  5695/949/949 5696/948/948 5697/1191/1191
f  5698/949/949 5699/1191/1191 5700/1189/1189
f  5701/1189/1189 5702/1191/1191 5703/1210/1210
f  5704/1189/1189 5705/1210/1210 5706/1211/1211
f  5707/1211/1211 5708/1210/1210 5709/1249/1249
f  5710/1211/1211 5711/1249/1249 5712/1252/1252
f  5713/1252/1252 5714/1249/1249 5715/1242/1242
f  5716/1252/1252 5717/1242/1242 5718/1248/1248
f  5719/1241/1241 5720/1245/1245 5721/1248/1248
f  5722/1241/1241 5723/1248/1248 5724/1242/1242
f  5725/1271/1271 5726/1272/1272 5727/1239/1239
f  5728/1271/1271 5729/1239/1239 5730/1237/1237
f  5731/1272/1272 5732/1271/1271 5733/1274/1274
f  5734/1272/1272 5735/1274/1274 5736/1275/1275
f  5737/1287/1287 5738/1288/1288 5739/1289/1289
f  5740/1287/1287 5741/1289/1289 5742/1290/1290
f  5743/1291/1291 5744/1292/1292 5745/1293/1293
f  5746/1291/1291 5747/1293/1293 5748/1294/1294
f  5749/1289/1289 5750/1295/1295 5751/1296/1296
f  5752/1289/1289 5753/1296/1296 5754/1290/1290
f  5755/1293/1293 5756/1292/1292 5757/1297/1297
f  5758/1293/1293 5759/1297/1297 5760/1298/1298
f  5761/1295/1295 5762/1299/1299 5763/1300/1300
f  5764/1295/1295 5765/1300/1300 5766/1296/1296
f  5767/1299/1299 5768/1301/1301 5769/1302/1302
f  5770/1299/1299 5771/1302/1302 5772/1300/1300
f  5773/1303/1303 5774/1304/1304 5775/1305/1305
f  5776/1303/1303 5777/1305/1305 5778/1306/1306
f  5779/1298/1298 5780/1297/1297 5781/1304/1304
f  5782/1298/1298 5783/1304/1304 5784/1303/1303
f  5785/1307/1307 5786/1308/1308 5787/1309/1309
f  5788/1307/1307 5789/1309/1309 5790/1310/1310
f  5791/1311/1311 5792/1312/1312 5793/1313/1313
f  5794/1311/1311 5795/1313/1313 5796/1314/1314
f  5797/1315/1315 5798/1316/1316 5799/1317/1317
f  5800/1315/1315 5801/1317/1317 5802/1318/1318
f  5803/1319/1319 5804/1320/1320 5805/1321/1321
f  5806/1319/1319 5807/1321/1321 5808/1322/1322
f  5809/1316/1316 5810/1323/1323 5811/1324/1324
f  5812/1316/1316 5813/1324/1324 5814/1317/1317
f  5815/1322/1322 5816/1321/1321 5817/1325/1325
f  5818/1322/1322 5819/1325/1325 5820/1326/1326
f  5821/1327/1327 5822/1328/1328 5823/1324/1324
f  5824/1327/1327 5825/1324/1324 5826/1323/1323
f  5827/1329/1329 5828/1326/1326 5829/1325/1325
f  5830/1329/1329 5831/1325/1325 5832/1330/1330
f  5833/1327/1327 5834/1287/1287 5835/1290/1290
f  5836/1327/1327 5837/1290/1290 5838/1328/1328
f  5839/1329/1329 5840/1330/1330 5841/1292/1292
f  5842/1329/1329 5843/1292/1292 5844/1291/1291
f  5845/1331/1331 5846/1332/1332 5847/1289/1289
f  5848/1331/1331 5849/1289/1289 5850/1288/1288
f  5851/1333/1333 5852/1294/1294 5853/1293/1293
f  5854/1333/1333 5855/1293/1293 5856/1334/1334
f  5857/1307/1307 5858/1310/1310 5859/1335/1335
f  5860/1307/1307 5861/1335/1335 5862/1336/1336
f  5863/1311/1311 5864/1337/1337 5865/1338/1338
f  5866/1311/1311 5867/1338/1338 5868/1312/1312
f  5869/1336/1336 5870/1335/1335 5871/1339/1339
f  5872/1336/1336 5873/1339/1339 5874/1340/1340
f  5875/1337/1337 5876/1341/1341 5877/1342/1342
f  5878/1337/1337 5879/1342/1342 5880/1338/1338
f  5881/1340/1340 5882/1339/1339 5883/1343/1343
f  5884/1340/1340 5885/1343/1343 5886/1344/1344
f  5887/1341/1341 5888/1345/1345 5889/1346/1346
f  5890/1341/1341 5891/1346/1346 5892/1342/1342
f  5893/1347/1347 5894/1344/1344 5895/1343/1343
f  5896/1347/1347 5897/1343/1343 5898/1348/1348
f  5899/1349/1349 5900/1350/1350 5901/1346/1346
f  5902/1349/1349 5903/1346/1346 5904/1345/1345
f  5905/1351/1351 5906/1347/1347 5907/1348/1348
f  5908/1351/1351 5909/1348/1348 5910/1352/1352
f  5911/1353/1353 5912/1354/1354 5913/1350/1350
f  5914/1353/1353 5915/1350/1350 5916/1349/1349
f  5917/1355/1355 5918/1351/1351 5919/1352/1352
f  5920/1355/1355 5921/1352/1352 5922/1356/1356
f  5923/1357/1357 5924/1358/1358 5925/1354/1354
f  5926/1357/1357 5927/1354/1354 5928/1353/1353
f  5929/1355/1355 5930/1356/1356 5931/1332/1332
f  5932/1355/1355 5933/1332/1332 5934/1331/1331
f  5935/1357/1357 5936/1333/1333 5937/1334/1334
f  5938/1357/1357 5939/1334/1334 5940/1358/1358
f  5941/1332/1332 5942/1359/1359 5943/1295/1295
f  5944/1332/1332 5945/1295/1295 5946/1289/1289
f  5947/1334/1334 5948/1293/1293 5949/1298/1298
f  5950/1334/1334 5951/1298/1298 5952/1360/1360
f  5953/1359/1359 5954/1361/1361 5955/1299/1299
f  5956/1359/1359 5957/1299/1299 5958/1295/1295
f  5959/1360/1360 5960/1298/1298 5961/1303/1303
f  5962/1360/1360 5963/1303/1303 5964/1362/1362
f  5965/1361/1361 5966/1363/1363 5967/1301/1301
f  5968/1361/1361 5969/1301/1301 5970/1299/1299
f  5971/1362/1362 5972/1303/1303 5973/1306/1306
f  5974/1362/1362 5975/1306/1306 5976/1364/1364
f  5977/1356/1356 5978/1365/1365 5979/1359/1359
f  5980/1356/1356 5981/1359/1359 5982/1332/1332
f  5983/1358/1358 5984/1334/1334 5985/1360/1360
f  5986/1358/1358 5987/1360/1360 5988/1366/1366
f  5989/1365/1365 5990/1367/1367 5991/1361/1361
f  5992/1365/1365 5993/1361/1361 5994/1359/1359
f  5995/1366/1366 5996/1360/1360 5997/1362/1362
f  5998/1366/1366 5999/1362/1362 6000/1368/1368
f  6001/1361/1361 6002/1367/1367 6003/1369/1369
f  6004/1361/1361 6005/1369/1369 6006/1363/1363
f  6007/1362/1362 6008/1364/1364 6009/1370/1370
f  6010/1362/1362 6011/1370/1370 6012/1368/1368
f  6013/1352/1352 6014/1371/1371 6015/1365/1365
f  6016/1352/1352 6017/1365/1365 6018/1356/1356
f  6019/1354/1354 6020/1358/1358 6021/1366/1366
f  6022/1354/1354 6023/1366/1366 6024/1372/1372
f  6025/1365/1365 6026/1371/1371 6027/1373/1373
f  6028/1365/1365 6029/1373/1373 6030/1367/1367
f  6031/1366/1366 6032/1368/1368 6033/1374/1374
f  6034/1366/1366 6035/1374/1374 6036/1372/1372
f  6037/1373/1373 6038/1375/1375 6039/1369/1369
f  6040/1373/1373 6041/1369/1369 6042/1367/1367
f  6043/1374/1374 6044/1368/1368 6045/1370/1370
f  6046/1374/1374 6047/1370/1370 6048/1376/1376
f  6049/1373/1373 6050/1377/1377 6051/1378/1378
f  6052/1373/1373 6053/1378/1378 6054/1375/1375
f  6055/1374/1374 6056/1376/1376 6057/1379/1379
f  6058/1374/1374 6059/1379/1379 6060/1380/1380
f  6061/1371/1371 6062/1381/1381 6063/1377/1377
f  6064/1371/1371 6065/1377/1377 6066/1373/1373
f  6067/1372/1372 6068/1374/1374 6069/1380/1380
f  6070/1372/1372 6071/1380/1380 6072/1382/1382
f  6073/1352/1352 6074/1348/1348 6075/1381/1381
f  6076/1352/1352 6077/1381/1381 6078/1371/1371
f  6079/1354/1354 6080/1372/1372 6081/1382/1382
f  6082/1354/1354 6083/1382/1382 6084/1350/1350
f  6085/1348/1348 6086/1343/1343 6087/1383/1383
f  6088/1348/1348 6089/1383/1383 6090/1381/1381
f  6091/1350/1350 6092/1382/1382 6093/1384/1384
f  6094/1350/1350 6095/1384/1384 6096/1346/1346
f  6097/1381/1381 6098/1383/1383 6099/1385/1385
f  6100/1381/1381 6101/1385/1385 6102/1377/1377
f  6103/1382/1382 6104/1380/1380 6105/1386/1386
f  6106/1382/1382 6107/1386/1386 6108/1384/1384
f  6109/1385/1385 6110/1387/1387 6111/1378/1378
f  6112/1385/1385 6113/1378/1378 6114/1377/1377
f  6115/1386/1386 6116/1380/1380 6117/1379/1379
f  6118/1386/1386 6119/1379/1379 6120/1388/1388
f  6121/1339/1339 6122/1389/1389 6123/1383/1383
f  6124/1339/1339 6125/1383/1383 6126/1343/1343
f  6127/1342/1342 6128/1346/1346 6129/1384/1384
f  6130/1342/1342 6131/1384/1384 6132/1390/1390
f  6133/1383/1383 6134/1389/1389 6135/1391/1391
f  6136/1383/1383 6137/1391/1391 6138/1385/1385
f  6139/1384/1384 6140/1386/1386 6141/1392/1392
f  6142/1384/1384 6143/1392/1392 6144/1390/1390
f  6145/1385/1385 6146/1391/1391 6147/1393/1393
f  6148/1385/1385 6149/1393/1393 6150/1387/1387
f  6151/1386/1386 6152/1388/1388 6153/1394/1394
f  6154/1386/1386 6155/1394/1394 6156/1392/1392
f  6157/1290/1290 6158/1296/1296 6159/1395/1395
f  6160/1290/1290 6161/1395/1395 6162/1328/1328
f  6163/1292/1292 6164/1330/1330 6165/1396/1396
f  6166/1292/1292 6167/1396/1396 6168/1297/1297
f  6169/1296/1296 6170/1300/1300 6171/1397/1397
f  6172/1296/1296 6173/1397/1397 6174/1395/1395
f  6175/1297/1297 6176/1396/1396 6177/1398/1398
f  6178/1297/1297 6179/1398/1398 6180/1304/1304
f  6181/1300/1300 6182/1302/1302 6183/1399/1399
f  6184/1300/1300 6185/1399/1399 6186/1397/1397
f  6187/1304/1304 6188/1398/1398 6189/1400/1400
f  6190/1304/1304 6191/1400/1400 6192/1305/1305
f  6193/1328/1328 6194/1395/1395 6195/1401/1401
f  6196/1328/1328 6197/1401/1401 6198/1324/1324
f  6199/1330/1330 6200/1325/1325 6201/1402/1402
f  6202/1330/1330 6203/1402/1402 6204/1396/1396
f  6205/1317/1317 6206/1324/1324 6207/1401/1401
f  6208/1317/1317 6209/1401/1401 6210/1403/1403
f  6211/1321/1321 6212/1404/1404 6213/1402/1402
f  6214/1321/1321 6215/1402/1402 6216/1325/1325
f  6217/1318/1318 6218/1317/1317 6219/1403/1403
f  6220/1318/1318 6221/1403/1403 6222/1405/1405
f  6223/1320/1320 6224/1406/1406 6225/1404/1404
f  6226/1320/1320 6227/1404/1404 6228/1321/1321
f  6229/1310/1310 6230/1309/1309 6231/1407/1407
f  6232/1310/1310 6233/1407/1407 6234/1408/1408
f  6235/1312/1312 6236/1409/1409 6237/1410/1410
f  6238/1312/1312 6239/1410/1410 6240/1313/1313
f  6241/1339/1339 6242/1335/1335 6243/1411/1411
f  6244/1339/1339 6245/1411/1411 6246/1389/1389
f  6247/1342/1342 6248/1390/1390 6249/1412/1412
f  6250/1342/1342 6251/1412/1412 6252/1338/1338
f  6253/1335/1335 6254/1310/1310 6255/1408/1408
f  6256/1335/1335 6257/1408/1408 6258/1411/1411
f  6259/1338/1338 6260/1412/1412 6261/1409/1409
f  6262/1338/1338 6263/1409/1409 6264/1312/1312
f  6265/1401/1401 6266/1395/1395 6267/1397/1397
f  6268/1401/1401 6269/1397/1397 6270/1413/1413
f  6271/1402/1402 6272/1414/1414 6273/1398/1398
f  6274/1402/1402 6275/1398/1398 6276/1396/1396
f  6277/1397/1397 6278/1399/1399 6279/1415/1415
f  6280/1397/1397 6281/1415/1415 6282/1413/1413
f  6283/1398/1398 6284/1414/1414 6285/1416/1416
f  6286/1398/1398 6287/1416/1416 6288/1400/1400
f  6289/1391/1391 6290/1417/1417 6291/1418/1418
f  6292/1391/1391 6293/1418/1418 6294/1393/1393
f  6295/1392/1392 6296/1394/1394 6297/1419/1419
f  6298/1392/1392 6299/1419/1419 6300/1420/1420
f  6301/1389/1389 6302/1411/1411 6303/1417/1417
f  6304/1389/1389 6305/1417/1417 6306/1391/1391
f  6307/1390/1390 6308/1392/1392 6309/1420/1420
f  6310/1390/1390 6311/1420/1420 6312/1412/1412
f  6313/1421/1421 6314/1422/1422 6315/1418/1418
f  6316/1421/1421 6317/1418/1418 6318/1417/1417
f  6319/1423/1423 6320/1420/1420 6321/1419/1419
f  6322/1423/1423 6323/1419/1419 6324/1424/1424
f  6325/1411/1411 6326/1408/1408 6327/1421/1421
f  6328/1411/1411 6329/1421/1421 6330/1417/1417
f  6331/1412/1412 6332/1420/1420 6333/1423/1423
f  6334/1412/1412 6335/1423/1423 6336/1409/1409
f  6337/1407/1407 6338/1425/1425 6339/1421/1421
f  6340/1407/1407 6341/1421/1421 6342/1408/1408
f  6343/1410/1410 6344/1409/1409 6345/1423/1423
f  6346/1410/1410 6347/1423/1423 6348/1426/1426
f  6349/1421/1421 6350/1425/1425 6351/1427/1427
f  6352/1421/1421 6353/1427/1427 6354/1422/1422
f  6355/1423/1423 6356/1424/1424 6357/1428/1428
f  6358/1423/1423 6359/1428/1428 6360/1426/1426
f  6361/1401/1401 6362/1413/1413 6363/1429/1429
f  6364/1401/1401 6365/1429/1429 6366/1403/1403
f  6367/1402/1402 6368/1404/1404 6369/1430/1430
f  6370/1402/1402 6371/1430/1430 6372/1414/1414
f  6373/1405/1405 6374/1403/1403 6375/1429/1429
f  6376/1405/1405 6377/1429/1429 6378/1431/1431
f  6379/1406/1406 6380/1432/1432 6381/1430/1430
f  6382/1406/1406 6383/1430/1430 6384/1404/1404
f  6385/1413/1413 6386/1415/1415 6387/1433/1433
f  6388/1413/1413 6389/1433/1433 6390/1429/1429
f  6391/1414/1414 6392/1430/1430 6393/1434/1434
f  6394/1414/1414 6395/1434/1434 6396/1416/1416
f  6397/1431/1431 6398/1429/1429 6399/1433/1433
f  6400/1431/1431 6401/1433/1433 6402/1435/1435
f  6403/1432/1432 6404/1436/1436 6405/1434/1434
f  6406/1432/1432 6407/1434/1434 6408/1430/1430
f  6409/1437/1437 6410/1438/1438 6411/1439/1439
f  6412/1437/1437 6413/1439/1439 6414/1440/1440
f  6415/1441/1441 6416/1442/1442 6417/1443/1443
f  6418/1441/1441 6419/1443/1443 6420/1444/1444
f  6421/1437/1437 6422/1440/1440 6423/1445/1445
f  6424/1437/1437 6425/1445/1445 6426/1446/1446
f  6427/1441/1441 6428/1447/1447 6429/1448/1448
f  6430/1441/1441 6431/1448/1448 6432/1442/1442
f  6433/1446/1446 6434/1445/1445 6435/1449/1449
f  6436/1446/1446 6437/1449/1449 6438/1450/1450
f  6439/1447/1447 6440/1451/1451 6441/1452/1452
f  6442/1447/1447 6443/1452/1452 6444/1448/1448
f  6445/1450/1450 6446/1449/1449 6447/1453/1453
f  6448/1450/1450 6449/1453/1453 6450/1454/1454
f  6451/1451/1451 6452/1455/1455 6453/1456/1456
f  6454/1451/1451 6455/1456/1456 6456/1452/1452
f  6457/1454/1454 6458/1453/1453 6459/1457/1457
f  6460/1454/1454 6461/1457/1457 6462/1458/1458
f  6463/1455/1455 6464/1459/1459 6465/1460/1460
f  6466/1455/1455 6467/1460/1460 6468/1456/1456
f  6469/1461/1461 6470/1458/1458 6471/1457/1457
f  6472/1461/1461 6473/1457/1457 6474/1462/1462
f  6475/1463/1463 6476/1464/1464 6477/1460/1460
f  6478/1463/1463 6479/1460/1460 6480/1459/1459
f  6481/1465/1465 6482/1461/1461 6483/1462/1462
f  6484/1465/1465 6485/1462/1462 6486/1466/1466
f  6487/1467/1467 6488/1468/1468 6489/1464/1464
f  6490/1467/1467 6491/1464/1464 6492/1463/1463
f  6493/1469/1469 6494/1470/1470 6495/1465/1465
f  6496/1469/1469 6497/1465/1465 6498/1466/1466
f  6499/1471/1471 6500/1468/1468 6501/1467/1467
f  6502/1471/1471 6503/1467/1467 6504/1472/1472
f  6505/1470/1470 6506/1469/1469 6507/1473/1473
f  6508/1470/1470 6509/1473/1473 6510/1474/1474
f  6511/1472/1472 6512/1475/1475 6513/1476/1476
f  6514/1472/1472 6515/1476/1476 6516/1471/1471
f  6517/1474/1474 6518/1473/1473 6519/1477/1477
f  6520/1474/1474 6521/1477/1477 6522/1478/1478
f  6523/1475/1475 6524/1479/1479 6525/1480/1480
f  6526/1475/1475 6527/1480/1480 6528/1476/1476
f  6529/1478/1478 6530/1477/1477 6531/1481/1481
f  6532/1478/1478 6533/1481/1481 6534/1482/1482
f  6535/1479/1479 6536/1483/1483 6537/1484/1484
f  6538/1479/1479 6539/1484/1484 6540/1480/1480
f  6541/1482/1482 6542/1481/1481 6543/1485/1485
f  6544/1482/1482 6545/1485/1485 6546/1486/1486
f  6547/1483/1483 6548/1487/1487 6549/1488/1488
f  6550/1483/1483 6551/1488/1488 6552/1484/1484
f  6553/1486/1486 6554/1485/1485 6555/1489/1489
f  6556/1486/1486 6557/1489/1489 6558/1490/1490
f  6559/1487/1487 6560/1491/1491 6561/1492/1492
f  6562/1487/1487 6563/1492/1492 6564/1488/1488
f  6565/1438/1438 6566/1490/1490 6567/1489/1489
f  6568/1438/1438 6569/1489/1489 6570/1439/1439
f  6571/1444/1444 6572/1443/1443 6573/1492/1492
f  6574/1444/1444 6575/1492/1492 6576/1491/1491
f  6577/1493/1493 6578/1440/1440 6579/1439/1439
f  6580/1493/1493 6581/1439/1439 6582/1494/1494
f  6583/1495/1495 6584/1496/1496 6585/1443/1443
f  6586/1495/1495 6587/1443/1443 6588/1442/1442
f  6589/1493/1493 6590/1449/1449 6591/1445/1445
f  6592/1493/1493 6593/1445/1445 6594/1440/1440
f  6595/1495/1495 6596/1442/1442 6597/1448/1448
f  6598/1495/1495 6599/1448/1448 6600/1452/1452
f  6601/1497/1497 6602/1453/1453 6603/1449/1449
f  6604/1497/1497 6605/1449/1449 6606/1493/1493
f  6607/1498/1498 6608/1495/1495 6609/1452/1452
f  6610/1498/1498 6611/1452/1452 6612/1456/1456
f  6613/1497/1497 6614/1493/1493 6615/1494/1494
f  6616/1497/1497 6617/1494/1494 6618/1499/1499
f  6619/1498/1498 6620/1500/1500 6621/1496/1496
f  6622/1498/1498 6623/1496/1496 6624/1495/1495
f  6625/1497/1497 6626/1501/1501 6627/1457/1457
f  6628/1497/1497 6629/1457/1457 6630/1453/1453
f  6631/1498/1498 6632/1456/1456 6633/1460/1460
f  6634/1498/1498 6635/1460/1460 6636/1502/1502
f  6637/1501/1501 6638/1466/1466 6639/1462/1462
f  6640/1501/1501 6641/1462/1462 6642/1457/1457
f  6643/1502/1502 6644/1460/1460 6645/1464/1464
f  6646/1502/1502 6647/1464/1464 6648/1468/1468
f  6649/1503/1503 6650/1501/1501 6651/1497/1497
f  6652/1503/1503 6653/1497/1497 6654/1499/1499
f  6655/1504/1504 6656/1500/1500 6657/1498/1498
f  6658/1504/1504 6659/1498/1498 6660/1502/1502
f  6661/1503/1503 6662/1469/1469 6663/1466/1466
f  6664/1503/1503 6665/1466/1466 6666/1501/1501
f  6667/1504/1504 6668/1502/1502 6669/1468/1468
f  6670/1504/1504 6671/1468/1468 6672/1471/1471
f  6673/1505/1505 6674/1473/1473 6675/1469/1469
f  6676/1505/1505 6677/1469/1469 6678/1503/1503
f  6679/1506/1506 6680/1504/1504 6681/1471/1471
f  6682/1506/1506 6683/1471/1471 6684/1476/1476
f  6685/1505/1505 6686/1481/1481 6687/1477/1477
f  6688/1505/1505 6689/1477/1477 6690/1473/1473
f  6691/1506/1506 6692/1476/1476 6693/1480/1480
f  6694/1506/1506 6695/1480/1480 6696/1484/1484
f  6697/1499/1499 6698/1507/1507 6699/1505/1505
f  6700/1499/1499 6701/1505/1505 6702/1503/1503
f  6703/1500/1500 6704/1504/1504 6705/1506/1506
f  6706/1500/1500 6707/1506/1506 6708/1508/1508
f  6709/1481/1481 6710/1505/1505 6711/1507/1507
f  6712/1481/1481 6713/1507/1507 6714/1485/1485
f  6715/1484/1484 6716/1488/1488 6717/1508/1508
f  6718/1484/1484 6719/1508/1508 6720/1506/1506
f  6721/1499/1499 6722/1494/1494 6723/1509/1509
f  6724/1499/1499 6725/1509/1509 6726/1507/1507
f  6727/1500/1500 6728/1508/1508 6729/1510/1510
f  6730/1500/1500 6731/1510/1510 6732/1496/1496
f  6733/1439/1439 6734/1489/1489 6735/1509/1509
f  6736/1439/1439 6737/1509/1509 6738/1494/1494
f  6739/1443/1443 6740/1496/1496 6741/1510/1510
f  6742/1443/1443 6743/1510/1510 6744/1492/1492
f  6745/1485/1485 6746/1507/1507 6747/1509/1509
f  6748/1485/1485 6749/1509/1509 6750/1489/1489
f  6751/1488/1488 6752/1492/1492 6753/1510/1510
f  6754/1488/1488 6755/1510/1510 6756/1508/1508
f  6757/1281/1281 6758/933/933 6759/945/945
f  6760/1281/1281 6761/945/945 6762/1511/1511
f  6763/1282/1282 6764/1512/1512 6765/946/946
f  6766/1282/1282 6767/946/946 6768/934/934
f  6769/1511/1511 6770/1513/1513 6771/1283/1283
f  6772/1511/1511 6773/1283/1283 6774/1281/1281
f  6775/1512/1512 6776/1282/1282 6777/1284/1284
f  6778/1512/1512 6779/1284/1284 6780/1514/1514
f  6781/1513/1513 6782/1515/1515 6783/1285/1285
f  6784/1513/1513 6785/1285/1285 6786/1283/1283
f  6787/1514/1514 6788/1284/1284 6789/1286/1286
f  6790/1514/1514 6791/1286/1286 6792/1516/1516
f  6793/812/812 6794/811/811 6795/1517/1517
f  6796/812/812 6797/1517/1517 6798/1518/1518
f  6799/814/814 6800/1519/1519 6801/1520/1520
f  6802/814/814 6803/1520/1520 6804/815/815
f  6805/1521/1521 6806/1518/1518 6807/1517/1517
f  6808/1521/1521 6809/1517/1517 6810/1522/1522
f  6811/1523/1523 6812/1524/1524 6813/1520/1520
f  6814/1523/1523 6815/1520/1520 6816/1519/1519
f  6817/1525/1525 6818/1521/1521 6819/1522/1522
f  6820/1525/1525 6821/1522/1522 6822/1526/1526
f  6823/1527/1527 6824/1528/1528 6825/1524/1524
f  6826/1527/1527 6827/1524/1524 6828/1523/1523
f  6829/1529/1529 6830/1525/1525 6831/1526/1526
f  6832/1529/1529 6833/1526/1526 6834/1530/1530
f  6835/1531/1531 6836/1532/1532 6837/1528/1528
f  6838/1531/1531 6839/1528/1528 6840/1527/1527
f  6841/1529/1529 6842/1530/1530 6843/1533/1533
f  6844/1529/1529 6845/1533/1533 6846/1534/1534
f  6847/1531/1531 6848/1535/1535 6849/1536/1536
f  6850/1531/1531 6851/1536/1536 6852/1532/1532
f  6853/1537/1537 6854/1538/1538 6855/1534/1534
f  6856/1537/1537 6857/1534/1534 6858/1533/1533
f  6859/1539/1539 6860/1536/1536 6861/1535/1535
f  6862/1539/1539 6863/1535/1535 6864/1540/1540
f  6865/1541/1541 6866/1542/1542 6867/1538/1538
f  6868/1541/1541 6869/1538/1538 6870/1537/1537
f  6871/1543/1543 6872/1539/1539 6873/1540/1540
f  6874/1543/1543 6875/1540/1540 6876/1544/1544
f  6877/1545/1545 6878/1542/1542 6879/1541/1541
f  6880/1545/1545 6881/1541/1541 6882/1546/1546
f  6883/1547/1547 6884/1548/1548 6885/1543/1543
f  6886/1547/1547 6887/1543/1543 6888/1544/1544
f  6889/1549/1549 6890/1530/1530 6891/1526/1526
f  6892/1549/1549 6893/1526/1526 6894/1522/1522
f  6895/1550/1550 6896/1524/1524 6897/1528/1528
f  6898/1550/1550 6899/1528/1528 6900/1532/1532
f  6901/1551/1551 6902/1549/1549 6903/1522/1522
f  6904/1551/1551 6905/1522/1522 6906/1517/1517
f  6907/1552/1552 6908/1520/1520 6909/1524/1524
f  6910/1552/1552 6911/1524/1524 6912/1550/1550
f  6913/1553/1553 6914/1551/1551 6915/1517/1517
f  6916/1553/1553 6917/1517/1517 6918/811/811
f  6919/1554/1554 6920/815/815 6921/1520/1520
f  6922/1554/1554 6923/1520/1520 6924/1552/1552
f  6925/810/810 6926/1555/1555 6927/1553/1553
f  6928/810/810 6929/1553/1553 6930/811/811
f  6931/816/816 6932/815/815 6933/1554/1554
f  6934/816/816 6935/1554/1554 6936/1556/1556
f  6937/1555/1555 6938/1557/1557 6939/1558/1558
f  6940/1555/1555 6941/1558/1558 6942/1553/1553
f  6943/1556/1556 6944/1554/1554 6945/1559/1559
f  6946/1556/1556 6947/1559/1559 6948/1560/1560
f  6949/1557/1557 6950/1561/1561 6951/1562/1562
f  6952/1557/1557 6953/1562/1562 6954/1558/1558
f  6955/1560/1560 6956/1559/1559 6957/1563/1563
f  6958/1560/1560 6959/1563/1563 6960/1564/1564
f  6961/1565/1565 6962/1566/1566 6963/1562/1562
f  6964/1565/1565 6965/1562/1562 6966/1561/1561
f  6967/1567/1567 6968/1564/1564 6969/1563/1563
f  6970/1567/1567 6971/1563/1563 6972/1568/1568
f  6973/1546/1546 6974/1541/1541 6975/1566/1566
f  6976/1546/1546 6977/1566/1566 6978/1565/1565
f  6979/1548/1548 6980/1567/1567 6981/1568/1568
f  6982/1548/1548 6983/1568/1568 6984/1543/1543
f  6985/1569/1569 6986/1533/1533 6987/1530/1530
f  6988/1569/1569 6989/1530/1530 6990/1549/1549
f  6991/1570/1570 6992/1550/1550 6993/1532/1532
f  6994/1570/1570 6995/1532/1532 6996/1536/1536
f  6997/1533/1533 6998/1569/1569 6999/1571/1571
f  7000/1533/1533 7001/1571/1571 7002/1537/1537
f  7003/1536/1536 7004/1539/1539 7005/1572/1572
f  7006/1536/1536 7007/1572/1572 7008/1570/1570
f  7009/1541/1541 7010/1537/1537 7011/1571/1571
f  7012/1541/1541 7013/1571/1571 7014/1566/1566
f  7015/1543/1543 7016/1568/1568 7017/1572/1572
f  7018/1543/1543 7019/1572/1572 7020/1539/1539
f  7021/1573/1573 7022/1569/1569 7023/1549/1549
f  7024/1573/1573 7025/1549/1549 7026/1551/1551
f  7027/1574/1574 7028/1552/1552 7029/1550/1550
f  7030/1574/1574 7031/1550/1550 7032/1570/1570
f  7033/1553/1553 7034/1558/1558 7035/1573/1573
f  7036/1553/1553 7037/1573/1573 7038/1551/1551
f  7039/1554/1554 7040/1552/1552 7041/1574/1574
f  7042/1554/1554 7043/1574/1574 7044/1559/1559
f  7045/1569/1569 7046/1573/1573 7047/1575/1575
f  7048/1569/1569 7049/1575/1575 7050/1571/1571
f  7051/1570/1570 7052/1572/1572 7053/1576/1576
f  7054/1570/1570 7055/1576/1576 7056/1574/1574
f  7057/1566/1566 7058/1571/1571 7059/1575/1575
f  7060/1566/1566 7061/1575/1575 7062/1562/1562
f  7063/1568/1568 7064/1563/1563 7065/1576/1576
f  7066/1568/1568 7067/1576/1576 7068/1572/1572
f  7069/1558/1558 7070/1562/1562 7071/1575/1575
f  7072/1558/1558 7073/1575/1575 7074/1573/1573
f  7075/1559/1559 7076/1574/1574 7077/1576/1576
f  7078/1559/1559 7079/1576/1576 7080/1563/1563
f  7081/1546/1546 7082/1548/1548 7083/1547/1547
f  7084/1546/1546 7085/1547/1547 7086/1545/1545
f  7087/1548/1548 7088/1546/1546 7089/1565/1565
f  7090/1548/1548 7091/1565/1565 7092/1567/1567
f  7093/1567/1567 7094/1565/1565 7095/1561/1561
f  7096/1567/1567 7097/1561/1561 7098/1564/1564
f  7099/1564/1564 7100/1561/1561 7101/1557/1557
f  7102/1564/1564 7103/1557/1557 7104/1560/1560
f  7105/1555/1555 7106/1556/1556 7107/1560/1560
f  7108/1555/1555 7109/1560/1560 7110/1557/1557
f  7111/810/810 7112/816/816 7113/1556/1556
f  7114/810/810 7115/1556/1556 7116/1555/1555
f  7117/809/809 7118/813/813 7119/816/816
f  7120/809/809 7121/816/816 7122/810/810
f  7123/801/801 7124/804/804 7125/808/808
f  7126/801/801 7127/808/808 7128/805/805
f  7129/797/797 7130/800/800 7131/804/804
f  7132/797/797 7133/804/804 7134/801/801
f  7135/800/800 7136/797/797 7137/608/608
f  7138/800/800 7139/608/608 7140/609/609
f  7141/1525/1525 7142/1529/1529 7143/1577/1577
f  7144/1525/1525 7145/1577/1577 7146/1578/1578
f  7147/1527/1527 7148/1579/1579 7149/1580/1580
f  7150/1527/1527 7151/1580/1580 7152/1531/1531
f  7153/1578/1578 7154/1577/1577 7155/1581/1581
f  7156/1578/1578 7157/1581/1581 7158/1582/1582
f  7159/1579/1579 7160/1583/1583 7161/1584/1584
f  7162/1579/1579 7163/1584/1584 7164/1580/1580
f  7165/1585/1585 7166/1582/1582 7167/1581/1581
f  7168/1585/1585 7169/1581/1581 7170/1586/1586
f  7171/1587/1587 7172/1588/1588 7173/1584/1584
f  7174/1587/1587 7175/1584/1584 7176/1583/1583
f  7177/1589/1589 7178/1585/1585 7179/1586/1586
f  7180/1589/1589 7181/1586/1586 7182/1590/1590
f  7183/1591/1591 7184/1592/1592 7185/1588/1588
f  7186/1591/1591 7187/1588/1588 7188/1587/1587
f  7189/1589/1589 7190/1590/1590 7191/1593/1593
f  7192/1589/1589 7193/1593/1593 7194/1594/1594
f  7195/1591/1591 7196/1595/1595 7197/1596/1596
f  7198/1591/1591 7199/1596/1596 7200/1592/1592
f  7201/1597/1597 7202/1598/1598 7203/1594/1594
f  7204/1597/1597 7205/1594/1594 7206/1593/1593
f  7207/1599/1599 7208/1596/1596 7209/1595/1595
f  7210/1599/1599 7211/1595/1595 7212/1600/1600
f  7213/1601/1601 7214/1602/1602 7215/1542/1542
f  7216/1601/1601 7217/1542/1542 7218/1545/1545
f  7219/1603/1603 7220/1547/1547 7221/1544/1544
f  7222/1603/1603 7223/1544/1544 7224/1604/1604
f  7225/1597/1597 7226/1593/1593 7227/1605/1605
f  7228/1597/1597 7229/1605/1605 7230/1606/1606
f  7231/1599/1599 7232/1607/1607 7233/1608/1608
f  7234/1599/1599 7235/1608/1608 7236/1596/1596
f  7237/1593/1593 7238/1590/1590 7239/1609/1609
f  7240/1593/1593 7241/1609/1609 7242/1605/1605
f  7243/1596/1596 7244/1608/1608 7245/1610/1610
f  7246/1596/1596 7247/1610/1610 7248/1592/1592
f  7249/1529/1529 7250/1534/1534 7251/1611/1611
f  7252/1529/1529 7253/1611/1611 7254/1577/1577
f  7255/1531/1531 7256/1580/1580 7257/1612/1612
f  7258/1531/1531 7259/1612/1612 7260/1535/1535
f  7261/1577/1577 7262/1611/1611 7263/1613/1613
f  7264/1577/1577 7265/1613/1613 7266/1581/1581
f  7267/1580/1580 7268/1584/1584 7269/1614/1614
f  7270/1580/1580 7271/1614/1614 7272/1612/1612
f  7273/1586/1586 7274/1581/1581 7275/1613/1613
f  7276/1586/1586 7277/1613/1613 7278/1615/1615
f  7279/1588/1588 7280/1616/1616 7281/1614/1614
f  7282/1588/1588 7283/1614/1614 7284/1584/1584
f  7285/1586/1586 7286/1615/1615 7287/1609/1609
f  7288/1586/1586 7289/1609/1609 7290/1590/1590
f  7291/1588/1588 7292/1592/1592 7293/1610/1610
f  7294/1588/1588 7295/1610/1610 7296/1616/1616
f  7297/1611/1611 7298/1534/1534 7299/1538/1538
f  7300/1611/1611 7301/1538/1538 7302/1617/1617
f  7303/1612/1612 7304/1618/1618 7305/1540/1540
f  7306/1612/1612 7307/1540/1540 7308/1535/1535
f  7309/1602/1602 7310/1617/1617 7311/1538/1538
f  7312/1602/1602 7313/1538/1538 7314/1542/1542
f  7315/1604/1604 7316/1544/1544 7317/1540/1540
f  7318/1604/1604 7319/1540/1540 7320/1618/1618
f  7321/1617/1617 7322/1615/1615 7323/1613/1613
f  7324/1617/1617 7325/1613/1613 7326/1611/1611
f  7327/1618/1618 7328/1612/1612 7329/1614/1614
f  7330/1618/1618 7331/1614/1614 7332/1616/1616
f  7333/1619/1619 7334/1602/1602 7335/1601/1601
f  7336/1619/1619 7337/1601/1601 7338/1620/1620
f  7339/1606/1606 7340/1605/1605 7341/1619/1619
f  7342/1606/1606 7343/1619/1619 7344/1620/1620
f  7345/1607/1607 7346/1621/1621 7347/1622/1622
f  7348/1607/1607 7349/1622/1622 7350/1608/1608
f  7351/1622/1622 7352/1621/1621 7353/1603/1603
f  7354/1622/1622 7355/1603/1603 7356/1604/1604
f  7357/1605/1605 7358/1609/1609 7359/1623/1623
f  7360/1605/1605 7361/1623/1623 7362/1619/1619
f  7363/1608/1608 7364/1622/1622 7365/1624/1624
f  7366/1608/1608 7367/1624/1624 7368/1610/1610
f  7369/1617/1617 7370/1602/1602 7371/1619/1619
f  7372/1617/1617 7373/1619/1619 7374/1623/1623
f  7375/1618/1618 7376/1624/1624 7377/1622/1622
f  7378/1618/1618 7379/1622/1622 7380/1604/1604
f  7381/1615/1615 7382/1617/1617 7383/1623/1623
f  7384/1615/1615 7385/1623/1623 7386/1609/1609
f  7387/1616/1616 7388/1610/1610 7389/1624/1624
f  7390/1616/1616 7391/1624/1624 7392/1618/1618
f  7393/1600/1600 7394/1598/1598 7395/1597/1597
f  7396/1600/1600 7397/1597/1597 7398/1599/1599
f  7399/1606/1606 7400/1607/1607 7401/1599/1599
f  7402/1606/1606 7403/1599/1599 7404/1597/1597
f  7405/1607/1607 7406/1606/1606 7407/1620/1620
f  7408/1607/1607 7409/1620/1620 7410/1621/1621
f  7411/1621/1621 7412/1620/1620 7413/1601/1601
f  7414/1621/1621 7415/1601/1601 7416/1603/1603
f  7417/1545/1545 7418/1547/1547 7419/1603/1603
f  7420/1545/1545 7421/1603/1603 7422/1601/1601
f  7423/1582/1582 7424/1585/1585 7425/1625/1625
f  7426/1582/1582 7427/1625/1625 7428/1626/1626
f  7429/1583/1583 7430/1627/1627 7431/1628/1628
f  7432/1583/1583 7433/1628/1628 7434/1587/1587
f  7435/1626/1626 7436/1625/1625 7437/1629/1629
f  7438/1626/1626 7439/1629/1629 7440/1630/1630
f  7441/1627/1627 7442/1631/1631 7443/1632/1632
f  7444/1627/1627 7445/1632/1632 7446/1628/1628
f  7447/1633/1633 7448/1634/1634 7449/1635/1635
f  7450/1633/1633 7451/1635/1635 7452/1636/1636
f  7453/1637/1637 7454/1638/1638 7455/1639/1639
f  7456/1637/1637 7457/1639/1639 7458/1640/1640
f  7459/1641/1641 7460/1636/1636 7461/1635/1635
f  7462/1641/1641 7463/1635/1635 7464/1642/1642
f  7465/1643/1643 7466/1644/1644 7467/1639/1639
f  7468/1643/1643 7469/1639/1639 7470/1638/1638
f  7471/1273/1273 7472/1645/1645 7473/1646/1646
f  7474/1273/1273 7475/1646/1646 7476/1274/1274
f  7477/1276/1276 7478/1275/1275 7479/1647/1647
f  7480/1276/1276 7481/1647/1647 7482/1648/1648
f  7483/1277/1277 7484/1649/1649 7485/1645/1645
f  7486/1277/1277 7487/1645/1645 7488/1273/1273
f  7489/1278/1278 7490/1276/1276 7491/1648/1648
f  7492/1278/1278 7493/1648/1648 7494/1650/1650
f  7495/1651/1651 7496/1277/1277 7497/1267/1267
f  7498/1651/1651 7499/1267/1267 7500/1265/1265
f  7501/1652/1652 7502/1266/1266 7503/1268/1268
f  7504/1652/1652 7505/1268/1268 7506/1278/1278
f  7507/1263/1263 7508/1261/1261 7509/1285/1285
f  7510/1263/1263 7511/1285/1285 7512/1653/1653
f  7513/1264/1264 7514/1654/1654 7515/1286/1286
f  7516/1264/1264 7517/1286/1286 7518/1262/1262
f  7519/1265/1265 7520/1263/1263 7521/1653/1653
f  7522/1265/1265 7523/1653/1653 7524/1651/1651
f  7525/1266/1266 7526/1652/1652 7527/1654/1654
f  7528/1266/1266 7529/1654/1654 7530/1264/1264
f  7531/802/802 7532/806/806 7533/1655/1655
f  7534/802/802 7535/1655/1655 7536/1656/1656
f  7537/803/803 7538/1657/1657 7539/1658/1658
f  7540/803/803 7541/1658/1658 7542/807/807
f  7543/1656/1656 7544/1655/1655 7545/1659/1659
f  7546/1656/1656 7547/1659/1659 7548/1660/1660
f  7549/1657/1657 7550/1661/1661 7551/1662/1662
f  7552/1657/1657 7553/1662/1662 7554/1658/1658
f  7555/1663/1663 7556/1660/1660 7557/1659/1659
f  7558/1663/1663 7559/1659/1659 7560/1664/1664
f  7561/1665/1665 7562/1666/1666 7563/1662/1662
f  7564/1665/1665 7565/1662/1662 7566/1661/1661
f  7567/1664/1664 7568/1667/1667 7569/1668/1668
f  7570/1664/1664 7571/1668/1668 7572/1663/1663
f  7573/1666/1666 7574/1665/1665 7575/1669/1669
f  7576/1666/1666 7577/1669/1669 7578/1670/1670
f  7579/1671/1671 7580/1668/1668 7581/1667/1667
f  7582/1671/1671 7583/1667/1667 7584/1672/1672
f  7585/1673/1673 7586/1674/1674 7587/1670/1670
f  7588/1673/1673 7589/1670/1670 7590/1669/1669
f  7591/1675/1675 7592/1676/1676 7593/1671/1671
f  7594/1675/1675 7595/1671/1671 7596/1672/1672
f  7597/1677/1677 7598/1674/1674 7599/1673/1673
f  7600/1677/1677 7601/1673/1673 7602/1678/1678
f  7603/1676/1676 7604/1675/1675 7605/1649/1649
f  7606/1676/1676 7607/1649/1649 7608/1277/1277
f  7609/1678/1678 7610/1278/1278 7611/1650/1650
f  7612/1678/1678 7613/1650/1650 7614/1677/1677
f  7615/1285/1285 7616/1515/1515 7617/1679/1679
f  7618/1285/1285 7619/1679/1679 7620/1653/1653
f  7621/1286/1286 7622/1654/1654 7623/1680/1680
f  7624/1286/1286 7625/1680/1680 7626/1516/1516
f  7627/1651/1651 7628/1653/1653 7629/1679/1679
f  7630/1651/1651 7631/1679/1679 7632/1681/1681
f  7633/1652/1652 7634/1682/1682 7635/1680/1680
f  7636/1652/1652 7637/1680/1680 7638/1654/1654
f  7639/1277/1277 7640/1651/1651 7641/1681/1681
f  7642/1277/1277 7643/1681/1681 7644/1676/1676
f  7645/1278/1278 7646/1678/1678 7647/1682/1682
f  7648/1278/1278 7649/1682/1682 7650/1652/1652
f  7651/945/945 7652/943/943 7653/1183/1183
f  7654/945/945 7655/1183/1183 7656/1683/1683
f  7657/946/946 7658/1684/1684 7659/1184/1184
f  7660/946/946 7661/1184/1184 7662/944/944
f  7663/945/945 7664/1683/1683 7665/1685/1685
f  7666/945/945 7667/1685/1685 7668/1511/1511
f  7669/946/946 7670/1512/1512 7671/1686/1686
f  7672/946/946 7673/1686/1686 7674/1684/1684
f  7675/1511/1511 7676/1685/1685 7677/1687/1687
f  7678/1511/1511 7679/1687/1687 7680/1513/1513
f  7681/1512/1512 7682/1514/1514 7683/1688/1688
f  7684/1512/1512 7685/1688/1688 7686/1686/1686
f  7687/1513/1513 7688/1687/1687 7689/1689/1689
f  7690/1513/1513 7691/1689/1689 7692/1515/1515
f  7693/1514/1514 7694/1516/1516 7695/1690/1690
f  7696/1514/1514 7697/1690/1690 7698/1688/1688
f  7699/1515/1515 7700/1689/1689 7701/1691/1691
f  7702/1515/1515 7703/1691/1691 7704/1679/1679
f  7705/1516/1516 7706/1680/1680 7707/1692/1692
f  7708/1516/1516 7709/1692/1692 7710/1690/1690
f  7711/1679/1679 7712/1691/1691 7713/1693/1693
f  7714/1679/1679 7715/1693/1693 7716/1681/1681
f  7717/1680/1680 7718/1682/1682 7719/1694/1694
f  7720/1680/1680 7721/1694/1694 7722/1692/1692
f  7723/1681/1681 7724/1693/1693 7725/1671/1671
f  7726/1681/1681 7727/1671/1671 7728/1676/1676
f  7729/1682/1682 7730/1678/1678 7731/1673/1673
f  7732/1682/1682 7733/1673/1673 7734/1694/1694
f  7735/1183/1183 7736/1181/1181 7737/1695/1695
f  7738/1183/1183 7739/1695/1695 7740/1683/1683
f  7741/1184/1184 7742/1684/1684 7743/1696/1696
f  7744/1184/1184 7745/1696/1696 7746/1182/1182
f  7747/1683/1683 7748/1695/1695 7749/1697/1697
f  7750/1683/1683 7751/1697/1697 7752/1685/1685
f  7753/1684/1684 7754/1686/1686 7755/1698/1698
f  7756/1684/1684 7757/1698/1698 7758/1696/1696
f  7759/1685/1685 7760/1697/1697 7761/1699/1699
f  7762/1685/1685 7763/1699/1699 7764/1687/1687
f  7765/1686/1686 7766/1688/1688 7767/1700/1700
f  7768/1686/1686 7769/1700/1700 7770/1698/1698
f  7771/1687/1687 7772/1699/1699 7773/1701/1701
f  7774/1687/1687 7775/1701/1701 7776/1689/1689
f  7777/1688/1688 7778/1690/1690 7779/1702/1702
f  7780/1688/1688 7781/1702/1702 7782/1700/1700
f  7783/1689/1689 7784/1701/1701 7785/1703/1703
f  7786/1689/1689 7787/1703/1703 7788/1691/1691
f  7789/1690/1690 7790/1692/1692 7791/1704/1704
f  7792/1690/1690 7793/1704/1704 7794/1702/1702
f  7795/1691/1691 7796/1703/1703 7797/1705/1705
f  7798/1691/1691 7799/1705/1705 7800/1693/1693
f  7801/1692/1692 7802/1694/1694 7803/1706/1706
f  7804/1692/1692 7805/1706/1706 7806/1704/1704
f  7807/1671/1671 7808/1693/1693 7809/1705/1705
f  7810/1671/1671 7811/1705/1705 7812/1668/1668
f  7813/1673/1673 7814/1669/1669 7815/1706/1706
f  7816/1673/1673 7817/1706/1706 7818/1694/1694
f  7819/1705/1705 7820/1707/1707 7821/1663/1663
f  7822/1705/1705 7823/1663/1663 7824/1668/1668
f  7825/1706/1706 7826/1669/1669 7827/1665/1665
f  7828/1706/1706 7829/1665/1665 7830/1708/1708
f  7831/1707/1707 7832/1709/1709 7833/1660/1660
f  7834/1707/1707 7835/1660/1660 7836/1663/1663
f  7837/1708/1708 7838/1665/1665 7839/1661/1661
f  7840/1708/1708 7841/1661/1661 7842/1710/1710
f  7843/1711/1711 7844/1656/1656 7845/1660/1660
f  7846/1711/1711 7847/1660/1660 7848/1709/1709
f  7849/1712/1712 7850/1710/1710 7851/1661/1661
f  7852/1712/1712 7853/1661/1661 7854/1657/1657
f  7855/802/802 7856/1656/1656 7857/1711/1711
f  7858/802/802 7859/1711/1711 7860/1713/1713
f  7861/803/803 7862/1714/1714 7863/1712/1712
f  7864/803/803 7865/1712/1712 7866/1657/1657
f  7867/1713/1713 7868/1715/1715 7869/798/798
f  7870/1713/1713 7871/798/798 7872/802/802
f  7873/1714/1714 7874/803/803 7875/799/799
f  7876/1714/1714 7877/799/799 7878/1716/1716
f  7879/599/599 7880/604/604 7881/798/798
f  7882/599/599 7883/798/798 7884/1715/1715
f  7885/601/601 7886/1716/1716 7887/799/799
f  7888/601/601 7889/799/799 7890/605/605
f  7891/1181/1181 7892/1179/1179 7893/1717/1717
f  7894/1181/1181 7895/1717/1717 7896/1695/1695
f  7897/1182/1182 7898/1696/1696 7899/1718/1718
f  7900/1182/1182 7901/1718/1718 7902/1180/1180
f  7903/1703/1703 7904/1719/1719 7905/1707/1707
f  7906/1703/1703 7907/1707/1707 7908/1705/1705
f  7909/1704/1704 7910/1706/1706 7911/1708/1708
f  7912/1704/1704 7913/1708/1708 7914/1720/1720
f  7915/1701/1701 7916/1721/1721 7917/1719/1719
f  7918/1701/1701 7919/1719/1719 7920/1703/1703
f  7921/1702/1702 7922/1704/1704 7923/1720/1720
f  7924/1702/1702 7925/1720/1720 7926/1722/1722
f  7927/1699/1699 7928/1723/1723 7929/1721/1721
f  7930/1699/1699 7931/1721/1721 7932/1701/1701
f  7933/1700/1700 7934/1702/1702 7935/1722/1722
f  7936/1700/1700 7937/1722/1722 7938/1724/1724
f  7939/1697/1697 7940/1725/1725 7941/1723/1723
f  7942/1697/1697 7943/1723/1723 7944/1699/1699
f  7945/1698/1698 7946/1700/1700 7947/1724/1724
f  7948/1698/1698 7949/1724/1724 7950/1726/1726
f  7951/1695/1695 7952/1717/1717 7953/1725/1725
f  7954/1695/1695 7955/1725/1725 7956/1697/1697
f  7957/1696/1696 7958/1698/1698 7959/1726/1726
f  7960/1696/1696 7961/1726/1726 7962/1718/1718
f  7963/1179/1179 7964/1177/1177 7965/1727/1727
f  7966/1179/1179 7967/1727/1727 7968/1717/1717
f  7969/1180/1180 7970/1718/1718 7971/1728/1728
f  7972/1180/1180 7973/1728/1728 7974/1178/1178
f  7975/599/599 7976/1727/1727 7977/1177/1177
f  7978/599/599 7979/1177/1177 7980/596/596
f  7981/601/601 7982/597/597 7983/1178/1178
f  7984/601/601 7985/1178/1178 7986/1728/1728
f  7987/1729/1729 7988/1727/1727 7989/599/599
f  7990/1729/1729 7991/599/599 7992/1715/1715
f  7993/1730/1730 7994/1716/1716 7995/601/601
f  7996/1730/1730 7997/601/601 7998/1728/1728
f  7999/1717/1717 8000/1727/1727 8001/1729/1729
f  8002/1717/1717 8003/1729/1729 8004/1725/1725
f  8005/1718/1718 8006/1726/1726 8007/1730/1730
f  8008/1718/1718 8009/1730/1730 8010/1728/1728
f  8011/1729/1729 8012/1715/1715 8013/1713/1713
f  8014/1729/1729 8015/1713/1713 8016/1731/1731
f  8017/1730/1730 8018/1732/1732 8019/1714/1714
f  8020/1730/1730 8021/1714/1714 8022/1716/1716
f  8023/1725/1725 8024/1729/1729 8025/1731/1731
f  8026/1725/1725 8027/1731/1731 8028/1723/1723
f  8029/1726/1726 8030/1724/1724 8031/1732/1732
f  8032/1726/1726 8033/1732/1732 8034/1730/1730
f  8035/1731/1731 8036/1713/1713 8037/1711/1711
f  8038/1731/1731 8039/1711/1711 8040/1733/1733
f  8041/1732/1732 8042/1734/1734 8043/1712/1712
f  8044/1732/1732 8045/1712/1712 8046/1714/1714
f  8047/1723/1723 8048/1731/1731 8049/1733/1733
f  8050/1723/1723 8051/1733/1733 8052/1721/1721
f  8053/1724/1724 8054/1722/1722 8055/1734/1734
f  8056/1724/1724 8057/1734/1734 8058/1732/1732
f  8059/1707/1707 8060/1719/1719 8061/1735/1735
f  8062/1707/1707 8063/1735/1735 8064/1709/1709
f  8065/1708/1708 8066/1710/1710 8067/1736/1736
f  8068/1708/1708 8069/1736/1736 8070/1720/1720
f  8071/1711/1711 8072/1709/1709 8073/1735/1735
f  8074/1711/1711 8075/1735/1735 8076/1733/1733
f  8077/1712/1712 8078/1734/1734 8079/1736/1736
f  8080/1712/1712 8081/1736/1736 8082/1710/1710
f  8083/1721/1721 8084/1733/1733 8085/1735/1735
f  8086/1721/1721 8087/1735/1735 8088/1719/1719
f  8089/1722/1722 8090/1720/1720 8091/1736/1736
f  8092/1722/1722 8093/1736/1736 8094/1734/1734
f  8095/1642/1642 8096/1635/1635 8097/1737/1737
f  8098/1642/1642 8099/1737/1737 8100/1738/1738
f  8101/1644/1644 8102/1739/1739 8103/1740/1740
f  8104/1644/1644 8105/1740/1740 8106/1639/1639
f  8107/1741/1741 8108/1742/1742 8109/1738/1738
f  8110/1741/1741 8111/1738/1738 8112/1737/1737
f  8113/1743/1743 8114/1740/1740 8115/1739/1739
f  8116/1743/1743 8117/1739/1739 8118/1744/1744
f  8119/1745/1745 8120/1737/1737 8121/1635/1635
f  8122/1745/1745 8123/1635/1635 8124/1634/1634
f  8125/1746/1746 8126/1640/1640 8127/1639/1639
f  8128/1746/1746 8129/1639/1639 8130/1740/1740
f  8131/1737/1737 8132/1745/1745 8133/1747/1747
f  8134/1737/1737 8135/1747/1747 8136/1741/1741
f  8137/1740/1740 8138/1743/1743 8139/1748/1748
f  8140/1740/1740 8141/1748/1748 8142/1746/1746
f  8143/1749/1749 8144/1625/1625 8145/1585/1585
f  8146/1749/1749 8147/1585/1585 8148/1589/1589
f  8149/1750/1750 8150/1591/1591 8151/1587/1587
f  8152/1750/1750 8153/1587/1587 8154/1628/1628
f  8155/1589/1589 8156/1594/1594 8157/1751/1751
f  8158/1589/1589 8159/1751/1751 8160/1749/1749
f  8161/1591/1591 8162/1750/1750 8163/1752/1752
f  8164/1591/1591 8165/1752/1752 8166/1595/1595
f  8167/1751/1751 8168/1594/1594 8169/1598/1598
f  8170/1751/1751 8171/1598/1598 8172/1753/1753
f  8173/1752/1752 8174/1754/1754 8175/1600/1600
f  8176/1752/1752 8177/1600/1600 8178/1595/1595
f  8179/1755/1755 8180/1742/1742 8181/1741/1741
f  8182/1755/1755 8183/1741/1741 8184/1756/1756
f  8185/1757/1757 8186/1758/1758 8187/1743/1743
f  8188/1757/1757 8189/1743/1743 8190/1744/1744
f  8191/1755/1755 8192/1756/1756 8193/1759/1759
f  8194/1755/1755 8195/1759/1759 8196/1760/1760
f  8197/1757/1757 8198/1761/1761 8199/1762/1762
f  8200/1757/1757 8201/1762/1762 8202/1758/1758
f  8203/1763/1763 8204/1764/1764 8205/1760/1760
f  8206/1763/1763 8207/1760/1760 8208/1759/1759
f  8209/1765/1765 8210/1762/1762 8211/1761/1761
f  8212/1765/1765 8213/1761/1761 8214/1766/1766
f  8215/1764/1764 8216/1763/1763 8217/1767/1767
f  8218/1764/1764 8219/1767/1767 8220/1768/1768
f  8221/1766/1766 8222/1769/1769 8223/1770/1770
f  8224/1766/1766 8225/1770/1770 8226/1765/1765
f  8227/1747/1747 8228/1771/1771 8229/1756/1756
f  8230/1747/1747 8231/1756/1756 8232/1741/1741
f  8233/1748/1748 8234/1743/1743 8235/1758/1758
f  8236/1748/1748 8237/1758/1758 8238/1772/1772
f  8239/1759/1759 8240/1756/1756 8241/1771/1771
f  8242/1759/1759 8243/1771/1771 8244/1773/1773
f  8245/1762/1762 8246/1774/1774 8247/1772/1772
f  8248/1762/1762 8249/1772/1772 8250/1758/1758
f  8251/1759/1759 8252/1773/1773 8253/1775/1775
f  8254/1759/1759 8255/1775/1775 8256/1763/1763
f  8257/1762/1762 8258/1765/1765 8259/1776/1776
f  8260/1762/1762 8261/1776/1776 8262/1774/1774
f  8263/1763/1763 8264/1775/1775 8265/1777/1777
f  8266/1763/1763 8267/1777/1777 8268/1767/1767
f  8269/1765/1765 8270/1770/1770 8271/1778/1778
f  8272/1765/1765 8273/1778/1778 8274/1776/1776
f  8275/1779/1779 8276/1780/1780 8277/1781/1781
f  8278/1779/1779 8279/1781/1781 8280/1782/1782
f  8281/1783/1783 8282/1784/1784 8283/1785/1785
f  8284/1783/1783 8285/1785/1785 8286/1786/1786
f  8287/1782/1782 8288/1781/1781 8289/1787/1787
f  8290/1782/1782 8291/1787/1787 8292/1788/1788
f  8293/1784/1784 8294/1789/1789 8295/1790/1790
f  8296/1784/1784 8297/1790/1790 8298/1785/1785
f  8299/1791/1791 8300/1792/1792 8301/1788/1788
f  8302/1791/1791 8303/1788/1788 8304/1787/1787
f  8305/1793/1793 8306/1790/1790 8307/1789/1789
f  8308/1793/1793 8309/1789/1789 8310/1794/1794
f  8311/1795/1795 8312/1792/1792 8313/1791/1791
f  8314/1795/1795 8315/1791/1791 8316/1796/1796
f  8317/1797/1797 8318/1798/1798 8319/1793/1793
f  8320/1797/1797 8321/1793/1793 8322/1794/1794
f  8323/1799/1799 8324/1800/1800 8325/1795/1795
f  8326/1799/1799 8327/1795/1795 8328/1796/1796
f  8329/1801/1801 8330/1798/1798 8331/1797/1797
f  8332/1801/1801 8333/1797/1797 8334/1802/1802
f  8335/1803/1803 8336/1804/1804 8337/1800/1800
f  8338/1803/1803 8339/1800/1800 8340/1799/1799
f  8341/1805/1805 8342/1801/1801 8343/1802/1802
f  8344/1805/1805 8345/1802/1802 8346/1806/1806
f  8347/1803/1803 8348/1807/1807 8349/1808/1808
f  8350/1803/1803 8351/1808/1808 8352/1804/1804
f  8353/1805/1805 8354/1806/1806 8355/1809/1809
f  8356/1805/1805 8357/1809/1809 8358/1810/1810
f  8359/1629/1629 8360/1811/1811 8361/1808/1808
f  8362/1629/1629 8363/1808/1808 8364/1807/1807
f  8365/1632/1632 8366/1810/1810 8367/1809/1809
f  8368/1632/1632 8369/1809/1809 8370/1812/1812
f  8371/1749/1749 8372/1811/1811 8373/1629/1629
f  8374/1749/1749 8375/1629/1629 8376/1625/1625
f  8377/1750/1750 8378/1628/1628 8379/1632/1632
f  8380/1750/1750 8381/1632/1632 8382/1812/1812
f  8383/1751/1751 8384/1753/1753 8385/1813/1813
f  8386/1751/1751 8387/1813/1813 8388/1814/1814
f  8389/1752/1752 8390/1815/1815 8391/1816/1816
f  8392/1752/1752 8393/1816/1816 8394/1754/1754
f  8395/1817/1817 8396/1779/1779 8397/1782/1782
f  8398/1817/1817 8399/1782/1782 8400/1818/1818
f  8401/1819/1819 8402/1820/1820 8403/1784/1784
f  8404/1819/1819 8405/1784/1784 8406/1783/1783
f  8407/1821/1821 8408/1817/1817 8409/1818/1818
f  8410/1821/1821 8411/1818/1818 8412/1822/1822
f  8413/1823/1823 8414/1824/1824 8415/1820/1820
f  8416/1823/1823 8417/1820/1820 8418/1819/1819
f  8419/1825/1825 8420/1826/1826 8421/1821/1821
f  8422/1825/1825 8423/1821/1821 8424/1822/1822
f  8425/1827/1827 8426/1824/1824 8427/1823/1823
f  8428/1827/1827 8429/1823/1823 8430/1828/1828
f  8431/1813/1813 8432/1826/1826 8433/1825/1825
f  8434/1813/1813 8435/1825/1825 8436/1814/1814
f  8437/1816/1816 8438/1815/1815 8439/1827/1827
f  8440/1816/1816 8441/1827/1827 8442/1828/1828
f  8443/1646/1646 8444/1647/1647 8445/1275/1275
f  8446/1646/1646 8447/1275/1275 8448/1274/1274
f  8449/1642/1642 8450/1644/1644 8451/1643/1643
f  8452/1642/1642 8453/1643/1643 8454/1641/1641
f  8455/1738/1738 8456/1739/1739 8457/1644/1644
f  8458/1738/1738 8459/1644/1644 8460/1642/1642
f  8461/1739/1739 8462/1738/1738 8463/1742/1742
f  8464/1739/1739 8465/1742/1742 8466/1744/1744
f  8467/1744/1744 8468/1742/1742 8469/1755/1755
f  8470/1744/1744 8471/1755/1755 8472/1757/1757
f  8473/1760/1760 8474/1761/1761 8475/1757/1757
f  8476/1760/1760 8477/1757/1757 8478/1755/1755
f  8479/1761/1761 8480/1760/1760 8481/1764/1764
f  8482/1761/1761 8483/1764/1764 8484/1766/1766
f  8485/1766/1766 8486/1764/1764 8487/1768/1768
f  8488/1766/1766 8489/1768/1768 8490/1769/1769
f  8491/1786/1786 8492/1780/1780 8493/1779/1779
f  8494/1786/1786 8495/1779/1779 8496/1783/1783
f  8497/1817/1817 8498/1819/1819 8499/1783/1783
f  8500/1817/1817 8501/1783/1783 8502/1779/1779
f  8503/1821/1821 8504/1823/1823 8505/1819/1819
f  8506/1821/1821 8507/1819/1819 8508/1817/1817
f  8509/1826/1826 8510/1828/1828 8511/1823/1823
f  8512/1826/1826 8513/1823/1823 8514/1821/1821
f  8515/1813/1813 8516/1816/1816 8517/1828/1828
f  8518/1813/1813 8519/1828/1828 8520/1826/1826
f  8521/1753/1753 8522/1754/1754 8523/1816/1816
f  8524/1753/1753 8525/1816/1816 8526/1813/1813
f  8527/1598/1598 8528/1600/1600 8529/1754/1754
f  8530/1598/1598 8531/1754/1754 8532/1753/1753
f  8533/1829/1829 8534/1808/1808 8535/1811/1811
f  8536/1829/1829 8537/1811/1811 8538/1749/1749
f  8539/1830/1830 8540/1750/1750 8541/1812/1812
f  8542/1830/1830 8543/1812/1812 8544/1809/1809
f  8545/1749/1749 8546/1751/1751 8547/1814/1814
f  8548/1749/1749 8549/1814/1814 8550/1829/1829
f  8551/1750/1750 8552/1830/1830 8553/1815/1815
f  8554/1750/1750 8555/1815/1815 8556/1752/1752
f  8557/1814/1814 8558/1825/1825 8559/1831/1831
f  8560/1814/1814 8561/1831/1831 8562/1829/1829
f  8563/1815/1815 8564/1830/1830 8565/1832/1832
f  8566/1815/1815 8567/1832/1832 8568/1827/1827
f  8569/1808/1808 8570/1829/1829 8571/1831/1831
f  8572/1808/1808 8573/1831/1831 8574/1804/1804
f  8575/1809/1809 8576/1806/1806 8577/1832/1832
f  8578/1809/1809 8579/1832/1832 8580/1830/1830
f  8581/1831/1831 8582/1833/1833 8583/1800/1800
f  8584/1831/1831 8585/1800/1800 8586/1804/1804
f  8587/1832/1832 8588/1806/1806 8589/1802/1802
f  8590/1832/1832 8591/1802/1802 8592/1834/1834
f  8593/1825/1825 8594/1822/1822 8595/1833/1833
f  8596/1825/1825 8597/1833/1833 8598/1831/1831
f  8599/1827/1827 8600/1832/1832 8601/1834/1834
f  8602/1827/1827 8603/1834/1834 8604/1824/1824
f  8605/1822/1822 8606/1818/1818 8607/1835/1835
f  8608/1822/1822 8609/1835/1835 8610/1833/1833
f  8611/1824/1824 8612/1834/1834 8613/1836/1836
f  8614/1824/1824 8615/1836/1836 8616/1820/1820
f  8617/1833/1833 8618/1835/1835 8619/1795/1795
f  8620/1833/1833 8621/1795/1795 8622/1800/1800
f  8623/1834/1834 8624/1802/1802 8625/1797/1797
f  8626/1834/1834 8627/1797/1797 8628/1836/1836
f  8629/1835/1835 8630/1788/1788 8631/1792/1792
f  8632/1835/1835 8633/1792/1792 8634/1795/1795
f  8635/1836/1836 8636/1797/1797 8637/1794/1794
f  8638/1836/1836 8639/1794/1794 8640/1789/1789
f  8641/1818/1818 8642/1782/1782 8643/1788/1788
f  8644/1818/1818 8645/1788/1788 8646/1835/1835
f  8647/1820/1820 8648/1836/1836 8649/1789/1789
f  8650/1820/1820 8651/1789/1789 8652/1784/1784
f  8653/1837/1837 8654/1/1 8655/3/3
f  8656/1837/1837 8657/3/3 8658/1838/1838
f  8659/1838/1838 8660/3/3 8661/4/4
f  8662/1838/1838 8663/4/4 8664/1839/1839
f  8665/1840/1840 8666/1839/1839 8667/4/4
f  8668/1840/1840 8669/4/4 8670/5/5
f  8671/1841/1841 8672/1840/1840 8673/5/5
f  8674/1841/1841 8675/5/5 8676/6/6
f  8677/1842/1842 8678/1841/1841 8679/6/6
f  8680/1842/1842 8681/6/6 8682/7/7
f  8683/1842/1842 8684/7/7 8685/8/8
f  8686/1842/1842 8687/8/8 8688/1843/1843
f  8689/1843/1843 8690/8/8 8691/9/9
f  8692/1843/1843 8693/9/9 8694/1844/1844
f  8695/1845/1845 8696/1844/1844 8697/9/9
f  8698/1845/1845 8699/9/9 8700/10/10
f  8701/1845/1845 8702/10/10 8703/11/11
f  8704/1845/1845 8705/11/11 8706/1846/1846
f  8707/1846/1846 8708/11/11 8709/12/12
f  8710/1846/1846 8711/12/12 8712/1847/1847
f  8713/1848/1848 8714/1847/1847 8715/12/12
f  8716/1848/1848 8717/12/12 8718/13/13
f  8719/1849/1849 8720/1848/1848 8721/13/13
f  8722/1849/1849 8723/13/13 8724/14/14
f  8725/1849/1849 8726/14/14 8727/15/15
f  8728/1849/1849 8729/15/15 8730/1850/1850
f  8731/1850/1850 8732/15/15 8733/16/16
f  8734/1850/1850 8735/16/16 8736/1851/1851
f  8737/1851/1851 8738/16/16 8739/17/17
f  8740/1851/1851 8741/17/17 8742/1852/1852
f  8743/1837/1837 8744/1852/1852 8745/17/17
f  8746/1837/1837 8747/17/17 8748/1/1
f  8749/1853/1853 8750/1854/1854 8751/1837/1837
f  8752/1853/1853 8753/1837/1837 8754/1838/1838
f  8755/1855/1855 8756/1853/1853 8757/1838/1838
f  8758/1855/1855 8759/1838/1838 8760/1839/1839
f  8761/1855/1855 8762/1839/1839 8763/1840/1840
f  8764/1855/1855 8765/1840/1840 8766/1856/1856
f  8767/1857/1857 8768/1856/1856 8769/1840/1840
f  8770/1857/1857 8771/1840/1840 8772/1841/1841
f  8773/1857/1857 8774/1841/1841 8775/1842/1842
f  8776/1857/1857 8777/1842/1842 8778/1858/1858
f  8779/1859/1859 8780/1858/1858 8781/1842/1842
f  8782/1859/1859 8783/1842/1842 8784/1843/1843
f  8785/1859/1859 8786/1843/1843 8787/1844/1844
f  8788/1859/1859 8789/1844/1844 8790/1860/1860
f  8791/1860/1860 8792/1844/1844 8793/1845/1845
f  8794/1860/1860 8795/1845/1845 8796/1861/1861
f  8797/1862/1862 8798/1861/1861 8799/1845/1845
f  8800/1862/1862 8801/1845/1845 8802/1846/1846
f  8803/1863/1863 8804/1862/1862 8805/1846/1846
f  8806/1863/1863 8807/1846/1846 8808/1847/1847
f  8809/1863/1863 8810/1847/1847 8811/1848/1848
f  8812/1863/1863 8813/1848/1848 8814/1864/1864
f  8815/1864/1864 8816/1848/1848 8817/1849/1849
f  8818/1864/1864 8819/1849/1849 8820/1865/1865
f  8821/1866/1866 8822/1865/1865 8823/1849/1849
f  8824/1866/1866 8825/1849/1849 8826/1850/1850
f  8827/1866/1866 8828/1850/1850 8829/1851/1851
f  8830/1866/1866 8831/1851/1851 8832/1867/1867
f  8833/1867/1867 8834/1851/1851 8835/1852/1852
f  8836/1867/1867 8837/1852/1852 8838/1868/1868
f  8839/1868/1868 8840/1852/1852 8841/1837/1837
f  8842/1868/1868 8843/1837/1837 8844/1854/1854
f  8845/1869/1869 8846/1870/1870 8847/1854/1854
f  8848/1869/1869 8849/1854/1854 8850/1853/1853
f  8851/1869/1869 8852/1853/1853 8853/1855/1855
f  8854/1869/1869 8855/1855/1855 8856/1871/1871
f  8857/1871/1871 8858/1855/1855 8859/1856/1856
f  8860/1871/1871 8861/1856/1856 8862/1872/1872
f  8863/1872/1872 8864/1856/1856 8865/1857/1857
f  8866/1872/1872 8867/1857/1857 8868/1873/1873
f  8869/1874/1874 8870/1873/1873 8871/1857/1857
f  8872/1874/1874 8873/1857/1857 8874/1858/1858
f  8875/1874/1874 8876/1858/1858 8877/1859/1859
f  8878/1874/1874 8879/1859/1859 8880/1875/1875
f  8881/1876/1876 8882/1875/1875 8883/1859/1859
f  8884/1876/1876 8885/1859/1859 8886/1860/1860
f  8887/1876/1876 8888/1860/1860 8889/1861/1861
f  8890/1876/1876 8891/1861/1861 8892/1877/1877
f  8893/1878/1878 8894/1877/1877 8895/1861/1861
f  8896/1878/1878 8897/1861/1861 8898/1862/1862
f  8899/1879/1879 8900/1878/1878 8901/1862/1862
f  8902/1879/1879 8903/1862/1862 8904/1863/1863
f  8905/1879/1879 8906/1863/1863 8907/1864/1864
f  8908/1879/1879 8909/1864/1864 8910/1880/1880
f  8911/1881/1881 8912/1880/1880 8913/1864/1864
f  8914/1881/1881 8915/1864/1864 8916/1865/1865
f  8917/1881/1881 8918/1865/1865 8919/1866/1866
f  8920/1881/1881 8921/1866/1866 8922/1882/1882
f  8923/1883/1883 8924/1882/1882 8925/1866/1866
f  8926/1883/1883 8927/1866/1866 8928/1867/1867
f  8929/1884/1884 8930/1883/1883 8931/1867/1867
f  8932/1884/1884 8933/1867/1867 8934/1868/1868
f  8935/1884/1884 8936/1868/1868 8937/1854/1854
f  8938/1884/1884 8939/1854/1854 8940/1870/1870
f  8941/1885/1885 8942/1886/1885 8943/1887/1885
f  8944/1885/1886 8945/1887/1886 8946/1888/1886
f  8947/1889/1887 8948/1890/1887 8949/1886/1887
f  8950/1889/1888 8951/1886/1888 8952/1885/1888
f  8953/1891/1889 8954/1892/1889 8955/1890/1889
f  8956/1891/1890 8957/1890/1890 8958/1889/1890
f  8959/1891/1891 8960/1893/1891 8961/1894/1891
f  8962/1891/1892 8963/1894/1892 8964/1892/1892
f  8965/1894/1893 8966/1893/1893 8967/1895/1893
f  8968/1894/1890 8969/1895/1890 8970/1896/1890
f  8971/1896/1894 8972/1895/1894 8973/1897/1894
f  8974/1896/1895 8975/1897/1895 8976/1898/1895
f  8977/1898/1896 8978/1897/1896 8979/1899/1896
f  8980/1898/1897 8981/1899/1897 8982/1900/1897
f  8983/1901/1898 8984/1902/1899 8985/19/19
f  8986/1901/1898 8987/19/19 8988/18/18
f  8989/1902/1899 8990/1903/1900 8991/21/21
f  8992/1902/1899 8993/21/21 8994/19/19
f  8995/1904/1901 8996/22/22 8997/21/21
f  8998/1904/1901 8999/21/21 9000/1903/1900
f  9001/1905/1902 9002/23/23 9003/22/22
f  9004/1905/1902 9005/22/22 9006/1904/1901
f  9007/1906/1903 9008/24/24 9009/23/23
f  9010/1906/1903 9011/23/23 9012/1905/1902
f  9013/1906/1903 9014/1907/1904 9015/25/25
f  9016/1906/1903 9017/25/25 9018/24/24
f  9019/1907/1904 9020/1908/1905 9021/26/26
f  9022/1907/1904 9023/26/26 9024/25/25
f  9025/1909/1906 9026/27/27 9027/26/26
f  9028/1909/1906 9029/26/26 9030/1908/1905
f  9031/1909/1906 9032/1910/1907 9033/28/28
f  9034/1909/1906 9035/28/28 9036/27/27
f  9037/1910/1907 9038/1911/1908 9039/29/29
f  9040/1910/1907 9041/29/29 9042/28/28
f  9043/1912/1909 9044/30/30 9045/29/29
f  9046/1912/1909 9047/29/29 9048/1911/1908
f  9049/1913/1910 9050/31/31 9051/30/30
f  9052/1913/1910 9053/30/30 9054/1912/1909
f  9055/1913/1910 9056/1914/1911 9057/32/32
f  9058/1913/1910 9059/32/32 9060/31/31
f  9061/1914/1911 9062/1915/1912 9063/33/33
f  9064/1914/1911 9065/33/33 9066/32/32
f  9067/1915/1912 9068/1916/1913 9069/34/34
f  9070/1915/1912 9071/34/34 9072/33/33
f  9073/1901/1898 9074/18/18 9075/34/34
f  9076/1901/1898 9077/34/34 9078/1916/1913
f  9079/1917/1914 9080/1902/1899 9081/1901/1898
f  9082/1917/1914 9083/1901/1898 9084/1918/1915
f  9085/1919/1916 9086/1903/1900 9087/1902/1899
f  9088/1919/1916 9089/1902/1899 9090/1917/1914
f  9091/1919/1916 9092/1920/1917 9093/1904/1901
f  9094/1919/1916 9095/1904/1901 9096/1903/1900
f  9097/1921/1918 9098/1905/1902 9099/1904/1901
f  9100/1921/1918 9101/1904/1901 9102/1920/1917
f  9103/1921/1918 9104/1922/1919 9105/1906/1903
f  9106/1921/1918 9107/1906/1903 9108/1905/1902
f  9109/1923/1920 9110/1907/1904 9111/1906/1903
f  9112/1923/1920 9113/1906/1903 9114/1922/1919
f  9115/1923/1920 9116/1924/1921 9117/1908/1905
f  9118/1923/1920 9119/1908/1905 9120/1907/1904
f  9121/1924/1921 9122/1925/1922 9123/1909/1906
f  9124/1924/1921 9125/1909/1906 9126/1908/1905
f  9127/1926/1923 9128/1910/1907 9129/1909/1906
f  9130/1926/1923 9131/1909/1906 9132/1925/1922
f  9133/1927/1924 9134/1911/1908 9135/1910/1907
f  9136/1927/1924 9137/1910/1907 9138/1926/1923
f  9139/1927/1924 9140/1928/1925 9141/1912/1909
f  9142/1927/1924 9143/1912/1909 9144/1911/1908
f  9145/1928/1925 9146/1929/1926 9147/1913/1910
f  9148/1928/1925 9149/1913/1910 9150/1912/1909
f  9151/1930/1927 9152/1914/1911 9153/1913/1910
f  9154/1930/1927 9155/1913/1910 9156/1929/1926
f  9157/1930/1927 9158/1931/1928 9159/1915/1912
f  9160/1930/1927 9161/1915/1912 9162/1914/1911
f  9163/1931/1928 9164/1932/1929 9165/1916/1913
f  9166/1931/1928 9167/1916/1913 9168/1915/1912
f  9169/1932/1929 9170/1918/1915 9171/1901/1898
f  9172/1932/1929 9173/1901/1898 9174/1916/1913
f  9175/1933/1930 9176/1917/1914 9177/1918/1915
f  9178/1933/1930 9179/1918/1915 9180/1934/1931
f  9181/1933/1930 9182/1935/1932 9183/1919/1916
f  9184/1933/1930 9185/1919/1916 9186/1917/1914
f  9187/1935/1932 9188/1936/1933 9189/1920/1917
f  9190/1935/1932 9191/1920/1917 9192/1919/1916
f  9193/1936/1933 9194/1937/1934 9195/1921/1918
f  9196/1936/1933 9197/1921/1918 9198/1920/1917
f  9199/1938/1935 9200/1922/1919 9201/1921/1918
f  9202/1938/1935 9203/1921/1918 9204/1937/1934
f  9205/1938/1935 9206/1939/1936 9207/1923/1920
f  9208/1938/1935 9209/1923/1920 9210/1922/1919
f  9211/1940/1937 9212/1924/1921 9213/1923/1920
f  9214/1940/1937 9215/1923/1920 9216/1939/1936
f  9217/1940/1937 9218/1941/1938 9219/1925/1922
f  9220/1940/1937 9221/1925/1922 9222/1924/1921
f  9223/1942/1939 9224/1926/1923 9225/1925/1922
f  9226/1942/1939 9227/1925/1922 9228/1941/1938
f  9229/1943/1940 9230/1927/1924 9231/1926/1923
f  9232/1943/1940 9233/1926/1923 9234/1942/1939
f  9235/1943/1940 9236/1944/1941 9237/1928/1925
f  9238/1943/1940 9239/1928/1925 9240/1927/1924
f  9241/1945/1942 9242/1929/1926 9243/1928/1925
f  9244/1945/1942 9245/1928/1925 9246/1944/1941
f  9247/1945/1942 9248/1946/1943 9249/1930/1927
f  9250/1945/1942 9251/1930/1927 9252/1929/1926
f  9253/1947/1944 9254/1931/1928 9255/1930/1927
f  9256/1947/1944 9257/1930/1927 9258/1946/1943
f  9259/1948/1945 9260/1932/1929 9261/1931/1928
f  9262/1948/1945 9263/1931/1928 9264/1947/1944
f  9265/1948/1945 9266/1934/1931 9267/1918/1915
f  9268/1948/1945 9269/1918/1915 9270/1932/1929
f  9271/1949/1946 9272/1950/1946 9273/1951/1946
f  9274/1949/1947 9275/1951/1947 9276/1952/1947
f  9277/1953/1948 9278/1949/1948 9279/1952/1948
f  9280/1953/1949 9281/1952/1949 9282/1954/1949
f  9283/1955/1950 9284/1953/1950 9285/1954/1950
f  9286/1955/1951 9287/1954/1951 9288/1956/1951
f  9289/1955/1952 9290/1956/1952 9291/1957/1952
f  9292/1955/1953 9293/1957/1953 9294/1958/1953
f  9295/1957/1950 9296/1959/1950 9297/1960/1950
f  9298/1957/1954 9299/1960/1954 9300/1958/1954
f  9301/1959/1955 9302/1961/1955 9303/1962/1955
f  9304/1959/1956 9305/1962/1956 9306/1960/1956
f  9307/1961/1957 9308/1963/1957 9309/1964/1957
f  9310/1961/1958 9311/1964/1958 9312/1962/1958

